# locale=zh	language=Simplified Chinese	source=D:\soft\Steam\steamapps\common\Crimson Desert\Save Editor\locale\names_zh.json
# item_key	category	current_language_name	english_name	internal_name	slotType	inventoryCategory
1	Currency	铜币	Silver	Money_Copper	65535	2
2	Currency	珍珠	Pearl	Money_Pearl	65535	2
11	Currency	营地资金	Camp Funds	Money_Camp_Money	65535	2
12	Currency	营地口粮	Camp Food	Money_Camp_Food	65535	2
13	Currency	营地木材	Camp Timber	Money_Camp_Wood	65535	2
14	Currency	营地石材	Camp Stone	Money_Camp_Stone	65535	2
15	Currency	营地兵器	Camp Weapons	Money_Camp_Weapon	65535	2
53	Currency	金块	Gold Bar	GoldBar	65535	2
101	Currency	铜币口袋	Modest Copper Pouch	Copper_Pack	65535	2
102	Currency	沉甸甸的铜币口袋	Full Copper Pouch	Heavy_Copper_Pack	65535	2
103	Currency	较轻的铜币口袋	Light Copper Pouch	Small_Copper_Pack	65535	2
104	Currency	沉甸甸的银币口袋	Full Silver Pouch	Silver_Pack	65535	2
105	Currency	快要撑破的银币袋	Overflowing Silver Pouch	Heavy_Silver_Pack	65535	2
2200	Ammo	片箭	Stub Arrow	Pyeonjeon_Arrow	65535	2
4334	Quest	破损的比吉奥内	Broken Visione	Quest_BrokenVisionPro_Bremer	4	1
4335	Quest	破损的比吉奥内	Broken Visione	Quest_BrokenVisionPro_Ibano	4	1
4336	Quest	破损的比吉奥内	Broken Visione	Quest_BrokenVisionPro_ThiefCave	4	1
4344	Quest	破损的比吉奥内	Broken Visione	Quest_BrokenVisionPro_Witch_Kidnapped_Memory	4	1
4377	Quest	破损的比吉奥内	Broken Visione	Quest_BrokenVisionPro_MasterGrundir_Diary	4	1
6000	Misc	包扩展工具	Inventory Expansion Tool	Inventory_Expansion_30	65535	2
6001	Misc	小型背包	Small Bag	Inventory_Expansion_1	65535	2
6002	Misc	中型背包	Medium Bag	Inventory_Expansion_2	65535	2
6003	Misc	特大型背包	Extra Large Bag	Inventory_Expansion_4	65535	2
6005	Misc	大型背包	Large Bag	Inventory_Expansion_3	65535	2
8501	Ring	白角戒指	White Horn's Ring	AbyssReward_WhiteHorn_Ring	10	1
8502	Ring	闪电戒指	Ring of Lightning	Legendary_Titan_Ring	10	1
8504	Earring	黑暗魔力耳环	Earring of Dark Magic	Legendary_HexeMarie_Earring	8	1
8505	Necklace	食人魔的戒指	Ogre's Ring	Legendary_Ogre_Ring	9	1
8506	Ring	女巫的戒指	Witch's Ring	AbyssReward_EastWitch_Ring	10	1
8509	Earring	花瓣耳环	Flower Petal Earring	Folorin_Earring	8	1
8700	ChestArmor	绯红追击者锁链盔甲	Crimson Chaser Mail	Redsentinel_ChainMail_Armor	5	1
8801	Necklace	暴雪凝晶项链	Blizzard Crystal Necklace	Crafting_Blizzard_Necklace	9	1
9102	ChestArmor	埃尔南德仪仗队盔甲	Hernandian Honor Guard Armor	Hernand_GuardCaptain_Fabric_Armor	5	1
9103	ChestArmor	塔里布布制衣服	Tariv Cloth Attire	Tarif_Fabric_Armor	5	1
9201	Boots	塔里布布制鞋子	Tariv Cloth Boots	Tarif_Fabric_Boots	7	1
9302	Gloves	塔里布布制手套	Tariv Cloth Gloves	Tarif_Fabric_Gloves	6	1
9400	Helmet	贝奥内克布制头盔	Beoneck Cloth Cap	Beoneck_Fabric_Helm	4	1
9401	Helmet	炽热苍穹布制头盔	Skyblazer Cloth Helm	Scalaphynion_Fabric_Helm	4	1
9402	Helmet	哈尔修斯祭司帽	St. Halssius Priest's Hat	Volcker_Fabric_Helm	4	1
9501	OneHandWeapon	马罗尼战车手炮	Marni Tank Blaster	Legendary_MarniTank_OneHandCannon	37	1
9502	OneHandWeapon	机械发条手持火炮	Mechanical Clockwork Blaster	Legendary_MarniDragon_OneHandCannon	37	1
9507	OneHandWeapon	手炮8号	Blaster No. 8	Legendary_Marni_OneHandCannon	37	1
9508	OneHandWeapon	飞龙手炮	Wyvern Blaster	DragonSlayerLeader_OneHandCannon	37	1
10026	Tool	提灯	Lantern	Lantern	55	1
10033	Food	蜂蜜	Honey	Honey	65535	2
10043	Tool	闪闪发光的蔚蓝大海提灯	Shiny Blue Sea Lantern	Light_Of_Giant_Lantern	55	1
10044	Tool	苏拉伍德提灯	Shroud Lantern	Gold_Plating_Lantern	55	1
10045	Tool	华丽烟花图案提灯	Fancy Flame-Patterned Lantern	DeerKing_Lantern	55	1
10046	Tool	黑雾提灯	Dark Fog Lantern	RedNose_Lantern	55	1
10047	Tool	烟花提灯	Flame Lantern	Mjordin_Lantern	55	1
11001	Tool	鱼竿	Fishing Rod	FishingRod	99	1
12204	ChestArmor	梅多克斯皮制盔甲	Maydocs Leather Armor	Maydocs_Leather_Armor_I	5	1
12205	ChestArmor	比尔达因皮制盔甲	Vildyne Leather Armor	Bildain_Leather_Armor_I	5	1
12206	ChestArmor	阿多拉特皮制盔甲	Adoratt Leather Armor	Ardoratte_Leather_Armor_I	5	1
12207	ChestArmor	科尔比尔皮制盔甲	Colbill Leather Armor	Colbill_Leather_Armor_I	5	1
12208	ChestArmor	科比皮制盔甲	Coby Leather Armor	Coby_Leather_Armor_I	5	1
12209	ChestArmor	谢尔本皮制盔甲	Sherborn Leather Armor	Sherborn_Leather_Armor_I	5	1
12217	ChestArmor	饥饿獠牙皮制盔甲	Hungering Fang Leather Armor	Ludvic_Leather_Armor	5	1
12218	ChestArmor	黑布林皮制盔甲	Helfryn Leather Armor	Hailbrin_Leather_Armor	5	1
12219	ChestArmor	黄鼠狼皮制盔甲	Weasel Leather Armor	Weasel_Leather_Armor	5	1
12303	Boots	沾满泥土的萨兰托斯皮制鞋子	Dirty Sarantos Leather Boots	Sarantos_Leather_Boots_I	7	1
12304	Boots	大型雷吉斯皮制鞋子	Large Rhegis Leather Boots	ReiGhis_Leather_Boots_I	7	1
12306	Boots	饥饿獠牙皮制鞋子	Hungering Fang Leather Boots	Ludvic_Leather_Boots	7	1
12307	Boots	卡尔塔板金鞋子	Carta Plate Boots	Carta_Plated_Boots	7	1
12308	Boots	埃尔南德仪仗队鞋子	Hernandian Honor Guard Boots	Hernand_GuardCaptain_Leather_Boots	7	1
12309	Boots	黄鼠狼皮制鞋子	Weasel Leather Boots	Weasel_Leather_Boots	7	1
12310	Boots	斯科拉斯敦学者服鞋子	Scholastone Boots	Huroi_Leather_Boots	7	1
12311	Boots	埃尔南德宴会服皮制鞋子	Hernandian Banquet Leather Boots	Hernand_Party_Leather_Boots	7	1
12312	Boots	养蜂鞋	Beekeeping Boots	Optionary_Beekeeping_Leather_Boots	7	1
12403	Gloves	红色骑手皮制手套	Red Rider's Leather Gloves	Redleader_Leather_Gloves	6	1
12404	Gloves	大型帕维斯皮制手套	Large Pavis Leather Gloves	Tesslit_Leather_Gloves_I	6	1
12406	Gloves	黑翼皮制手套	Blackwing Leather Gloves	Douglas_Leather_Gloves	6	1
12407	Gloves	炽热苍穹的皮制手套	Skyblazer Leather Gloves	Scalaphynion_Leather_Gloves	6	1
12408	Gloves	饥饿獠牙皮制手套	Hungering Fang Leather Gloves	Ludvic_Leather_Gloves	6	1
12409	Gloves	埃尔南德仪仗队手套	Hernandian Honor Guard Gloves	Hernand_GuardCaptain_Leather_Gloves	6	1
12410	Gloves	黑布林皮制手套	Helfryn Leather Gloves	Hailbrin_Leather_Gloves	6	1
12411	Gloves	黄鼠狼皮制手套	Weasel Leather Gloves	Weasel_Leather_Gloves	6	1
12412	Gloves	卡尔塔皮制手套	Carta Leather Gloves	Carta_Leather_Gloves	6	1
12413	Gloves	养蜂手套	Beekeeping Gloves	Optionary_Beekeeping_Leather_Gloves	6	1
12414	Gloves	博尔因皮制手套	Bollin Leather Gloves	Volruin_Leather_Gloves	6	1
12506	Helmet	银牙头盔	Silver Fang Helm	Legendary_WhiteWolf_Leather_Helm	4	1
12600	OneHandWeapon	贪婪之双刃斧	Double-Headed Axe of Greed	Legendary_CaptainGoblin_OneHandAxe	16	1
12701	Bow	神音残响弓箭	Divine Echoes Bow	AbyssReward_HolyEcho_OneHandBow	3	1
12702	Bow	君子之弓	Noble Man's Bow	Legendary_Korea_OneHandBow	3	1
12900	OneHandWeapon	哥布林王的宝贵匕首	Goblin King's Treasure Dagger	Legendary_Shakatu_OneHandDagger	14	1
13200	OneHandWeapon	虚无者之锤	Mace of the Fleeting	Hexe_Soldier_OneHandMace	19	1
13201	OneHandWeapon	马罗尼信徒的单手钝器	Marni Devotee's Mace	Legendary_MarniRegion_OneHandMace	19	1
13202	OneHandWeapon	决意之锤	Mace of Resolve	Legendary_StephenBleed_OneHandMace	19	1
13301	OneHandWeapon	马罗尼火枪	Marni Musket	AbyssReward_MarniMusket	35	1
13304	OneHandWeapon	德梅尼斯英雄火枪	Demenissian Hero's Musket	Legendary_DemenisMusket_OneHandMusket	35	1
13500	OneHandWeapon	王之誓约	Royal Oath	Legendary_Caliburn_OneHandRapier	39	1
13600	Shield	虚无者之壳	Shell of the Fleeting	Hexe_Soldier_OneHandShield	1	1
13604	Shield	巴尔格兰盾牌	Balgran Shield	Legendary_SkullKnight_OneHandShield	1	1
13605	Shield	德雷西亚装饰盾	Delesyian Ornamental Shield	Legendary_MarniTank_OneHandShield	1	1
13800	TwoHandWeapon		Lance OneHandLance	Lance_OneHandLance	21	1
13809	OneHandWeapon	纳兹克单手剑	Nazk Sword	Legendary_DragonSlayer_OneHandSword	0	1
13810	OneHandWeapon	寒气缭绕的单手剑	Chillfallen Sword	Legendary_WhiteHorn_OneHandSword	0	1
13811	OneHandWeapon	埃塞里温单手剑	Aeserion Sword	Legendary_Dragon_OneHandSword	0	1
13812	OneHandWeapon	虚无者之刃	Sword of the Fleeting	Hexe_Soldier_OneHandSword	0	1
13901	Shield	铜狮骨盾牌	Frostbone Shield	Crafting_WhiteHorn_OneHandShield	1	1
14101	ChestArmor	被诅咒的灵魂板金盔甲	Plate Armor of Cursed Soul	Redknight_PlateArmor_Armor	5	1
14102	ChestArmor	红色骑手板金盔甲	Red Rider's Plate Armor	Redleader_PlateArmor_Armor	5	1
14103	ChestArmor	缪尔板金盔甲	Meyer Plate Armor	Mueo_PlateArmor_Armor_I	5	1
14104	ChestArmor	斯皮塔尔板金盔甲	Spiddle Plate Armor	Spital_PlateArmor_Armor_I	5	1
14109	ChestArmor	冰冷之心板金盔甲	Frozen Heart Plate Armor	Legendary_MarniGolem_Plate_Armor	5	1
14200	Boots	暗黑执行者板金鞋子	Executioner of Darkness Plate Boots	Demian_Plate_Boots_V	7	1
14201	Boots	被诅咒的灵魂板金鞋子	Plate Boots of Cursed Soul	Redknight_Plate_Boots	7	1
14202	Boots	霜降诅咒板金鞋子	Frostcursed Plate Boots	Skull_Knight_Plate_Boots	7	1
14300	Gloves	暗黑执行者板金手套	Executioner of Darkness Plate Gloves	Demian_PlateArmor_Gloves_V	6	1
14301	Gloves	被诅咒的灵魂板金手套	Plate Gloves of Cursed Soul	Redknight_PlateArmor_Gloves	6	1
14302	Gloves	绯红追击者锁链手套	Crimson Chaser Chain Gloves	Redsentinel_PlateArmor_Gloves	6	1
14304	Gloves	冰冷之心板金手套	Frozen Heart Plate Gloves	Legendary_Orc_Plate_Glove	6	1
14305	Gloves	黄铜守卫板金手套	Brass Warden's Plate Gloves	Oongka_Plate_Glove	6	1
14306	Gloves	佩伦手套	Pailunese Gloves	Lutis_PlateArmor_Gloves	6	1
14400	Helmet	信念流浪者板金头盔	Wanderer of Faith's Plate Helm	Demian_PlateArmor_Helm_V	4	1
14401	Helmet	被诅咒的灵魂板金头盔	Plate Helm of Cursed Soul	Redknight_PlateArmor_Helm	4	1
14402	Helmet	红色骑手板金头盔	Red Rider's Plate Helm	Redleader_PlateArmor_Helm	4	1
14403	Helmet	德梅尼斯警卫队板金头盔	Demenissian Guard's Plate Helm	Raphtha_PlateArmor_Helm_I	4	1
14404	Helmet	德梅尼斯警卫队板金头盔	Demenissian Guard's Plate Helm	Raphtha_PlateArmor_Helm_II	4	1
14405	Helmet	绯红追击者板金头盔	Crimson Chaser Plate Helm	Redsentinel_PlateArmor_Helm	4	1
14406	Helmet	迪斯卡奥板金头盔	Descao Plate Helm	Discao_PlateArmor_Helm_I	4	1
14407	Helmet	德梅尼斯警卫队板金头盔	Demenissian Guard's Plate Helm	Luconek_PlateArmor_Helm_I	4	1
14411	Helmet	头盔族甲虫头盔	Helms Beetle Helm	Desert_Harrier_PlateArmor_Helm_IV	4	1
14412	Helmet	头盔族马蜂头盔	Helms Hornet Helm	Desert_Harrier_PlateArmor_Helm_V	4	1
14413	Helmet	头盔族黄牛头盔	Helms Bull Helm	Desert_Harrier_PlateArmor_Helm_VI	4	1
14415	Helmet	黑翼板金面具	Blackwing Mask	CrowMan_PlateArmor_Helm	4	1
14416	Helmet	霜降诅咒板金头盔	Frostcursed Plate Helm	SkullKnight_PlateArmor_Helm	4	1
14417	Helmet	卡尔塔板金头盔	Carta Plate Helm	Carta_PlateArmor_Helm	4	1
14500	Helmet	狼王头盔	Alpha Wolf Helm	Wolf_Chief_Leather_Helm	4	1
14501	Helmet	熊王帽	Boss Bear Hat	Bear_Chief_Leather_Helm	4	1
14507	Helmet	黑熊防毒面具	Black Bear Gas Mask	Brimstone_Leather_Helm	4	1
14510	Helmet	比吉奥内	Visione	Marni_Devotee_PlateArmor_Helm	4	1
14511	Helmet	量产型比吉奥内	Bespoke Visione	Marni_Devotee_PlateArmor_Helm_I	4	1
14703	TwoHandWeapon	埃塞里温双手锤	Aeserion Greathammer	AbyssReward_Dragon_TwoHandGiantHammer	28	1
14705	TwoHandWeapon	黑暗引路人	Darkbringer	Legendary_Antumbra_TwoHandGiantBastard	17	1
14706	TwoHandWeapon	万象轮斧	Wheel of the Last Toll	Legendary_BridieGu_TwoHandGiantAxe	15	1
14900	Backpack	大学背囊	Student's Pack	University_BackPack	66	1
15000	TwoHandWeapon	埃塞里温战戟	Aeserion Halberd	Dragon_TwoHandAlebard	33	1
15100	TwoHandWeapon	大地切割者	Earthsplitter	Legendary_AncientGuardian_TwoHandAxe	15	1
15200	TwoHandWeapon	顶级伦纳德双手火炮	Finest Rhinard Cannon	Rhinard_TwoHandCannon_I	38	1
15202	TwoHandWeapon	天字铳筒双手火炮	Alpha Barrel Cannon	Cheonja_Chongtong_TwoHandCannon_I	38	1
15204	TwoHandWeapon	别胜字铳筒双手火炮	Gamma Barrel Cannon	ByeorSeungja_Chongtong_TwoHandCannon_I	38	1
15500	TwoHandWeapon	符文刻石	Rune-Engraved Rock	Legendary_CrimsonScorpion_TwoHandHammer	28	1
15700	TwoHandWeapon	埃塞里温长枪	Aeserion Spear	Legendary_Dragon_TwoHandGiantSpear	21	1
15701	TwoHandWeapon	天罚	Reckoning	AbyssReward_Titan_TwoHandSpear	21	1
15702	TwoHandWeapon	月镰	Grasping Moon	Legendary_Moonhead_TwoHandGiantSpear	21	1
15703	TwoHandWeapon	霜牙	Frostfang	Legendary_OwenCraber_TwoHandGiantSpear	21	1
15704	TwoHandWeapon	虚无者之枪	Spear of the Fleeting	Hexe_Warrior_TwoHandSpear	21	1
15706	TwoHandWeapon	月歧	Diverging Moon	Legendary_Moonhead_01_TwoHandGiantSpear	21	1
15707	TwoHandWeapon	月枷	Circling Moon	Legendary_Moonhead_02_TwoHandGiantSpear	21	1
15901	TwoHandWeapon	绝望双手剑	Frozen Anguish	AbyssReward_Skull_Knight_TwoHandSword	17	1
15902	TwoHandWeapon	猎犬	Hound	HemondBindel_TwoHandSword	17	1
15903	TwoHandWeapon	错误的审判	Twisted Verdict	Awaken_Caliburn_TwoHandSword	17	1
16001	TwoHandWeapon	灰烬裁决	Ashen Execution	Legendary_Tarandus_TwoHandedWarHamme	20	1
16003	TwoHandWeapon	血色钟鸣	Sanguine Knell	Legendary_Solid_Bringer_TwoHandedWarHamme	20	1
19994	AbyssGear	阿比斯气息	Breath of the Abyss	Abyss_InfiniteStat_Sp3	65535	2
19995	AbyssGear	阿比斯勇气	Spirit of the Abyss	Abyss_InfiniteStat_Mp2	65535	2
19996	AbyssGear	阿比斯活力	Vitality of the Abyss	Abyss_InfiniteStat_Hp30	65535	2
21018	Food	牛奶	Milk	Milk	65535	2
21019	Food	高级肉干	Fine Jerky	Jerky	65535	2
22006	Food	果酒	Wine	Fruit_Wine	65535	2
22007	Food	啤酒	Beer	Beer	65535	2
22008	Food	水	Water	Water	65535	2
22009	Misc	圣水	Holy Water	HolyWater	65535	2
25913	Misc	鸟肉汤料理	Bird Soup	SamGyeTang	65535	2
25914	Food	长角汤料理	Longhorn Soup	DeerAntler_Soup	65535	2
25921	Food	鹿茸茶	Antler Tea	DeerAntler_Fruit_Tea	65535	2
25922	Food	果汁	Fruit Juice	Berry_Juice	65535	2
26011	Food	珊瑚菇茶	Coral Mushroom Tea	Ssari_Mushroom_Tea	65535	2
26015	Food	松茸茶	Pine Mushroom Tea	Songyi_Mushroom_Tea	65535	2
26016	Food	香菇茶	Oakwood Mushroom Tea	Pyogo_Mushroom_Tea	65535	2
26034	Food	蜂蜜茶	Honey Tea	Honey_Tea	65535	2
27932	Food	盐烤鸟肉	Salt-Roasted Bird Meat	Roast_Chicken	65535	2
28080	Food	盐烤鱼	Salt-Roasted Fish	Roast_Fish	65535	2
28901	Misc	面包	Bread	Bread	65535	2
28917	Misc	松软的水果面包	Fruit Bread	Banana_Bread	65535	2
29501	Food	匙吻鲟	Paddlefish	Food_SpatulaSturgeon	65535	2
29502	Food	七星鲨鱼	Broadnose Sevengill Shark	Food_SevenStarShark	65535	2
29503	Food	巨型真鲷	Giant Red Seabream	Food_GiantRedSeaBream	65535	2
29504	Food	红色黑毛鱼	Crimson Opaleye	Food_RedSnapper	65535	2
29505	Food	巨型泥鳅	Giant Pond Loach	Food_GiantMudfish	65535	2
29506	Food	平鳍旗鱼	Sailfish	Food_Sailfish	65535	2
29507	Food	黄金丁鲷	Golden Tench	Food_GoldTenchi	65535	2
29508	Food	腔棘鱼	Coelacanth	Food_Coelacanth	65535	2
29509	Food	黄金鲤鱼	Golden Carp	Food_GoldCarp	65535	2
29511	Food	灯笼鱼	Anglerfish	Food_LightCrotch	65535	2
29513	Food	电鳗	Electric Eel	Food_LightningEel	65535	2
29601	Food	舌鳎	Red Tonguesole	Food_Dover_Sole	65535	2
29602	Food	真鲷	Red Seabream	Food_Red_Seabream	65535	2
29603	Food	三文鱼	Salmon	Food_Salmon	65535	2
29604	Food	达氏鲟	Sturgeon	Food_Sturgeon	65535	2
29605	Food	红三文鱼	Sockeye Salmon	Food_Sockeye_Salmon	65535	2
29606	Food	黑鲷	Blackhead Seabream	Food_BlackSeaBream	65535	2
29607	Food	黑毛鱼	Opaleye	Food_Red_Snapper	65535	2
29608	Food	石鲷	Barred Knifejaw	Food_Rock_Bream	65535	2
29609	Food	鲭鱼	Mackerel	Food_Mackerel	65535	2
29612	Food	枪鱼	Striped Marlin	Food_Marlin	65535	2
29613	Food	海马	Seahorse	Food_Seahorse	65535	2
29615	Food	海星	Starfish	Food_Starfish	65535	2
29616	Food	鱿鱼	Squid	Food_Squid	65535	2
29617	Food	石斑鱼	Saw-Edged Perch	Food_Cuvier	65535	2
29801	Food	小黑眉鱼	Small Blackbrow Bleak	Food_Blackbrow_Bleak	65535	2
29802	Food	小腹斑鱼	Small Minnow	Food_BaliOgluChub	65535	2
29803	Food	小施鱼	Small Spirlin	Food_Schneider	65535	2
29804	Food	鳃尾	Small Gudgeon	Food_Sammy	65535	2
29805	Food	小白鱼	Small Rasbora	Food_Beyaz	65535	2
29806	Food	白斑狗鱼	Northern Pike	Food_Pikefish	65535	2
29807	Food	鳟鱼	Trout	Food_Trout	65535	2
29808	Food	鲤鱼	Carp	Food_Carp	65535	2
29809	Food	丁鲷	Tench	Food_Tenchi	65535	2
29810	Food	泥鳅	Pond Loach	Food_Mudfish	65535	2
29811	Food	鲶鱼	Catfish	Food_Catfish	65535	2
29812	Food	细鳞鱼	Lenok	Food_Lenok	65535	2
29813	Food	江鳕	Burbot	Food_Burbot	65535	2
29814	Food	鳗鱼	Freshwater Eel	Food_Eel	65535	2
29815	Food	河鲈	Perch	Food_Perch	65535	2
29816	Food	鲈鱼	Bass	Food_Bass_I	65535	2
29817	Food	黄鲈鱼	Yellow Bass	Food_Bass_II	65535	2
29818	Food	斑鳜	Leopard Perch	Food_Ssogari	65535	2
29819	Food	鲫鱼	Crucian Carp	Food_Crucian_Carp	65535	2
29820	Food	机械鱼	Clockwork Fish	Food_MechanicFish	65535	2
29821	Food	小龙虾	Crayfish	Food_Crayfish	65535	2
30010	Material	火药	Gunpowder	Gun_Powder	65535	2
30016	Food	德雷西亚果酒	Delesyian Wine	High_Wine	65535	2
30022	Misc	润滑油	Lubricant	Specialty_Oil	65535	2
30041	Misc	钥匙	Key	Home_Key	65535	2
30051	Misc	烽火台大门钥匙	Beacon Key	Tower_Key	65535	2
30059	Misc	铁门钥匙	Iron Gate Key	Metal_Gate_Key	65535	2
30064	Misc	监狱钥匙	Prison Key	Prison_Key	65535	2
50001	Ammo	箭矢	Arrow	Arrow	65535	2
50003	Ammo	毒箭	Poison Arrow	Poison_Arrow	65535	2
50011	Ammo	鸣镝	Whistling Arrow	Hyosi_Arrow	65535	2
50057	Ammo	箭束	Bundle of Arrows	MultiArrow	65535	2
52006	Misc	哥布林陶罐	Goldleaf Censer	Goblin_Pot	65535	2
52007	Misc	油桶	Oil Barrel	Oil_Barrel	65535	2
52011	TwoHandWeapon	双挂式旗帜	Double-Sided Banner Pike	Common_Flag_I	23	1
52012	TwoHandWeapon	小型旗帜	Small Banner Pike	Common_Flag_II	23	1
52020	TwoHandWeapon	德梅尼斯小型旗帜	Small Demenissian Banner Pike	Demeniss_Flag_II	23	1
52021	TwoHandWeapon	德雷西亚小型旗帜	Small Delesyian Banner Pike	Dellesian_Flag_I	23	1
52023	TwoHandWeapon	醉酒黑熊小型旗帜	Small Black Bears Banner Pike	Blackbear_Flag_I	23	1
52025	TwoHandWeapon	吟唱黄昏小型旗帜	Small Dusksongs Banner Pike	fort_Flag_I	23	1
52026	TwoHandWeapon	无脸之人的小型旗帜	Small Faceless Banner Pike	fort_Flag_II	23	1
52029	TwoHandWeapon	威尔斯小型旗帜	Small Wells Banner Pike	Wells_Flag_I	23	1
52031	TwoHandWeapon	钢铁箭头小型旗帜	Small Blinding Arrows Banner Pike	Arrow_Flag_I	23	1
52033	TwoHandWeapon	地狱猎犬小型旗帜	Small Hellhounds Banner Pike	Hound_Flag_I	23	1
53001	Misc	苹果树种子	Apple Seed	AppleTree_Seed	65535	2
53016	Misc	嘟嘟鸟制作方法	Kuku Pot	Item_Kuku_Pot	65535	2
53032	Misc	黏弹	Sticky Bomb	BattleStickyBomb	65535	2
53034	Misc	定时炸弹	Time Bomb	TimeBomb	65535	2
70010	Misc	古老的木雕玩偶	Old Wooden Doll	Old_Wood_Doll_II	65535	2
75000	AbyssGear	初始神器	The First Artifact	First_Artifact	65535	2
75001	AbyssGear	阿比斯神器	Abyss Artifact	Abyss_Artifact	65535	2
75002	AbyssGear	褪色的阿比斯神器	Faded Abyss Artifact	Deactived_Abyss_Artifact	65535	2
75100	Quest	灰鬃的信物	Greymane's Token	Quest_GrayBrotherMark	65535	2
80001	Recipe	烹饪：红烧肉	Recipe: Boiled Meat	Recipe_BoiledPork	65535	2
80003	Recipe	烹饪：水果茶	Recipe: Fruit Tea	Recipe_FruitTea	65535	2
80406	Recipe	烹饪：鸟肉汤料理	Recipe: Bird Soup	Recipe_SamGyeTang	65535	2
80412	Recipe	烹饪：鹿茸茶	Recipe: Antler Tea	Recipe_DeerAntler_Fruit_Tea	65535	2
80413	Recipe	烹饪：果汁	Recipe: Fruit Juice	Recipe_Berry_Juice	65535	2
80505	Recipe	烹饪：珊瑚菇茶	Recipe: Coral Mushroom Tea	Recipe_Ssari_Mushroom_Tea	65535	2
80509	Recipe	烹饪：松茸茶	Recipe: Pine Mushroom Tea	Recipe_Songyi_Mushroom_Tea	65535	2
80510	Recipe	烹饪：香菇茶	Recipe: Oakwood Mushroom Tea	Recipe_Pyogo_Mushroom_Tea	65535	2
80529	Recipe	烹饪：蜂蜜茶	Recipe: Honey Tea	Recipe_Honey_Tea	65535	2
80812	Recipe	烹饪：盐烤鸟肉	Recipe: Salt-Roasted Bird Meat	Recipe_Roast_Chicken	65535	2
101001	Helmet	莱基亚板金头盔	Rekhia Plate Helm	Lekia_PlateArmor_Helm	4	1
101002	Helmet	博尔顿板金头盔	Bolton Plate Helm	Keredig_PlateArmor_Helm	4	1
101003	Helmet	卡修斯·莫顿板金头盔	Cassius Morten's Plate Helm	Dragon_Slayer_Ohyoon_PlateArmor_Helm	4	1
101008	Helmet	冰霜之翼板金头盔	Icewing Plate Helm	Entura_PlateArmor_Helm	4	1
101009	Helmet	亚特鲁的意志头盔	Ator's Will Helm	Makutan_PlateArmor_Helm	4	1
101011	Helmet	法尔蒙板金头盔	Ferman Plate Helm	Pycian_PlateArmor_Helm	4	1
101012	Helmet	凯雷德格板金头盔	Keredeg Plate Helm	Bolton_PlateArmor_Helm	4	1
101013	Helmet	弗利尼尔板金头盔	Ferenna Plate Helm	Frinyl_PlateArmor_Helm	4	1
101014	Helmet	格莱斯板金头盔	Grace Plate Helm	Grace_PlateArmor_Helm	4	1
101015	Helmet	弗林板金头盔	Flynn Plate Helm	Flynn_PlateArmor_Helm	4	1
101016	Helmet	克鲁迪尔板金头盔	Crudil Plate Helm	Crudil_PlateArmor_Helm	4	1
101018	Helmet	贝林板金头盔	Berin Plate Helm	Berin_PlateArmor_Helm	4	1
101027	Helmet	野兽人骨雕头盔	Beastman Bone Helmet	Beastman_PlateArmor_Helm	4	1
101031	Helmet	罗德雷姆板金头盔	Rodderham Plate Helm	Roderem_PlateArmor_Helm	4	1
101034	Helmet	塔奥斯板金头盔	Taos Plate Helm	Taos_PlateArmor_Helm	4	1
101046	Helmet	塔兰都斯板金头盔	Tarandus Plate Helm	Tarandus_PlateArmor_Helm	4	1
101048	Helmet	火枪要塞国境守备队制式头盔	Musket Border Guard Standard Helm	ReiGhis_PlateArmor_Helm	4	1
101049	Helmet	罗塔斯板金头盔	Lotas Plate Helm	Lotas_PlateArmor_Helm	4	1
101053	Helmet	黑熊皮制头盔	Black Bears' Leather Helm	Beoneck_Leather_Helm	4	1
101054	Helmet	切尔西亚板金头盔	Chelcia Plate Helm	Checia_PlateArmor_Helm	4	1
101056	Helmet	焦灼火焰板金头盔	Scorchflame Plate Helm	Londel_PlateArmor_Helm	4	1
101057	Helmet	伊尼尔板金头盔	Inyr Plate Helm	Inyr_PlateArmor_Helm	4	1
101058	Helmet	卢科内克板金头盔	Rueconec Plate Helm	Luconek_PlateArmor_Helm	4	1
101059	Helmet	卡利奥板金头盔	Calio Plate Helm	Calio_PlateArmor_Helm	4	1
101062	Helmet	艾斯福德板金头盔	Ashford Plate Helm	Aspherd_PlateArmor_Helm	4	1
101068	Helmet	利费伦板金头盔	Lyfellen Plate Helm	Lyfellen_PlateArmor_Helm	4	1
101073	Helmet	基亚图斯板金头盔	Kiatus Plate Helm	Kiahtuth_PlateArmor_Helm	4	1
101077	Helmet	莱比板金头盔	Rahbae Plate Helm	Rybee_PlateArmor_Helm	4	1
101078	Helmet	黄金树枝板金王冠	Goldbranch Plate Crown	Endour_PlateArmor_Helm	4	1
101090	Helmet	布杜尔板金头盔	Bedure Plate Helm	Madacus_PlateArmor_Helm	4	1
101097	Helmet	拉埃本板金头盔	Laehbern Plate Helm	Laehbern_PlateArmor_Helm	4	1
101098	Helmet	奥芬伯板金头盔	Offenberg Plate Helm	Ophenber_PlateArmor_Helm	4	1
101101	Helmet	阿夏德板金头盔	Ashad Plate Helm	Ashad_PlateArmor_Helm	4	1
101102	Helmet	索拉斯板金头盔	Solas Plate Helm	Solas_PlateArmor_Helm	4	1
101105	Helmet	乌利希板金头盔	Ulrich Plate Helm	Ulrich_PlateArmor_Helm	4	1
101109	Helmet	法伊扎尔骨雕头盔	Paizel Bone Helm	Paijal_PlateArmor_Helm	4	1
101111	Helmet	无脸之人板金头盔	The Faceless's Plate Helm	Arghai_PlateArmor_Helm	4	1
101112	Helmet	拜乌尔板金头盔	Bayer Plate Helm	Bayur_PlateArmor_Helm	4	1
101113	Helmet	博尔甘板金头盔	Bolgan Plate Helm	Volghan_PlateArmor_Helm	4	1
101114	Helmet	德尔内特板金头盔	Dernat Plate Helm	Dernat_PlateArmor_Helm	4	1
101115	Helmet	东戈比板金头盔	Dondegobi Plate Helm	Dongdegobi_PlateArmor_Helm	4	1
101117	Helmet	北方战士的板金头盔	Northern Fighter's Plate Helm	Tarbal_PlateArmor_Helm	4	1
101120	Helmet	卡西尼恩板金头盔	Casinian Plate Helm	Casinian_PlateArmor_Helm	4	1
101122	Helmet	坎塔板金头盔	Canta Plate Helm	Luknian_PlateArmor_Helm	4	1
101125	Helmet	塔尼温板金头盔	Tanion Plate Helm	Tanion_PlateArmor_Helm	4	1
101135	Helmet	安特拉板金头盔	Antra Plate Helm	Antra_PlateArmor_Helm	4	1
101136	Helmet	拉腾塔板金头盔	Laterna Plate Helm	Latenta_PlateArmor_Helm	4	1
101137	Helmet	杰克塔尔板金头盔	Zachar Plate Helm	Jacktar_PlateArmor_Helm	4	1
101138	Helmet	不屈战士的板金头盔	Unyielding Warrior's Plate Helm	Tarchet_PlateArmor_Helm	4	1
101139	Helmet	塔尔提板金头盔	Tartry Plate Helm	Tartti_PlateArmor_Helm	4	1
101141	Helmet	拉普茨板金头盔	Rapps Plate Helm	Rhapts_PlateArmor_Helm	4	1
101142	Helmet	巴伊科尼奥板金头盔	Biconio Plate Helm	Bicornio_PlateArmor_Helm	4	1
101148	Helmet	库鲁亚板金头盔	Kurua Plate Helm	Kurua_PlateArmor_Helm	4	1
102002	Helmet	纳胡锁链头盔	Nahu Chain Coif	Nahu_ChainMail_Helm	4	1
102003	Helmet	卡达隆锁链头盔	Kadallon Chain Coif	Cadwallon_ChainMail_Helm	4	1
102004	Helmet	泰兰板金头盔	Tailan Plate Helm	Tyran_PlateArmor_Helm	4	1
103005	Helmet	内文布头巾	Nevin Cloth Bandana	Hailbrin_Fabric_Helm	4	1
103010	Helmet	蕾恩泰茵板金头盔	Leontyne Plate Helm	Leontain_PlateArmor_Helm	4	1
103023	Helmet	失落王国的皮制头盔	Leather Helm of the Fallen Kingdom	Deer_King_Leather_Helm	4	1
103029	Helmet	斯图姆板金头盔	Schtump Plate Helm	Duratti_PlateArmor_Helm	4	1
103033	Helmet	梅尔文皮制头盔	Melvin Leather Helm	Melvin_Leather_Helm	4	1
103035	Helmet	友谊信念头盔	Helm of Loyal Friendship	Tesslit_Leather_Helm	4	1
103036	Helmet	隆戴尔皮制头盔	Rondel Leather Helm	Londel_Leather_Helm	4	1
103041	Helmet	拉克鲁尼亚斯皮制头盔	Lacrunias Leather Helm	Lacrunias_Leather_Helm	4	1
103047	Helmet	卢科内克皮制头盔	Rueconec Leather Helm	Luconek_Leather_Helm	4	1
103049	Helmet	阿伽塔皮制头盔	Agatha Leather Helm	Argatah_Leather_Helm	4	1
103057	Helmet	丁菲尔德皮制头盔	Dimfeld Leather Helm	Dimfeld_Leather_Helm	4	1
103060	Helmet	达彼得皮制头盔	Daveed Leather Helm	David_Leather_Helm	4	1
103065	Helmet	鲁提纳斯皮制头盔	Lutinas Leather Helm	Lutinas_Leather_Helm	4	1
103070	Helmet	拉尼比德皮制头盔	Lanweiter Leather Helm	Ranibider_Leather_Helm	4	1
103088	Helmet	乌尔塔林皮制头盔	Uphren Leather Helm	Ultarine_Leather_Helm	4	1
103094	Helmet	阿肯皮制头盔	Arkhan Leather Helm	Ledcy_Leather_Helm	4	1
103096	Helmet	里德安皮制头盔	Ledan Leather Helm	Leadahn_Leather_Helm	4	1
103104	Helmet	德克切皮制头盔	Dekter Leather Helm	Dekcher_Leather_Helm	4	1
103105	Helmet	谢勒斯皮制头盔	Shellus Leather Helm	Shellus_Leather_Helm	4	1
103112	Helmet	斯科拉斯敦学者服帽子	Scholastone Cap	Huroi_Leather_Helm	4	1
104014	Helmet	博尔因布制头盔	Bollin Cloth Cap	Volruin_Fabric_Helm	4	1
104015	Helmet	拉德因布制头盔	Radein Cloth Cap	Lardein_Fabric_Helm	4	1
104028	Helmet	卢科内克布制头盔	Rueconec Cloth Cap	Luconek_Fabric_Helm	4	1
104030	Helmet	阿伽塔布制头盔	Agatha Cloth Cap	Argatah_Fabric_Helm	4	1
104048	Helmet	拜丹布制发带	Baidan Cloth Headband	Baidan_Fabric_Helm	4	1
104053	Helmet	卡尔普利斯布制头盔	Calprise Cloth Cap	Calpris_Fabric_Helm	4	1
104056	Helmet	里克马布制发带	Rigma Cloth Headband	Rikkmah_Fabric_Helm	4	1
104073	Helmet	拉比德布制头盔	Raveed Cloth Cap	Rabbid_Fabric_Helm	4	1
104074	Helmet	德比德布制头盔	Duvidet Hoops	Devidhe_Fabric_Helm	4	1
104079	Helmet	斯科比布制发带	Scobby Cloth Headband	Scovi_Fabric_Helm	4	1
104083	Helmet	皮奥尔布制头盔	Fiore Cloth Cap	Fiore_Fabric_Helm	4	1
104084	Helmet	阿塔拉姆布制头盔	Ataram Cloth Cap	Ataram_Fabric_Helm	4	1
104089	Helmet	高拉布制头盔	Gaurra Cloth Cap	Gaurah_Fabric_Helm	4	1
104090	Helmet	杰尔密尔布制发带	Jermill Cloth Headband	Jermill_Fabric_Helm	4	1
104093	Helmet	托尔本布制头盔	Torben Cloth Cap	Torben_Fabric_Helm	4	1
104096	Helmet	乌尔曼布制头盔	Ulman Cloth Cap	Ulman_Fabric_Helm	4	1
104105	Helmet	拉赫尔姆布制发带	Rahelm Cloth Headband	Rahelm_Fabric_Helm	4	1
104106	Helmet	火焰飞龙团布制头盔	Wyvernflame Cloth Helm	Sirius_Barley_Fabric_Helm	4	1
104107	Helmet	穆西娅布制头盔	Muchia Cloth Cap	Muchia_Fabric_Helm	4	1
104118	Helmet	罗金顿布制头盔	Rockington Cloth Cap	Raukington_Fabric_Helm	4	1
104120	Helmet	达尼德板金头盔	Deland Plate Helm	Danid_PlateArmor_Helm	4	1
104122	Helmet	杜克里斯布制头盔	Ducriss Conical Cap	Dukris_Fabric_Helm	4	1
104130	Helmet	拉西拉斯布制头盔	Lashiras Cowl	Larsiras_Fabric_Helm	4	1
104132	Helmet	暗巷统治者布制头盔	Dark Ringleader's Cloth Helm	Chartian_Fabric_Helm	4	1
104135	Helmet	西安布制头盔	Sian Cloth Cap	Sian_Fabric_Helm	4	1
104136	Helmet	卡拉斯布制发带	Karas Cloth Headband	Karas_Fabric_Helm	4	1
104137	Helmet	拉克里特布制头盔	Larkett Cloth Cap	Larkritt_Fabric_Helm	4	1
104138	Helmet	拉席勒布制头盔	Lashir Cloth Cap	Lashir_Fabric_Helm	4	1
104139	Helmet	德里什布制头盔	Drish Cloth Cap	Derish_Fabric_Helm	4	1
104140	Helmet	特里罗恩布制发带	Triloan Cloth Headband	Triroan_Fabric_Helm	4	1
104143	Helmet	鲁库西布制头盔	Ruckshi Cloth Cap	Luekushi_Fabric_Helm	4	1
104144	Helmet	利特里安布制头盔	Rhytrian Cloth Cap	Rhytrian_Fabric_Helm	4	1
104148	Helmet	伽德里什布制头盔	Gadereich Cloth Cap	Gadherish_Fabric_Helm	4	1
104149	Helmet	鲁丁布制头盔	Ludynn Cloth Cap	Ludynn_Fabric_Helm	4	1
104150	Helmet	马克布制头盔	Marc Cloth Headband	Mark_Fabric_Helm	4	1
104151	Helmet	哈柯布制头盔	Harker Cloth Cap	Harker_Fabric_Helm	4	1
104154	Helmet	柏伦德布制头盔	Veronde Cloth Cap	Veronde_Fabric_Helm	4	1
104155	Helmet	盖尔坦布制头盔	Ghaltain Cloth Cap	Ghaltain_Fabric_Helm	4	1
104159	Helmet	贝尔吉尔布制头盔	Berghill Cloth Cap	Vergill_Fabric_Helm	4	1
104160	Helmet	梅拉班布制头盔	Meravan Cloth Cap	Meravan_Fabric_Helm	4	1
104161	Helmet	萨利米布制头盔	Salimi Cloth Cap	Salimi_Fabric_Helm	4	1
104165	Helmet	尤泽尔布制头盔	Yuzel Cloth Cap	Yuzel_Fabric_Helm	4	1
104169	Helmet	佩伦帽子	Pailunese Hat	Abidon_Fabric_Helm	4	1
104175	Helmet	小丑皮制面具	Jester Leather Mask	Abyss_Surreal_Wolf_Leather_Helm	4	1
104176	Helmet	兔子皮制面具	Rabbit Leather Mask	Abyss_Surreal_Human_Leather_Helm	4	1
104184	Helmet	龙焰头盔	Dragon Flame Helm	Dragon_Knight_Commander_PlateArmor_Helm	4	1
104185	Helmet	龙骑士的头盔	Dragon Knight's Helm	Dragon_Knight_PlateArmor_Helm	4	1
111005	ChestArmor	霜降诅咒板金盔甲	Frostcursed Plate Armor	king_LostPeople_PlateArmor_Armor	5	1
111010	ChestArmor	审判官的板金盔甲	Inquisitor's Plate Armor	Judge_PlateArmor_Armor	5	1
111039	ChestArmor	塔兰都斯板金盔甲	Tarandus Plate Armor	Tarandus_PlateArmor_Armor	5	1
111040	ChestArmor	埃努斯板金盔甲	Enus Plate Armor	Enus_PlateArmor_Armor	5	1
111050	ChestArmor	灰狼皮制盔甲	Grey Wolf Leather Armor	Mercenary_Leather_Armor	5	1
111086	ChestArmor	博丁板金盔甲	Bodin Plate Armor	Bodin_PlateArmor_Armor	5	1
111087	ChestArmor	布里门板金盔甲	Breemen Plate Armor	Burimen_PlateArmor_Armor	5	1
111098	ChestArmor	贝库尔板金盔甲	Bekur Plate Armor	Becur_PlateArmor_Armor	5	1
111099	ChestArmor	皮兰特板金盔甲	Frente Plate Armor	Pirante_PlateArmor_Armor	5	1
111100	ChestArmor	科林板金盔甲	Corinne Plate Armor	Korean_PlateArmor_Armor	5	1
111101	ChestArmor	塔卡奥板金盔甲	Takao Plate Armor	Takao_PlateArmor_Armor	5	1
111102	ChestArmor	格茨板金盔甲	Gwets Plate Armor	Guts_PlateArmor_Armor	5	1
111103	ChestArmor	阿卡班板金盔甲	Arkhan Plate Armor	Arkhan_PlateArmor_Armor	5	1
111104	ChestArmor	约瑟夫板金盔甲	Yosef Plate Armor	Joseph_PlateArmor_Armor	5	1
111105	ChestArmor	安德烈锁链盔甲	Andre Chain Mail	Andre_ChainMail_Armor	5	1
111106	ChestArmor	阿尔伯特板金盔甲	Albert Plate Armor	Albert_PlateArmor_Armor	5	1
111107	ChestArmor	埃密尔板金盔甲	Emil Plate Armor	Emil_PlateArmor_Armor	5	1
111108	ChestArmor	斯图姆布制盔甲	Schtump Cloth Armor	Schtump_Fabric_Armor	5	1
111109	ChestArmor	斯文布制盔甲	Sven's Cloth Armor	Sven_Fabric_Armor	5	1
111110	ChestArmor	雅科夫布制盔甲	Yakkov Cloth Armor	Jacob_Fabric_Armor	5	1
111111	ChestArmor	埃伦斯特锁链盔甲	Ernst Chain Mail	Ernst_ChainMail_Armor	5	1
111113	ChestArmor	迪特布制盔甲	Ditter Cloth Armor	Ditter_Fabric_Armor	5	1
111115	ChestArmor	雷德曼板金盔甲	Redman Plate Armor	Redman_PlateArmor_Armor	5	1
111116	ChestArmor	修米茨板金盔甲	Schmidt Plate Armor	Schmidt_PlateArmor_Armor	5	1
111128	ChestArmor	杜罗尔板金盔甲	Dreer Plate Armor	Duroar_PlateArmor_Armor	5	1
111129	ChestArmor	罗克奥板金盔甲	Rhogo Plate Armor	Rocko_PlateArmor_Armor	5	1
111130	ChestArmor	洛奇板金盔甲	Roshee Plate Armor	Rochi_PlateArmor_Armor	5	1
111131	ChestArmor	罗蒙德板金盔甲	Romund Plate Armor	Romaned_PlateArmor_Armor	5	1
111132	ChestArmor	瓦尔基德板金盔甲	Valkyder Plate Armor	Valkyder_PlateArmor_Armor	5	1
111133	ChestArmor	基林板金盔甲	Killian Plate Armor	Killeen_PlateArmor_Armor	5	1
111134	ChestArmor	肯摩尔板金盔甲	Kenmore Plate Armor	Kenmore_PlateArmor_Armor	5	1
111135	ChestArmor	金洛克板金盔甲	Kinloch Plate Armor	Kinloch_PlateArmor_Armor	5	1
111136	ChestArmor	拉诺克板金盔甲	Lanauk Plate Armor	Lanok_PlateArmor_Armor	5	1
111137	ChestArmor	斯皮塔尔板金盔甲	Spiddle Plate Armor	Spital_PlateArmor_Armor	5	1
111138	ChestArmor	缪尔板金盔甲	Meyer Plate Armor	Mueo_PlateArmor_Armor	5	1
111139	ChestArmor	埃德塞尔板金盔甲	Edzel Plate Armor	Edzel_PlateArmor_Armor	5	1
111140	ChestArmor	布雷金板金盔甲	Brejin Plate Armor	Brejin_PlateArmor_Armor	5	1
111141	ChestArmor	卡努斯蒂板金盔甲	Canusti Plate Armor	Canusti_PlateArmor_Armor	5	1
111142	ChestArmor	邓迪板金盔甲	Dundree Plate Armor	Dendi_PlateArmor_Armor	5	1
111143	ChestArmor	克雷伊尔板金盔甲	Crail Plate Armor	Crail_PlateArmor_Armor	5	1
111144	ChestArmor	雷文板金盔甲	Levin Plate Armor	Raven_PlateArmor_Armor	5	1
111145	ChestArmor	邓弗林板金盔甲	Dunverline Plate Armor	Dunfermline_PlateArmor_Armor	5	1
111146	ChestArmor	金罗斯板金盔甲	Kinross Plate Armor	Kinross_PlateArmor_Armor	5	1
111147	ChestArmor	德梅尼斯荣誉盔甲	Demeniss Honor Armor	Dallabici_PlateArmor_Armor	5	1
111148	ChestArmor	阿维尼翁布制盔甲	Avignon Cloth Armor	Avignon_Fabric_Armor	5	1
111150	ChestArmor	阿尔盖布制盔甲	Arghai Cloth Armor	Arghai_Fabric_Armor	5	1
111151	ChestArmor	无脸之人布制盔甲	The Faceless's Cloth Armor	Bayur_Fabric_Armor	5	1
111165	ChestArmor	博尔顿板金盔甲	Bolton Plate Armor	Bolton_PlateArmor_Armor	5	1
111166	ChestArmor	布莱克本板金盔甲	Blackburn Plate Armor	Blackburn_PlateArmor_Armor	5	1
111167	ChestArmor	利芬板金盔甲	Reppin Plate Armor	Repen_PlateArmor_Armor	5	1
111168	ChestArmor	阿夏德板金盔甲	Ashad Plate Armor	Ashad_PlateArmor_Armor	5	1
111169	ChestArmor	索拉斯板金盔甲	Solas Plate Armor	Solas_PlateArmor_Armor	5	1
111170	ChestArmor	比弗利板金盔甲	Beverly Plate Armor	Beverly_PlateArmor_Armor	5	1
111186	ChestArmor	利莫里克锁链盔甲	Lemerick Chain Mail	Limerick_ChainMail_Armor	5	1
111187	ChestArmor	洛厄锁链盔甲	Lauer Chain Mail	Lower_ChainMail_Armor	5	1
111188	ChestArmor	赛南板金盔甲	Senon Plate Armor	Senon_PlateArmor_Armor	5	1
111189	ChestArmor	雷博格板金盔甲	Leighbog Plate Armor	Revog_PlateArmor_Armor	5	1
111190	ChestArmor	盖尔本锁链盔甲	Galbon Chain Mail	Galbon_ChainMail_Armor	5	1
111191	ChestArmor	布莉娜板金盔甲	Brina Plate Armor	Brina_PlateArmor_Armor	5	1
111193	ChestArmor	普利板金盔甲	Prix Plate Armor	Fri_PlateArmor_Armor	5	1
111194	ChestArmor	塞罗尔板金盔甲	Serroa Plate Armor	Vertical_PlateArmor_Armor	5	1
111196	ChestArmor	杜提鲁温板金盔甲	Dutiron Plate Armor	Dutyluon_PlateArmor_Armor	5	1
111197	ChestArmor	杜提尼温板金盔甲	Dutinion Plate Armor	Dutinion_PlateArmor_Armor	5	1
111198	ChestArmor	安德尼温板金盔甲	Endnion Plate Armor	Endnion_PlateArmor_Armor	5	1
111199	ChestArmor	达德尼温板金盔甲	Dardnion Plate Armor	Dadnion_PlateArmor_Armor	5	1
111200	ChestArmor	拉博尼温锁链盔甲	Lavgnion Chain Mail	Labonion_ChainMail_Armor	5	1
111201	ChestArmor	卢西昂锁链盔甲	Lucion Chain Mail	Lucion_ChainMail_Armor	5	1
111202	ChestArmor	卢迪温板金盔甲	Ludeon Plate Armor	Rudion_PlateArmor_Armor	5	1
111203	ChestArmor	塞鲁温板金盔甲	Cerruan Plate Armor	Ceruon_PlateArmor_Armor	5	1
111204	ChestArmor	梅温板金盔甲	Mahon Plate Armor	Mayon_PlateArmor_Armor	5	1
111205	ChestArmor	卡利班板金盔甲	Caliburn's Plate Armor	Caliburn_PlateArmor_Armor	5	1
111210	ChestArmor	友谊信念盔甲	Armor of Loyal Friendship	Delesian_Friend_PlateArmor_Armor	5	1
111214	ChestArmor	卡尔塔板金盔甲	Carta Plate Armor	Carta_PlateArmor_Armor	5	1
111217	ChestArmor	卢瓦耶特板金盔甲	Ruwaite Plate Armor	Luwaiet_PlateArmor_Armor	5	1
111218	ChestArmor	勒塞尔皮制盔甲	Russell Leather Armor	Russell_Leather_Armor	5	1
111219	ChestArmor	卢德斯板金盔甲	Ludus Plate Armor	Ludus_PlateArmor_Armor	5	1
111228	ChestArmor	安图布拉板金盔甲	Antum Plate Armor	Antum_PlateArmor_Armor	5	1
111229	ChestArmor	恩图姆板金盔甲	Entom Plate Armor	Entom_PlateArmor_Armor	5	1
111230	ChestArmor	西坦卡板金盔甲	Sitanca Plate Armor	Sitanca_PlateArmor_Armor	5	1
111231	ChestArmor	马克曼板金盔甲	Markman Plate Armor	Markman_PlateArmor_Armor	5	1
111232	ChestArmor	坎图纳板金盔甲	Kantona Plate Armor	Kantuna_PlateArmor_Armor	5	1
111233	ChestArmor	卢金皮制盔甲	Lukin Leather Armor	Lukin_Leather_Armor	5	1
111236	ChestArmor	拉基安板金盔甲	Lachian Plate Armor	Lachian_PlateArmor_Armor	5	1
111237	ChestArmor	拉卡塔板金盔甲	Lacata Plate Armor	Lacata_PlateArmor_Armor	5	1
111238	ChestArmor	伊坎塔板金盔甲	Eccanta Plate Armor	Eccanta_PlateArmor_Armor	5	1
111239	ChestArmor	伊克拉温板金盔甲	Eclaon Plate Armor	Eclan_PlateArmor_Armor	5	1
111240	ChestArmor	伊克利斯板金盔甲	Egliss Plate Armor	Eclis_PlateArmor_Armor	5	1
111241	ChestArmor	伊克曼板金盔甲	Ekklemen Plate Armor	Eclman_PlateArmor_Armor	5	1
111242	ChestArmor	奥坦特板金盔甲	Ostent Plate Armor	Otant_PlateArmor_Armor	5	1
111243	ChestArmor	奥克里曼板金盔甲	Oakley Plate Armor	Oakleyman_PlateArmor_Armor	5	1
111246	ChestArmor	杜尼温板金盔甲	Dunion Plate Armor	Dunion_PlateArmor_Armor	5	1
111247	ChestArmor	马尼奥斯板金盔甲	Manios Plate Armor	Manios_PlateArmor_Armor	5	1
111249	ChestArmor	焦灼火焰板金盔甲	Scorchflame Plate Armor	Paphneil_PlateArmor_Armor	5	1
111252	ChestArmor	埃伦板金盔甲	Aeron Plate Armor	Eirun_PlateArmor_Armor	5	1
111253	ChestArmor	金色欲望板金盔甲	Golden Greed Plate Armor	Golden_PlateArmor_Armor	5	1
111254	ChestArmor	白银板金盔甲	Sliver Plate Armor	Silver_PlateArmor_Armor	5	1
111255	ChestArmor	萨哈扎德板金盔甲	Sahazhad Plate Armor	Sazahan_PlateArmor_Armor	5	1
111256	ChestArmor	杰伦米温板金盔甲	Jerrinmarne Plate Armor	Germion_PlateArmor_Armor	5	1
111257	ChestArmor	冰霜之翼板金盔甲	Icewing Plate Armor	Corvo_PlateArmor_Armor	5	1
111996	ChestArmor		Dev Red Dragon Yann Leather Armor	Dev_Red_Dragon_Yann_Leather_Armor	5	1
111997	ChestArmor		Dev Red Dragon Oongka Leather Armor	Dev_Red_Dragon_Oongka_Leather_Armor	5	1
111999	ChestArmor		Dev Red Dragon Kliff Leather Armor	Dev_Red_Dragon_Kliff_Leather_Armor	5	1
112034	ChestArmor	罗迪锁链盔甲	Lodi Chain Mail	Lodi_ChainMail_Armor	5	1
112035	ChestArmor	德里文锁链盔甲	Drivon Chain Mail	Drivon_ChainMail_Armor	5	1
112042	ChestArmor	雷丁锁链盔甲	Reddin Chain Mail	Redin_ChainMail_Armor	5	1
112065	ChestArmor	卡拉里锁链盔甲	Kallari Chain Mail	Kalrari_ChainMail_Armor	5	1
112066	ChestArmor	托蒙德锁链盔甲	Tormand Chain Mail	Tormand_ChainMail_Armor	5	1
112067	ChestArmor	哈塞茨锁链盔甲	Hasets Chain Mail	Hasets_ChainMail_Armor	5	1
112068	ChestArmor	基尔伊利锁链盔甲	Killi Chain Mail	Kililli_ChainMail_Armor	5	1
112069	ChestArmor	巴利顿锁链盔甲	Valton Chain Mail	Valliron_ChainMail_Armor	5	1
112073	ChestArmor	卢克纳温锁链盔甲	Lucnaon Chain Mail	Luknaon_ChainMail_Armor	5	1
112075	ChestArmor	卢克尼安锁链盔甲	Lucnian Chain Mail	Luknian_ChainMail_Armor	5	1
112077	ChestArmor	杜尼温锁链盔甲	Dunion Chain Mail	Dunion_ChainMail_Armor	5	1
112078	ChestArmor	龙焰盔甲	Dragon Flame Armor	Dragon_Knight_Commander_ChainMail_Armor	5	1
112079	ChestArmor	龙骑士战士板金盔甲	Dragon Knight Warrior's Plate Armor	Dragon_Knight_Warrior_PlateArmor_Armor	5	1
112080	ChestArmor	龙骑士锁链盔甲	Dragon Knight Chain Mail	Dragon_Knight_ChainMail_Armor	5	1
113008	ChestArmor	特威尔格皮制盔甲	Twell Leather Armor	Twelgh_Leather_Armor	5	1
113023	ChestArmor	黑翼皮制盔甲	Blackwing Leather Armor	Douglas_Leather_Armor	5	1
113029	ChestArmor	本尼皮制盔甲	Benne Leather Armor	Benne_Leather_Armor	5	1
113032	ChestArmor	索米埃皮制盔甲	Somier Leather Armor	Somieh_Leather_Armor	5	1
113034	ChestArmor	特拉莉锁链盔甲	Traley Chain Mail	Traley_ChainMail_Armor	5	1
113035	ChestArmor	安图布拉布制盔甲	Antumbra Cloth Armor	Dark_King_Fabric_Armor	5	1
113098	ChestArmor	野兽人皮制盔甲	Beastman Leather Armor	Beastman_Leather_Armor	5	1
113145	ChestArmor	哈兰布制盔甲	Harran Cloth Armor	Haran_Fabric_Armor	5	1
113424	ChestArmor	拜勒皮制盔甲	Vyer Leather Armor	Vyrer_Leather_Armor	5	1
113425	ChestArmor	德威皮制盔甲	Dewey Leather Armor	Dweyi_Leather_Armor	5	1
113426	ChestArmor	阿库斯皮制盔甲	Arqus Leather Armor	Arqus_Leather_Armor	5	1
113427	ChestArmor	德里马尔皮制盔甲	Dremel Leather Armor	Dirmall_Leather_Armor	5	1
113428	ChestArmor	迪利尔皮制盔甲	Dyrel Leather Armor	Dyrill_Leather_Armor	5	1
113429	ChestArmor	莫里皮制盔甲	Merly Leather Armor	Merly_Leather_Armor	5	1
113430	ChestArmor	特鲁迪皮制盔甲	Trudy Leather Armor	Trudy_Leather_Armor	5	1
113431	ChestArmor	德里班皮制盔甲	Dreban Leather Armor	Drheebahn_Leather_Armor	5	1
113432	ChestArmor	德利安皮制盔甲	Dellian Leather Armor	Dellian_Leather_Armor	5	1
113433	ChestArmor	库尼克斯皮制盔甲	Kenecks Leather Armor	Qunicks_Leather_Armor	5	1
113434	ChestArmor	比埃尔尼皮制盔甲	Vierni Leather Armor	Bierny_Leather_Armor	5	1
113435	ChestArmor	布洛特皮制盔甲	Blaine Leather Armor	Bloatte_Leather_Armor	5	1
113436	ChestArmor	塞顿皮制盔甲	Cyton Leather Armor	Cyton_Leather_Armor	5	1
113450	ChestArmor	瓦坎皮制盔甲	Wakhan Leather Armor	Wakhan_Leather_Armor	5	1
113451	ChestArmor	巴利安皮制盔甲	Valion Leather Armor	Valion_Leather_Armor	5	1
113452	ChestArmor	弗伦皮制盔甲	Plune Leather Armor	Plune_Leather_Armor	5	1
113453	ChestArmor	利特姆皮制盔甲	Rittem Leather Armor	Rhytem_Leather_Armor	5	1
113454	ChestArmor	莫克皮制盔甲	Mocke Leather Armor	Mocke_Leather_Armor	5	1
113455	ChestArmor	切温皮制盔甲	Chayten Leather Armor	Cheon_Leather_Armor	5	1
113456	ChestArmor	科拉特皮制盔甲	Colatte Leather Armor	Colatte_Leather_Armor	5	1
113457	ChestArmor	卡特姆皮制盔甲	Katerm Leather Armor	Katerm_Leather_Armor	5	1
113459	ChestArmor	森林精灵盔甲	Forest Fae Armor	Forest_Fairy_Leather_Armor	5	1
113460	ChestArmor	白色腥风皮制盔甲	White Bloodwind Leather Armor	Demian_Leather_Armor_III	5	1
113468	ChestArmor	潘塔佩布制盔甲	Pantafe Cloth Armor	Pantafe_Fabric_Armor	5	1
113469	ChestArmor	埃克本布制盔甲	Echebern Cloth Armor	Echebern_Fabric_Armor	5	1
113478	ChestArmor	自卫队布制盔甲	Militia Cloth Armor	Taorant_Fabric_Armor	5	1
113479	ChestArmor	皮兰塔布制盔甲	Pyrantha Cloth Armor	Pyrantha_Fabric_Armor	5	1
113480	ChestArmor	托伊雷斯布制盔甲	Torress Cloth Armor	Toireth_Fabric_Armor	5	1
113481	ChestArmor	阿兰达尔布制盔甲	Arandhal Cloth Armor	Arandhal_Fabric_Armor	5	1
113483	ChestArmor	托顿布制盔甲	Toudon Cloth Armor	Toudon_Fabric_Armor	5	1
113484	ChestArmor	切尔克皮制盔甲	Cherke Leather Armor	Cherke_Leather_Armor	5	1
113485	ChestArmor	布琳皮制盔甲	Blin Leather Armor	Bleann_Leather_Armor	5	1
113495	ChestArmor	登肯皮制盔甲	Dunqane Leather Armor	Duncan_Leather_Armor	5	1
113496	ChestArmor	埃利尔特皮制盔甲	Elliot Leather Armor	Elliot_Leather_Armor	5	1
113497	ChestArmor	柯斯伯特森皮制盔甲	Cuthbertson Leather Armor	Cuthbertson_Leather_Armor	5	1
113498	ChestArmor	布坎南布制盔甲	Buchanan Cloth Armor	Buchanan_Fabric_Armor	5	1
113499	ChestArmor	芬莱森皮制盔甲	Finneron Leather Armor	Finraysen_Leather_Armor	5	1
113500	ChestArmor	托伦斯皮制盔甲	Torrance Leather Armor	Torrance_Leather_Armor	5	1
113502	ChestArmor	奥哈拉皮制盔甲	Ohara Leather Armor	Oharah_Leather_Armor	5	1
113503	ChestArmor	科纳里布制盔甲	Conally Cloth Armor	Conally_Fabric_Armor	5	1
113506	ChestArmor	莱克兰布制盔甲	Rexlan Cloth Armor	Rekklann_Fabric_Armor	5	1
113508	ChestArmor	塔米登布制盔甲	Tarmiden Cloth Armor	Tarmiden_Fabric_Armor	5	1
113510	ChestArmor	塞丁皮制盔甲	Seiden Leather Armor	Seidin_Leather_Armor	5	1
113511	ChestArmor	索隆皮制盔甲	Soron Leather Armor	Soron_Leather_Armor	5	1
113512	ChestArmor	巴鲁宁皮制盔甲	Barunin Leather Armor	Varunin_Leather_Armor	5	1
113523	ChestArmor	盖奥尔克皮制盔甲	Gorg Leather Armor	Georg_Leather_Armor	5	1
113524	ChestArmor	杜黑文制式皮制盔甲	Dewhaven Standard Leather Armor	Harald_Leather_Armor	5	1
113525	ChestArmor	约哈内斯板金盔甲	Johannes Plate Armor	Johannes_PlateArmor_Armor	5	1
113550	ChestArmor	戴维兹皮制盔甲	Davis Leather Armor	Daibeads_Leather_Armor	5	1
113561	ChestArmor	失落王国的皮制盔甲	Leather Armor of the Fallen Kingdom	Deerking_Leather_Armor	5	1
113568	ChestArmor	摩希尔皮制盔甲	Mohill Leather Armor	Mohill_Leather_Armor	5	1
113569	ChestArmor	朗福德皮制盔甲	Lunpherd Leather Armor	Lunpherd_Leather_Armor	5	1
113570	ChestArmor	埃斯里格皮制盔甲	Islekk Leather Armor	Esleague_Leather_Armor	5	1
113571	ChestArmor	巴林丁皮制盔甲	Baladean Leather Armor	Balindean_Leather_Armor	5	1
113572	ChestArmor	纳万布制盔甲	Navan Cloth Armor	Navan_Fabric_Armor	5	1
113573	ChestArmor	格洛索普皮制盔甲	Glosope Leather Armor	Glosope_Leather_Armor	5	1
113574	ChestArmor	诺斯维奇皮制盔甲	Norswich Leather Armor	Norswitch_Leather_Armor	5	1
113575	ChestArmor	坎波皮制盔甲	Campo Leather Armor	Campo_Leather_Armor	5	1
113577	ChestArmor	扎尼科罗皮制盔甲	Janiklo Leather Armor	Johnnycolo_Leather_Armor	5	1
113578	ChestArmor	奈拉奇奥皮制盔甲	Nellaccio Leather Armor	Nellaccio_Leather_Armor	5	1
113579	ChestArmor	达萨索拉皮制盔甲	Dasala Leather Armor	Dasasola_Leather_Armor	5	1
113580	ChestArmor	杰拉诺皮制盔甲	Gerano Leather Armor	Gerano_Leather_Armor	5	1
113581	ChestArmor	皮索尼亚诺皮制盔甲	Pisonia Leather Armor	Pisoniano_Leather_Armor	5	1
113582	ChestArmor	帕利亚诺皮制盔甲	Paliano Leather Armor	Paliano_Leather_Armor	5	1
113584	ChestArmor	洛卡马西玛皮制盔甲	Locasima Leather Armor	Loccamashima_Leather_Armor	5	1
113585	ChestArmor	科里布制盔甲	Corey Cloth Armor	Corey_Fabric_Armor	5	1
113586	ChestArmor	拉里亚诺布制盔甲	Lariano Cloth Armor	Lariano_Fabric_Armor	5	1
113587	ChestArmor	拉努比奥皮制盔甲	Ranubio Leather Armor	Ranubio_Leather_Armor	5	1
113588	ChestArmor	阿尔德亚皮制盔甲	Ardia Leather Armor	Ardeah_Leather_Armor	5	1
113589	ChestArmor	安提卡皮制盔甲	Antika Leather Armor	Antika_Leather_Armor	5	1
113590	ChestArmor	奥斯提亚皮制盔甲	Oustia Leather Armor	Austia_Leather_Armor	5	1
113591	ChestArmor	泰贝雷皮制盔甲	Tarabe Leather Armor	Taebaerae_Leather_Armor	5	1
113592	ChestArmor	蒙泰拉尼科皮制盔甲	Montlanico Leather Armor	Montellanico_Leather_Armor	5	1
113593	ChestArmor	卡尔皮内皮制盔甲	Carpine Leather Armor	Carpinne_Leather_Armor	5	1
113597	ChestArmor	凯登利皮制盔甲	Kednry Leather Armor	Kedenly_Leather_Armor	5	1
113612	ChestArmor	贝因布里奇布制盔甲	Vainbridge Cloth Armor	Vainbridge_Fabric_Armor	5	1
113641	ChestArmor	杜里温锁链盔甲	Durain Chain Mail	Durion_ChainMail_Armor	5	1
113642	ChestArmor	拉特里温锁链盔甲	Latrion Chain Mail	Latrion_ChainMail_Armor	5	1
113643	ChestArmor	西尼恩锁链盔甲	Senian Chain Mail	Senian_ChainMail_Armor	5	1
113646	ChestArmor	提伦皮制盔甲	Tyran Leather Armor	Tyran_Leather_Armor	5	1
113647	ChestArmor	提隆皮制盔甲	Tiron Leather Armor	Tirone_Leather_Armor	5	1
113648	ChestArmor	埃西伦皮制盔甲	Eshrun Leather Armor	Esirun_Leather_Armor	5	1
113650	ChestArmor	格鲁卡皮制盔甲	Groucca Leather Armor	Groucca_Leather_Armor	5	1
113653	ChestArmor	哈兹卡皮制盔甲	Hashaka Leather Armor	Hazuka_Leather_Armor	5	1
113654	ChestArmor	霍布卡皮制盔甲	Hobbuca Leather Armor	Hobuka_Leather_Armor	5	1
113655	ChestArmor	巴汤卡皮制盔甲	Batangka Leather Armor	Batangka_Leather_Armor	5	1
113657	ChestArmor	格里尼皮制盔甲	Greeney Leather Armor	Greeney_Leather_Armor	5	1
113659	ChestArmor	布尔伽皮制盔甲	Bulga Leather Armor	Bulga_Leather_Armor	5	1
113660	ChestArmor	巴尔巴罗斯皮制盔甲	Barbaros Leather Armor	Barbaros_Leather_Armor	5	1
113662	ChestArmor	灰鬃皮制盔甲	Greymanes' Leather Armor	Greyfur_Leather_Armor	5	1
113663	ChestArmor	努西兰皮制盔甲	Nuslan Leather Armor	Nusiran_Leather_Armor	5	1
113664	ChestArmor	拉比伦皮制盔甲	Ravirun Leather Armor	Laviren_Leather_Armor	5	1
113665	ChestArmor	蒙迪恩皮制盔甲	Mondian Leather Armor	Mondian_Leather_Armor	5	1
113666	ChestArmor	萨鲁恩皮制盔甲	Saruen Leather Armor	Saruen_Leather_Armor	5	1
113667	ChestArmor	卢比登皮制盔甲	Rubidan Leather Armor	Rubbiden_Leather_Armor	5	1
113668	ChestArmor	雷西安皮制盔甲	Resian Leather Armor	Rehsian_Leather_Armor	5	1
113671	ChestArmor	拉克西安皮制盔甲	Larkson Leather Armor	Rarksian_Leather_Armor	5	1
113672	ChestArmor	马塔纳皮制盔甲	Matana Leather Armor	Marthana_Leather_Armor	5	1
113673	ChestArmor	雷迪恩布制盔甲	Radian Cloth Armor	Radian_Fabric_Armor	5	1
113688	ChestArmor	阿克莉娅锁链盔甲	Acria Chain Mail	Archria_ChainMail_Armor	5	1
113690	ChestArmor	罗图恩索皮制盔甲	Rotunso Leather Armor	Lotunsau_Leather_Armor	5	1
113691	ChestArmor	隆巴尔迪娜皮制盔甲	Rombardina Leather Armor	Rombardina_Leather_Armor	5	1
113692	ChestArmor	西西里翁皮制盔甲	Sicillion Leather Armor	Sicillion_Leather_Armor	5	1
113693	ChestArmor	罗德尔芬皮制盔甲	Rhodelphine Leather Armor	Rhodelphine_Leather_Armor	5	1
113694	ChestArmor	塔罗皮勒皮制盔甲	Tallofer Leather Armor	Tarofierer_Leather_Armor	5	1
113696	ChestArmor	不屈战士的板金盔甲	Unyielding Warrior's Plate Armor	Pitspec_PlateArmor_Armor	5	1
113697	ChestArmor	梅瑟德布制盔甲	Meishod Cloth Armor	Method_Fabric_Armor	5	1
113698	ChestArmor	布尔德里翁皮制盔甲	Valldren Leather Armor	Vuldrion_Leather_Armor	5	1
113699	ChestArmor	莫尔杜尔皮制盔甲	Moldur Leather Armor	Molduer_Leather_Armor	5	1
113700	ChestArmor	库杰尔钦皮制盔甲	Churrchen Leather Armor	Cuzerchin_Leather_Armor	5	1
113701	ChestArmor	萨奥罗皮制盔甲	Saolo Leather Armor	Saolo_Leather_Armor	5	1
113702	ChestArmor	杰巴纳斯皮制盔甲	Jevanars Leather Armor	Jevanars_Leather_Armor	5	1
113704	ChestArmor	德罗塞尔皮制盔甲	Drossel Leather Armor	Drottesel_Leather_Armor	5	1
113705	ChestArmor	杜梅尼斯布制盔甲	Dumenis Cloth Armor	Duemeniss_Fabric_Armor	5	1
113707	ChestArmor	拉普拉斯皮制盔甲	Laplace Leather Armor	Laplus_Leather_Armor	5	1
113708	ChestArmor	拉迪亚诺皮制盔甲	Radiano Leather Armor	Radiano_Leather_Armor	5	1
113709	ChestArmor	迪奥尼斯皮制盔甲	Dorness Leather Armor	Diorness_Leather_Armor	5	1
113710	ChestArmor	安德里坎皮制盔甲	Undriga Leather Armor	Ondrikhan_Leather_Armor	5	1
113711	ChestArmor	安鲁迪茨皮制盔甲	Anderitz Leather Armor	Anruditz_Leather_Armor	5	1
113712	ChestArmor	拉普茨皮制盔甲	Rapps Leather Armor	Rhapts_Leather_Armor	5	1
113713	ChestArmor	坎塔茨皮制盔甲	Cantars Leather Armor	Cantarts_Leather_Armor	5	1
113714	ChestArmor	皮克提德皮制盔甲	Pictead Leather Armor	Pictead_Leather_Armor	5	1
113715	ChestArmor	巴兰伽德皮制盔甲	Varanguard Leather Armor	Varanguard_Leather_Armor	5	1
113716	ChestArmor	斯卡杜皮制盔甲	Scarteau Leather Armor	Skardoo_Leather_Armor	5	1
113717	ChestArmor	赫斯卡尔皮制盔甲	Huskall Leather Armor	Huskall_Leather_Armor	5	1
113718	ChestArmor	巴尔巴罗伊皮制盔甲	Barbaroy Leather Armor	Barbaroy_Leather_Armor	5	1
113719	ChestArmor	科尔达布皮制盔甲	Kordaav Leather Armor	Kordaav_Leather_Armor	5	1
113720	ChestArmor	利斯皮顿皮制盔甲	Lespedan Leather Armor	Rhyspidon_Leather_Armor	5	1
113721	ChestArmor	施提夫皮制盔甲	Stiv Leather Armor	Stiff_Leather_Armor	5	1
113722	ChestArmor	迪尔普利斯皮制盔甲	Dyrfrith Leather Armor	Deerprice_Leather_Armor	5	1
113723	ChestArmor	斯特格鲁布皮制盔甲	Stugrub Leather Armor	Stugrup_Leather_Armor	5	1
113724	ChestArmor	巴雷特皮制盔甲	Barrette Leather Armor	Barrette_Leather_Armor	5	1
113725	ChestArmor	戈特皮制盔甲	Gaut Leather Armor	Gaut_Leather_Armor	5	1
113729	ChestArmor	贝特尔特皮制盔甲	Bettert Leather Armor	Balder_Leather_Armor	5	1
113730	ChestArmor	舒里茨皮制盔甲	Schlitz Leather Armor	Schlitz_Leather_Armor	5	1
113731	ChestArmor	维登皮制盔甲	Binden Leather Armor	Binden_Leather_Armor	5	1
113732	ChestArmor	阿尔德皮制盔甲	Auld Leather Armor	Ald_Leather_Armor	5	1
113733	ChestArmor	马温皮制盔甲	Mavin Leather Armor	Mawin_Leather_Armor	5	1
113735	ChestArmor	拉斯帕因皮制盔甲	Raspin Leather Armor	Laspine_Leather_Armor	5	1
113736	ChestArmor	杜贝尔皮制盔甲	Duvelle Leather Armor	Duebell_Leather_Armor	5	1
113737	ChestArmor	卡利尔斯皮制盔甲	Karius Leather Armor	Carious_Leather_Armor	5	1
113738	ChestArmor	斯洛因皮制盔甲	Slouwen Leather Armor	Slowin_Leather_Armor	5	1
113739	ChestArmor	布罗温皮制盔甲	Bleawin Leather Armor	Blowin_Leather_Armor	5	1
113741	ChestArmor	特里里昂皮制盔甲	Trellian Leather Armor	Trillion_Leather_Armor	5	1
113742	ChestArmor	夕阳芦苇皮制盔甲	Sunset Reed Leather Armor	Reeddevil_Leather_Armor	5	1
113746	ChestArmor	无名贤者的皮制盔甲	Nameless Sage's Leather Armor	NoName_Wiseman_Leather_Armor	5	1
113748	ChestArmor	鲁丁皮制盔甲	Ludynn Leather Armor	Ludynn_Leather_Armor	5	1
113749	ChestArmor	里克皮制盔甲	Reak Leather Armor	Reak_Leather_Armor	5	1
113750	ChestArmor	马克皮制盔甲	Marc Leather Armor	Mark_Leather_Armor	5	1
113751	ChestArmor	斯密罗顿皮制盔甲	Smilodon Leather Armor	Smilodon_Leather_Armor	5	1
113752	ChestArmor	诺伊班皮制盔甲	Noyvarn Leather Armor	Noyvarn_Leather_Armor	5	1
113760	ChestArmor	卢本皮制盔甲	Luverne Leather Armor	Luverne_Leather_Armor	5	1
113761	ChestArmor	加兰塔皮制盔甲	Galanta Leather Armor	Galanta_Leather_Armor	5	1
113762	ChestArmor	内尔顿皮制盔甲	Nelton Leather Armor	Nelton_Leather_Armor	5	1
113763	ChestArmor	布罗格皮制盔甲	Brogue Leather Armor	Brogue_Leather_Armor	5	1
113764	ChestArmor	霍泽斯皮制盔甲	Hodges Leather Armor	Hodges_Leather_Armor	5	1
113765	ChestArmor	杜卡皮制盔甲	Ducca Leather Armor	Ducca_Leather_Armor	5	1
113767	ChestArmor	贝尔克皮制盔甲	Berker Leather Armor	Berker_Leather_Armor	5	1
113768	ChestArmor	塔图拉皮制盔甲	Tatura Leather Armor	Tarura_Leather_Armor	5	1
113769	ChestArmor	坦帕特皮制盔甲	Tavat Leather Armor	Tanfat_Leather_Armor	5	1
113770	ChestArmor	高梅尔皮制盔甲	Gomel Leather Armor	Gomel_Leather_Armor	5	1
113771	ChestArmor	恩格皮制盔甲	Enge Leather Armor	Enge_Leather_Armor	5	1
113772	ChestArmor	提卡尔皮制盔甲	Tikkal Leather Armor	Tikkar_Leather_Armor	5	1
113773	ChestArmor	穆拉德皮制盔甲	Murad Leather Armor	Murard_Leather_Armor	5	1
113774	ChestArmor	迪农皮制盔甲	Dannon Leather Armor	Dinon_Leather_Armor	5	1
113775	ChestArmor	乌隆泰皮制盔甲	Ulontai Leather Armor	Uronthai_Leather_Armor	5	1
113776	ChestArmor	胡恩皮制盔甲	Huron Leather Armor	Huon_Leather_Armor	5	1
113777	ChestArmor	贝吉尔皮制盔甲	Begill Leather Armor	Begill_Leather_Armor	5	1
113778	ChestArmor	里克马皮制盔甲	Rigma Leather Armor	Rikkmah_Leather_Armor	5	1
113779	ChestArmor	伯迪什皮制盔甲	Verdesh Leather Armor	Birdish_Leather_Armor	5	1
113780	ChestArmor	赫尔温皮制盔甲	Herwin Leather Armor	Herween_Leather_Armor	5	1
113781	ChestArmor	德克切皮制盔甲	Dekter Leather Armor	Dekcher_Leather_Armor	5	1
113782	ChestArmor	格夫皮制盔甲	Guff Leather Armor	Guff_Leather_Armor	5	1
113785	ChestArmor	格罗梅特皮制盔甲	Grommet Leather Armor	Grommet_Leather_Armor	5	1
113786	ChestArmor	阿休尔皮制盔甲	Ajure Leather Armor	Ajure_Leather_Armor	5	1
113787	ChestArmor	萨利米皮制盔甲	Salimi Leather Armor	Salimi_Leather_Armor	5	1
113788	ChestArmor	尼赫拉特皮制盔甲	Nehrut Leather Armor	Nihrutte_Leather_Armor	5	1
113789	ChestArmor	塔卡特皮制盔甲	Takkat Leather Armor	Takat_Leather_Armor	5	1
113790	ChestArmor	威特利皮制盔甲	Whitley Leather Armor	Witley_Leather_Armor	5	1
113791	ChestArmor	凯山皮制盔甲	Kaisan Leather Armor	Kaisan_Leather_Armor	5	1
113792	ChestArmor	德伊瑟伦皮制盔甲	Derrison Leather Armor	Dayseorun_Leather_Armor	5	1
113798	ChestArmor	伯鲁布林皮制盔甲	Berblin Leather Armor	Berlublean_Leather_Armor	5	1
113800	ChestArmor	芦苇恶魔手下红色盔甲	Reed Devil Underling's Red Armor	Reeddevil_Leather_Armor_I	5	1
113801	ChestArmor	芦苇恶魔手下黄色盔甲	Reed Devil Underling's Yellow Armor	Reeddevil_Leather_Armor_II	5	1
113802	ChestArmor	芦苇恶魔手下普通盔甲	Reed Devil Underling's Armor	Reeddevil_Leather_Armor_III	5	1
114298	ChestArmor	科科塔尔布制盔甲	Cocotar Cloth Armor	Cocotar_Fabric_Armor	5	1
114299	ChestArmor	特里亚布制盔甲	Tryah Cloth Armor	Tryah_Fabric_Armor	5	1
114300	ChestArmor	亚特鲁的意志布制盔甲	Ator's Will Cloth Armor	Wintharden_Fabric_Armor	5	1
114301	ChestArmor	法福布制盔甲	Paifo Cloth Armor	Pypho_Fabric_Armor	5	1
114323	ChestArmor	安卡拉布制盔甲	Ancara Cloth Armor	Ankara_Fabric_Armor	5	1
114324	ChestArmor	埃贝索布制盔甲	Esbeth Cloth Armor	Ephesus_Fabric_Armor	5	1
114325	ChestArmor	穆西娅布制盔甲	Muchia Cloth Armor	Muchia_Fabric_Armor	5	1
114326	ChestArmor	火焰飞龙团布制盔甲	Wyvernflames Cloth Armor	Tokart_Fabric_Armor	5	1
114327	ChestArmor	迪兹杰布制盔甲	Duizeh Cloth Armor	Duzje_Fabric_Armor	5	1
114328	ChestArmor	伊兹米特布制盔甲	Izumit Cloth Armor	Izumit_Fabric_Armor	5	1
114329	ChestArmor	穆格拉布制盔甲	Mugleah Cloth Armor	Muglah_Fabric_Armor	5	1
114336	ChestArmor	米尔嫩布制盔甲	Myrnen Cloth Armor	Myrenenn_Fabric_Armor	5	1
114337	ChestArmor	博尔因布制盔甲	Bollin Cloth Armor	Volruin_Fabric_Armor	5	1
114338	ChestArmor	利布内布制盔甲	Livner Cloth Armor	Livneh_Fabric_Armor	5	1
114339	ChestArmor	里比夫布制盔甲	Ruvib Cloth Armor	Levibb_Fabric_Armor	5	1
114340	ChestArmor	布利德布制盔甲	Bleed Cloth Armor	Ivano_Fabric_Armor	5	1
114341	ChestArmor	阿尔佳斯布制盔甲	Alsace Cloth Armor	Alsace_Fabric_Armor	5	1
114342	ChestArmor	贝奥拉特布制盔甲	Beralt Cloth Armor	Beoratte_Fabric_Armor	5	1
114343	ChestArmor	蒙特里马布制盔甲	Monterima Cloth Armor	Monterima_Fabric_Armor	5	1
114344	ChestArmor	迪奥尔布制盔甲	Deorre Cloth Armor	Dior_Fabric_Armor	5	1
114347	ChestArmor	派恩斯布制盔甲	Faians Cloth Armor	Faience_Fabric_Armor	5	1
114350	ChestArmor	康卡尔布制盔甲	Concarr Cloth Armor	Konkhar_Fabric_Armor	5	1
114353	ChestArmor	卢埃布制盔甲	Luwea Cloth Armor	Lueh_Fabric_Armor	5	1
114354	ChestArmor	嘉埃尔布制盔甲	Gael Cloth Armor	Gael_Fabric_Armor	5	1
114355	ChestArmor	博尔甘布制盔甲	Bolgan Cloth Armor	Volghan_Fabric_Armor	5	1
114356	ChestArmor	德尔内特布制盔甲	Dernat Cloth Armor	Dernat_Fabric_Armor	5	1
114357	ChestArmor	东戈比布制盔甲	Dondegobi Cloth Armor	Dongdegobi_Fabric_Armor	5	1
114358	ChestArmor	戈比阿尔泰布制盔甲	Gobialta Cloth Armor	Gobialthai_Fabric_Armor	5	1
114359	ChestArmor	欧布斯布制盔甲	Orbus Cloth Armor	Orbs_Fabric_Armor	5	1
114360	ChestArmor	亨提布制盔甲	Hentree Cloth Armor	Hentti_Fabric_Armor	5	1
114361	ChestArmor	乌布尔布制盔甲	Oubreve Cloth Armor	Ouvre_Fabric_Armor	5	1
114362	ChestArmor	哈盖布制盔甲	Harghai Cloth Armor	Harghai_Fabric_Armor	5	1
114370	ChestArmor	泰尔福德布制盔甲	Telford Cloth Armor	Telford_Fabric_Armor	5	1
114398	ChestArmor	达拉兹布制盔甲	Daraz Cloth Armor	Daraz_Fabric_Armor	5	1
114414	ChestArmor	邓莫尔布制盔甲	Denmore Cloth Armor	Denmore_Fabric_Armor	5	1
114415	ChestArmor	泰林布制盔甲	Telin Cloth Armor	Telin_Fabric_Armor	5	1
114416	ChestArmor	凯利斯布制盔甲	Calis Cloth Armor	Calis_Fabric_Armor	5	1
114418	ChestArmor	罗沙因布制盔甲	Roshayne Cloth Armor	Roshine_Fabric_Armor	5	1
114419	ChestArmor	敏图安布制盔甲	Minnutan Cloth Armor	Mintuan_Fabric_Armor	5	1
114421	ChestArmor	德勒姆芬布制盔甲	Drumfin Cloth Armor	Drumfin_Fabric_Armor	5	1
114423	ChestArmor	德里姆诺布制盔甲	Drimrow Cloth Armor	Drimnarrow_Fabric_Armor	5	1
114428	ChestArmor	托伊特布制盔甲	Totte Cloth Armor	Toitte_Fabric_Armor	5	1
114430	ChestArmor	拉德利布制盔甲	Radley Cloth Armor	Radley_Fabric_Armor	5	1
114431	ChestArmor	卢西昂布制盔甲	Lucion Cloth Armor	Lucion_Fabric_Armor	5	1
114432	ChestArmor	西尼恩布制盔甲	Senian Cloth Armor	Senian_Fabric_Armor	5	1
114437	ChestArmor	拉基布制盔甲	Lackey Cloth Armor	Racky_Fabric_Armor	5	1
114438	ChestArmor	卡萨布制盔甲	Kassa Cloth Armor	Casa_Fabric_Armor	5	1
114439	ChestArmor	安斯布制盔甲	Annis Cloth Armor	Ahns_Fabric_Armor	5	1
114442	ChestArmor	马克拉布制盔甲	Marka Cloth Armor	Machrah_Fabric_Armor	5	1
114443	ChestArmor	马克里布制盔甲	Makri Cloth Armor	Marcree_Fabric_Armor	5	1
114458	ChestArmor	提伦布制盔甲	Tyran Cloth Armor	Tyran_Fabric_Armor	5	1
114459	ChestArmor	提隆布制盔甲	Tiron Cloth Armor	Tirone_Fabric_Armor	5	1
114460	ChestArmor	蒂伦布制盔甲	Tyrune Cloth Armor	Tyrune_Fabric_Armor	5	1
114461	ChestArmor	塔伦布制盔甲	Tarun Cloth Armor	Taroon_Fabric_Armor	5	1
114462	ChestArmor	提尼温布制盔甲	Tynion Cloth Armor	Tinian_Fabric_Armor	5	1
114463	ChestArmor	塔尼温布制盔甲	Tanion Cloth Armor	Tanion_Fabric_Armor	5	1
114464	ChestArmor	尼斯隆布制盔甲	Neslan Cloth Armor	Nysron_Fabric_Armor	5	1
114465	ChestArmor	埃西伦布制盔甲	Eshrun Cloth Armor	Ecyrune_Fabric_Armor	5	1
114468	ChestArmor	迪什雷特布制盔甲	Deshret Cloth Armor	Deshret_Fabric_Armor	5	1
114471	ChestArmor	塔卡纳布制盔甲	Takana Cloth Armor	Tarchana_Fabric_Armor	5	1
114473	ChestArmor	拉克西皮制盔甲	Lakshi Leather Armor	Laksh_Leather_Armor	5	1
114476	ChestArmor	拉德兰布制盔甲	Ladran Cloth Armor	Ladran_Fabric_Armor	5	1
114477	ChestArmor	努西兰布制盔甲	Nuslan Cloth Armor	Nusiran_Fabric_Armor	5	1
114478	ChestArmor	拉比伦布制盔甲	Ravirun Cloth Armor	Laviren_Fabric_Armor	5	1
114479	ChestArmor	巴尔安布制盔甲	Barian Cloth Armor	Bareuan_Fabric_Armor	5	1
114480	ChestArmor	巴尔西布制盔甲	Barcy Cloth Armor	Barcy_Fabric_Armor	5	1
114481	ChestArmor	巴特蒙布制盔甲	Bartmun Cloth Armor	Battmen_Fabric_Armor	5	1
114482	ChestArmor	奥尔图布制盔甲	Orthu Cloth Armor	Orthu_Fabric_Armor	5	1
114483	ChestArmor	托卡尔布制盔甲	Tohkar Cloth Armor	Tohkar_Fabric_Armor	5	1
114484	ChestArmor	贝尔迪南布制盔甲	Verdinan Cloth Armor	Verdinan_Fabric_Armor	5	1
114485	ChestArmor	博尔塞赫尔布制盔甲	Borsehir Cloth Armor	Borsehir_Fabric_Armor	5	1
114486	ChestArmor	基诺夫布制盔甲	Keanoff Cloth Armor	Kinov_Fabric_Armor	5	1
114493	ChestArmor	罗尼德布制盔甲	Rhonid Cloth Armor	Ronied_Fabric_Armor	5	1
114494	ChestArmor	福赫尔布制盔甲	Pouhel Cloth Armor	Pauherr_Fabric_Armor	5	1
114495	ChestArmor	迪林杰布制盔甲	Dillinger Cloth Armor	Dealinger_Fabric_Armor	5	1
114496	ChestArmor	埃凯尼布制盔甲	Eckney Cloth Armor	Erkeney_Fabric_Armor	5	1
114503	ChestArmor	巴拉图姆布制盔甲	Baratum Cloth Armor	Baratum_Fabric_Armor	5	1
114504	ChestArmor	巴利图姆布制盔甲	Baritum Cloth Armor	Baritum_Fabric_Armor	5	1
114505	ChestArmor	巴拉斯布制盔甲	Baras Cloth Armor	Baras_Fabric_Armor	5	1
114507	ChestArmor	巴拉库罗布制盔甲	Baraccuro Cloth Armor	Baraccuro_Fabric_Armor	5	1
114512	ChestArmor	巴拉奥布制盔甲	Barrow Cloth Armor	Baraoh_Fabric_Armor	5	1
114513	ChestArmor	拜拉奥布制盔甲	Bailao Cloth Armor	Bailao_Fabric_Armor	5	1
114514	ChestArmor	巴克拉奥布制盔甲	Barclao Cloth Armor	Bakrao_Fabric_Armor	5	1
114516	ChestArmor	巴克布制盔甲	Barch Cloth Armor	Barch_Fabric_Armor	5	1
114521	ChestArmor	布杜尔锁链盔甲	Bedure Chain Mail	Vdure_ChainMail_Armor	5	1
114523	ChestArmor	里克夏锁链盔甲	Riksha Chain Mail	Leeksha_ChainMail_Armor	5	1
114524	ChestArmor	拉提娅布制盔甲	Lathia Cloth Armor	Lathia_Fabric_Armor	5	1
114526	ChestArmor	凯纳布布制盔甲	Kennav Cloth Armor	Kenav_Fabric_Armor	5	1
114527	ChestArmor	兰卡茨布制盔甲	Lancats Cloth Armor	Lankaz_Fabric_Armor	5	1
114528	ChestArmor	兰图亚布制盔甲	Rangtua Cloth Armor	Langtois_Fabric_Armor	5	1
114529	ChestArmor	内宾布制盔甲	Nevin Cloth Armor	Hailbrin_Fabric_Armor	5	1
114530	ChestArmor	兰帕什布制盔甲	Ranphas Cloth Armor	Langphash_Fabric_Armor	5	1
114531	ChestArmor	洛克塔布制盔甲	Roctar Cloth Armor	Roctar_Fabric_Armor	5	1
114532	ChestArmor	巴尔巴罗伊布制盔甲	Barbaroy Cloth Armor	Barbaroy_Fabric_Armor	5	1
114533	ChestArmor	皮奥尔布制盔甲	Fiore Cloth Armor	Fiore_Fabric_Armor	5	1
114534	ChestArmor	沃斯坦布制盔甲	Warstein Cloth Armor	Warstein_Fabric_Armor	5	1
114535	ChestArmor	科南特里布制盔甲	Conentry Cloth Armor	Cournantry_Fabric_Armor	5	1
114536	ChestArmor	伯基亚布制盔甲	Berkhia Cloth Armor	Berkhia_Fabric_Armor	5	1
114537	ChestArmor	奥斯特费尔特布制盔甲	Austfeld Cloth Armor	Austphelt_Fabric_Armor	5	1
114539	ChestArmor	戈特布制盔甲	Gaut Cloth Armor	Gaut_Fabric_Armor	5	1
114540	ChestArmor	伽德里什布制盔甲	Gadereich Cloth Armor	Gadherish_Fabric_Armor	5	1
114541	ChestArmor	伊文布制盔甲	Ewen Cloth Armor	Ewen_Fabric_Armor	5	1
114542	ChestArmor	古代人弗里穆斯的布制盔甲	Primus's Cloth Armor	Ancient_Fabric_Armor	5	1
114544	ChestArmor	迪克兹布制盔甲	Diggs Cloth Armor	Deekz_Fabric_Armor	5	1
114545	ChestArmor	莱德勒兹布制盔甲	Raddler Cloth Armor	Raddlerz_Fabric_Armor	5	1
114553	ChestArmor	博尔卡德布制盔甲	Volghad Cloth Armor	Volkard_Fabric_Armor	5	1
114554	ChestArmor	乌尔塔布制盔甲	Ultar Cloth Armor	Ultar_Fabric_Armor	5	1
114555	ChestArmor	多安布制盔甲	Dohann Cloth Armor	Dohahn_Fabric_Armor	5	1
114556	ChestArmor	博尔默斯布制盔甲	Bahlmers Cloth Armor	Volmers_Fabric_Armor	5	1
114557	ChestArmor	托尔卡因布制盔甲	Tolkane Cloth Armor	Tolkane_Fabric_Armor	5	1
114558	ChestArmor	班迪德布制盔甲	Bandide Cloth Armor	Barndid_Fabric_Armor	5	1
114559	ChestArmor	杜尔柯布制盔甲	Dwelker Cloth Armor	Duilker_Fabric_Armor	5	1
114560	ChestArmor	柏伦德布制盔甲	Veronde Cloth Armor	Veronde_Fabric_Armor	5	1
114561	ChestArmor	鲁西布制盔甲	Ruschelle Cloth Armor	Ruischule_Fabric_Armor	5	1
114562	ChestArmor	罗萨杜因布制盔甲	Rosarduin Cloth Armor	Rosardeuin_Fabric_Armor	5	1
114563	ChestArmor	舍乌登布制盔甲	Sherwood Cloth Armor	Sherwooden_Fabric_Armor	5	1
114564	ChestArmor	伊拉提布制盔甲	Eyratt Cloth Armor	Iyratti_Fabric_Armor	5	1
114565	ChestArmor	格伦布制盔甲	Gruun Cloth Armor	Gruun_Fabric_Armor	5	1
114566	ChestArmor	奥隆布制盔甲	Auron Cloth Armor	Auron_Fabric_Armor	5	1
114568	ChestArmor	萨拉什布制盔甲	Salash Cloth Armor	Salash_Fabric_Armor	5	1
114569	ChestArmor	博尔曼布制盔甲	Borman Cloth Armor	Borman_Fabric_Armor	5	1
114570	ChestArmor	贝尔吉尔布制盔甲	Berghill Cloth Armor	Vergill_Fabric_Armor	5	1
114571	ChestArmor	哈萨尔布制盔甲	Hassal Cloth Armor	Hassal_Fabric_Armor	5	1
114572	ChestArmor	梅拉班布制盔甲	Meravan Cloth Armor	Meravan_Fabric_Armor	5	1
114573	ChestArmor	什扎尔布制盔甲	Chizhar Cloth Armor	Chijar_Fabric_Armor	5	1
114574	ChestArmor	达卡本布制盔甲	Dahkavan Cloth Armor	Dakahbern_Fabric_Armor	5	1
114575	ChestArmor	扎亚尔布制盔甲	Ziahl Cloth Armor	Zial_Fabric_Armor	5	1
114576	ChestArmor	阿蒙杜尔布制盔甲	Amundule Cloth Armor	Amundule_Fabric_Armor	5	1
114577	ChestArmor	萨伦迪翁布制盔甲	Sarendion Cloth Armor	Sarendion_Fabric_Armor	5	1
114578	ChestArmor	希尔达布制盔甲	Hysilda Cloth Armor	Hysilda_Fabric_Armor	5	1
114579	ChestArmor	约基布制盔甲	Yorkey Cloth Armor	Yorkey_Fabric_Armor	5	1
114580	ChestArmor	多雷特布制盔甲	Dollette Cloth Armor	Dollette_Fabric_Armor	5	1
114581	ChestArmor	比勒雷特布制盔甲	Verette Cloth Armor	Virerette_Fabric_Armor	5	1
114582	ChestArmor	海伦布制盔甲	Haillen Cloth Armor	Hailen_Fabric_Armor	5	1
114583	ChestArmor	卡尔拜丹布制盔甲	Khalbdan Cloth Armor	Khalbydan_Fabric_Armor	5	1
114587	ChestArmor	舒勒宾布制盔甲	Schillerbin Cloth Armor	Schillerbin_Fabric_Armor	5	1
114588	ChestArmor	内布林布制盔甲	Neblin Cloth Armor	Neblin_Fabric_Armor	5	1
114590	ChestArmor	炽热苍穹的布制盔甲	Skyblazer Cloth Armor	Scalaphynion_Fabric_Armor	5	1
114595	ChestArmor	面具解放者的布制盔甲	The Masked Liberator's Cloth Armor	Heisellen_Fabric_Armor	5	1
114596	ChestArmor	凯欧勒布制盔甲	Keller Cloth Armor	Keoller_Fabric_Armor	5	1
114600	ChestArmor	佩伦服装	Pailunese Attire	Lunosier_Fabric_Armor	5	1
114604	ChestArmor	斯皮扎霍恩布制盔甲	Spetsahorn Cloth Armor	Sphezajon_Fabric_Armor	5	1
114605	ChestArmor	莫德勒斯布制盔甲	Muddliss Cloth Armor	Muddlers_Fabric_Armor	5	1
114606	ChestArmor	德雷西亚布制衣服	Delesyian Cloth Attire	Varantine_Fabric_Armor	5	1
114607	ChestArmor	康布制盔甲	Kang Cloth Armor	Kang_Fabric_Armor	5	1
114608	ChestArmor	吉尼安布制盔甲	Zynian Cloth Armor	Zinianne_Fabric_Armor	5	1
114609	ChestArmor	扎米尔布制盔甲	Zamir Cloth Armor	Zamir_Fabric_Armor	5	1
114610	ChestArmor	鲁博农布制盔甲	Lubonon Cloth Armor	Rubaunon_Fabric_Armor	5	1
114611	ChestArmor	德尼尔布制盔甲	Denill Cloth Armor	Denill_Fabric_Armor	5	1
114613	ChestArmor	诺布尔布制盔甲	Noble Cloth Armor	Noble_Fabric_Armor	5	1
114615	ChestArmor	奥多利布制盔甲	Odorrey Cloth Armor	Odori_Fabric_Armor	5	1
114619	ChestArmor	德加布制盔甲	Dega Cloth Armor	Degah_Fabric_Armor	5	1
114623	ChestArmor	兔皮外套	Rabbit Leather Coat	Abyss_Surreal_Human_Leather_Armor	5	1
114624	ChestArmor	小丑皮革外套	Jester Leather Coat	Abyss_Surreal_Wolf_Leather_Armor	5	1
114629	ChestArmor	切尔西亚板金盔甲	Chelcia Plate Armor	Demeniss_PlateArmor_Armor	5	1
114630	ChestArmor	反缪尔板金盔甲	Anti-Meyer Plate Armor	Anti_Demeniss_Mueo_PlateArmor_Armor	5	1
114633	ChestArmor	半克雷伊尔板金盔甲	Anti-Crail Plate Armor	Anti_Demeniss_Crail_PlateArmor_Armor	5	1
114640	ChestArmor	红刃布制盔甲	Scarlet Blades Cloth Armor	Optionary_Bleed_Fabric_Armor	5	1
121006	Gloves	特里什皮制手套	Trish Leather Gloves	Trish_Leather_Gloves	6	1
121007	Gloves	里特拉皮制手套	Leahdra Leather Gloves	Litra_Leather_Gloves	6	1
121008	Gloves	贝伊尔皮制手套	Veile Leather Gloves	Veil_Leather_Gloves	6	1
121009	Gloves	贝伦皮制手套	Behrun Hide Bracers	Veroon_Leather_Gloves	6	1
121010	Gloves	审判官的板金手套	Inquisitor's Plate Gloves	Judge_PlateArmor_Gloves	6	1
121013	Gloves	坎塔板金手套	Canta Plate Gloves	Keredig_PlateArmor_Gloves	6	1
121014	Gloves	德莱伽板金手套	Draiga Plate Gloves	Draiga_PlateArmor_Gloves	6	1
121015	Gloves	鲁讷布制手套	Runae Cloth Gloves	Grace_Fabric_Gloves	6	1
121017	Gloves	霜降诅咒板金手套	Frostcursed Plate Gloves	Skull_Knight_PlateArmor_Gloves	6	1
121022	Gloves	火焰剑士板金手套	Flame Swordsman Plate Gloves	Flame_SwordMan_PlateArmor_Gloves	6	1
121024	Gloves	巴茨板金手套	Batz Plate Gloves	Batz_PlateArmor_Gloves	6	1
121025	Gloves	塔兰都斯板金手套	Tarandus Plate Gloves	Tarandus_PlateArmor_Gloves	6	1
121026	Gloves	焦灼火焰板金手套	Scorchflame Plate Gloves	Londel_PlateArmor_Gloves	6	1
121027	Gloves	卡姆森板金手套	Camsen Plate Gloves	Kamsen_PlateArmor_Gloves	6	1
121029	Gloves	丁菲尔德板金手套	Dimfeld Plate Gloves	Dimfeld_PlateArmor_Gloves	6	1
121032	Gloves	阿伽塔板金手套	Agatha's Plate Gloves	Argatah_PlateArmor_Gloves	6	1
121033	Gloves	阿夏德板金手套	Ashad Plate Gloves	Ashad_PlateArmor_Gloves	6	1
121034	Gloves	索拉斯板金手套	Solas Plate Gloves	Solas_PlateArmor_Gloves	6	1
121042	Gloves	皮因卡板金手套	Pernicia Plate Gloves	Pyinca_PlateArmor_Gloves	6	1
121043	Gloves	法尔蒙板金手套	Ferman Plate Gloves	Parmen_PlateArmor_Gloves	6	1
121050	Gloves	灰狼皮制手套	Grey Wolf Leather Gloves	Mercenary_Gloves	6	1
121054	Gloves	鲁温板金手套	Luon Plate Gloves	Luon_PlateArmor_Gloves	6	1
121055	Gloves	伦特板金手套	Luthor Plate Gloves	Lunther_PlateArmor_Gloves	6	1
121056	Gloves	阿肯板金手套	Arkhan Plate Gloves	Arkhan_PlateArmor_Gloves	6	1
121057	Gloves	杜梅尼斯板金手套	Dumenis Plate Gloves	Duemeniss_PlateArmor_Gloves	6	1
121059	Gloves	拉提板金手套	Ratti Plate Gloves	Ratti_PlateArmor_Gloves	6	1
121060	Gloves	伊提斯板金手套	Ettis Plate Gloves	Iytis_PlateArmor_Gloves	6	1
121061	Gloves	里克伦布制手套	Recklin Cloth Gloves	Reklenne_Fabric_Gloves	6	1
121065	Gloves	凯瓦尔板金手套	Kevile Plate Gloves	Kebail_PlateArmor_Gloves	6	1
121067	Gloves	维伦板金手套	Weirren Plate Gloves	Weeren_PlateArmor_Gloves	6	1
121068	Gloves	德比宁板金手套	Devinine Plate Gloves	Devinenne_PlateArmor_Gloves	6	1
121069	Gloves	冰霜之翼板金手套	Icewing Plate Gloves	Corvo_PlateArmor_Gloves	6	1
121070	Gloves	德梅尼斯精英板金手套	Demenissian Elite Plate Gloves	Goloduan_PlateArmor_Gloves	6	1
121071	Gloves	金色欲望板金手套	Golden Greed Plate Gloves	Gaeljude_PlateArmor_Gloves	6	1
121072	Gloves	贝鲁伊板金手套	Belui Plate Gloves	Belui_PlateArmor_Gloves	6	1
121081	Gloves	失落王国的板金手套	Plate Gloves of the Fallen Kingdom	Deerking_PlateArmor_Gloves	6	1
122006	Gloves	野兽人锁链手套	Beastman Chain Gloves	Beastman_ChainMail_Gloves	6	1
123008	Gloves	奥斯特费尔特皮制手套	Austfeld Leather Gloves	Austphelt_Leather_Gloves	6	1
123013	Gloves	皮奥利皮制手套	Fiori Leather Gloves	Peori_Leather_Gloves	6	1
123014	Gloves	扎尼科罗皮制手套	Janiklo Leather Gloves	Johnnycolo_Leather_Gloves	6	1
123017	Gloves	巴莱皮制手套	Barre Leather Gloves	Ballet_Leather_Gloves	6	1
123018	Gloves	伯基亚皮制手套	Berkhia Leather Gloves	Berkhia_Leather_Gloves	6	1
123019	Gloves	高德哈特锁链手套	Goldheart Chain Gloves	Godhehart_ChainMail_Gloves	6	1
123020	Gloves	科尔达布皮制手套	Kordaav Leather Gloves	Kordaav_Leather_Gloves	6	1
123024	Gloves	卡拉科鲁姆皮制手套	Cacoreum Leather Gloves	Karacorum_Leather_Gloves	6	1
123027	Gloves	克莱尔皮制手套	Claire Leather Gloves	Claire_Leather_Gloves	6	1
123031	Gloves	哈克皮制手套	Hark Leather Gloves	Hark_Leather_Gloves	6	1
123033	Gloves	沃斯顿皮制手套	Weiston Leather Gloves	Worstern_Leather_Gloves	6	1
123035	Gloves	塔利埃辛皮制手套	Talisin Leather Gloves	Taliesin_Leather_Gloves	6	1
123036	Gloves	梅尔文皮制手套	Melvin Leather Gloves	Melvin_Leather_Gloves	6	1
123038	Gloves	特里温皮制手套	Trion Leather Gloves	Treeon_Leather_Gloves	6	1
123040	Gloves	伊贝尼泽皮制手套	Ebenezer Leather Gloves	Ebenezer_Leather_Gloves	6	1
123041	Gloves	帕维斯皮制手套	Pavis Leather Gloves	Tesslit_Leather_Gloves	6	1
123043	Gloves	隆戴尔皮制手套	Rondel Leather Gloves	Londel_Leather_Gloves	6	1
123044	Gloves	皮尔塞伊皮制手套	Perseus Leather Gloves	Perseus_Leather_Gloves	6	1
123052	Gloves	贝因的皮制手套	Byren's Leather Gloves	Vain_Leather_Gloves	6	1
123053	Gloves	卡达隆皮制手套	Kadallon Leather Gloves	Cadwallon_Leather_Gloves	6	1
123055	Gloves	萨伦皮制手套	Salun Leather Gloves	Sarun_Leather_Gloves	6	1
123061	Gloves	利斯皮顿皮制手套	Lespedan Leather Gloves	Rhyspidon_Leather_Gloves	6	1
123064	Gloves	雷伊吉斯皮制手套	Rheigis Leather Gloves	Kadel_Leather_Gloves	6	1
123065	Gloves	海格伍德皮制手套	Hagwood Leather Gloves	Hagwood_Leather_Gloves	6	1
123068	Gloves	拉斯佩尔特皮制手套	Lasfeld Leather Gloves	Raspel_Leather_Gloves	6	1
123069	Gloves	乌迪内皮制手套	Wyrdins Leather Gloves	Woodys_Leather_Gloves	6	1
123070	Gloves	安得利亚皮制手套	Andria Leather Gloves	Andria_Leather_Gloves	6	1
123072	Gloves	拉克里皮制手套	Larkri Leather Gloves	Lacquer_Leather_Gloves	6	1
123077	Gloves	罗斯巴拉皮制手套	Rossbara Leather Gloves	Rossbara_Leather_Gloves	6	1
123078	Gloves	布里安皮制手套	Blyne Leather Bracers	Blyan_Leather_Gloves	6	1
123084	Gloves	伦纳德皮制手套	Rhinard Leather Gloves	Rhinard_Leather_Gloves	6	1
123097	Gloves	斯利肖伦皮制手套	Sleishorn Leather Gloves	Sleeshorn_Leather_Gloves	6	1
123099	Gloves	莫宁顿布制手套	Mornington Cloth Gloves	Mornington_Fabric_Gloves	6	1
123101	Gloves	巴林德里皮制手套	Bandellure Leather Gloves	Balindeuri_Leather_Gloves	6	1
123104	Gloves	诺克本皮制手套	Nocburn Leather Gloves	Nocburn_Leather_Gloves	6	1
123106	Gloves	德鲁马德皮制手套	Drumard Leather Gloves	Drumard_Leather_Gloves	6	1
123110	Gloves	斯特拉顿皮制手套	Stratton Leather Gloves	Stratton_Leather_Gloves	6	1
123112	Gloves	赫格皮制手套	Hegea Leather Gloves	Hegeh_Leather_Gloves	6	1
123113	Gloves	卡姆森皮制手套	Camsen Leather Gloves	Kamsen_Leather_Gloves	6	1
123117	Gloves	马提亚斯皮制手套	Matthias' Leather Gloves	Matthias_Leather_Gloves	6	1
123119	Gloves	拉德提皮制手套	Layddete Leather Gloves	Ladete_Leather_Gloves	6	1
123122	Gloves	卡尔拜丹皮制手套	Khalbdan Leather Gloves	Khalbydan_Leather_Gloves	6	1
123126	Gloves	卢科内克皮制手套	Rueconec Leather Gloves	Luconek_Leather_Gloves	6	1
123133	Gloves	拉基尔布制手套	Rakhir Cloth Gloves	Rakhir_Fabric_Gloves	6	1
123136	Gloves	萨提罗斯板金手套	Satyros Plate Gloves	Satyr_PlateArmor_Gloves	6	1
123137	Gloves	坚毅守护皮制手套	Ironwilled Guardian's Leather Gloves	Paulus_Leather_Gloves	6	1
123139	Gloves	斯泰默斯皮制手套	Steinmers Leather Gloves	Stammers_Leather_Gloves	6	1
123144	Gloves	阿德伊恩皮制手套	Adeion Leather Gloves	Adeion_Leather_Gloves	6	1
123146	Gloves	克鲁迪尔皮制手套	Crudil Leather Gloves	Cruedil_Leather_Gloves	6	1
123148	Gloves	康切塔皮制手套	Conchetta Leather Gloves	Concerta_Leather_Gloves	6	1
123150	Gloves	罗德戴姆皮制手套	Loudan Leather Gloves	LoaderDam_Leather_Gloves	6	1
123151	Gloves	卡利奥皮制手套	Calio's Leather Gloves	Calio_Leather_Gloves	6	1
123152	Gloves	比莱顿皮制手套	Viraiton Leather Gloves	Biryghton_Leather_Gloves	6	1
123155	Gloves	梅伊布皮制手套	Maeve Leather Gloves	Maeve_Leather_Gloves	6	1
123157	Gloves	迪斯基奥皮制手套	Deskio Leather Gloves	Diskio_Leather_Gloves	6	1
123160	Gloves	盖罗费尔特板金手套	Geloufeld Plate Gloves	Gallophelt_PlateArmor_Gloves	6	1
123164	Gloves	阿斯提布制手套	Asty Cloth Gloves	Astti_Fabric_Gloves	6	1
123167	Gloves	丁菲尔德皮制手套	Dimfeld Leather Gloves	Defelde_Leather_Gloves	6	1
123168	Gloves	特劳特皮制手套	Trowder Leather Gloves	Trouter_Leather_Gloves	6	1
123169	Gloves	卡比登皮制手套	Caviden Leather Gloves	Caviden_Leather_Gloves	6	1
123177	Gloves	米斯特姆皮制手套	Mistum Leather Gloves	Mysterm_Leather_Gloves	6	1
123181	Gloves	拉乌利斯皮制手套	Rowley Leather Gloves	Rhystizer_Leather_Gloves_I	6	1
123183	Gloves	达彼得皮制手套	Daveed Leather Gloves	David_Leather_Gloves	6	1
123184	Gloves	贝蒂皮制手套	Bettie Leather Gloves	Betty_Leather_Gloves	6	1
123193	Gloves	莱克宁皮制手套	Lennigen Leather Gloves	Likenin_Leather_Gloves	6	1
123195	Gloves	凯尔伊登皮制手套	Kaeridyn Leather Gloves	Kylidden_Leather_Gloves	6	1
123197	Gloves	梅迪拉图皮制手套	Merridew Leather Gloves	Mediratu_Leather_Gloves	6	1
123201	Gloves	阿斯提娅布制手套	Astia Cloth Gloves	Astia_Fabric_Gloves	6	1
123203	Gloves	阿尔德温皮制手套	Aldwin Leather Gloves	Aldwin_Leather_Gloves	6	1
123205	Gloves	拉提安皮制手套	Latian Leather Gloves	Latian_Leather_Gloves	6	1
123209	Gloves	维加伦皮制手套	Vicaron Leather Gloves	Wegalawn_Leather_Gloves	6	1
123211	Gloves	里福皮制手套	Leppo Leather Gloves	Repo_Leather_Gloves	6	1
123212	Gloves	福尔加特皮制手套	Brogant Leather Gloves	Porugate_Leather_Gloves	6	1
123215	Gloves	德利西皮制手套	Delise Leather Gloves	Delicy_Leather_Gloves	6	1
123216	Gloves	博亨皮制手套	Boggen Leather Gloves	Bohen_Leather_Gloves	6	1
123219	Gloves	戴路尼皮制手套	Delinell's Leather Gloves	Deernil_Leather_Gloves	6	1
123220	Gloves	瓦图斯皮制手套	Wertesh Leather Gloves	Watous_Leather_Gloves	6	1
123221	Gloves	凯姆贝尔皮制手套	Keimbel Leather Gloves	Campbell_Leather_Gloves	6	1
123222	Gloves	思拉登皮制手套	Sladen Leather Gloves	Sladen_Leather_Gloves	6	1
123224	Gloves	佩尔辛皮制手套	Persein Leather Gloves	Persein_Leather_Gloves	6	1
123227	Gloves	梅克林皮制手套	Mechlin Leather Gloves	Mechlin_Leather_Gloves	6	1
123228	Gloves	阿凯姆贝尔皮制手套	Essembel Leather Gloves	Acembel_Leather_Gloves	6	1
123229	Gloves	康塔皮制手套	Contra Leather Gloves	Contra_Leather_Gloves	6	1
123240	Gloves	面具解放者的皮制手套	The Masked Liberator's Leather Gloves	Volghan_Leather_Gloves	6	1
123242	Gloves	东戈比皮制手套	Dondegobi Leather Gloves	Dongdegobi_Leather_Gloves	6	1
123243	Gloves	戈比阿尔泰皮制手套	Gobialta Leather Gloves	Gobialthai_Leather_Gloves	6	1
123244	Gloves	提尔西温皮制手套	Tershan Leather Gloves	Tyrcion_Leather_Gloves	6	1
123246	Gloves	里克纳温皮制手套	Rignon Leather Gloves	Riknaon_Leather_Gloves	6	1
123247	Gloves	里克鲁温皮制手套	Reclonne Leather Gloves	Lecruon_Leather_Gloves	6	1
123248	Gloves	里克鲁皮制手套	Ricrau Leather Gloves	Liculu_Leather_Gloves	6	1
123251	Gloves	提隆皮制手套	Tiron Leather Gloves	Tirone_Leather_Gloves	6	1
123252	Gloves	塔隆皮制手套	Taylonne Leather Gloves	Taron_Leather_Gloves	6	1
123257	Gloves	哈隆布制手套	Haron Cloth Gloves	Haron_Fabric_Gloves	6	1
123260	Gloves	卡提南皮制手套	Kattinan Leather Gloves	Kattinan_Leather_Gloves	6	1
123261	Gloves	萨鲁恩皮制手套	Saruen Leather Gloves	Saruen_Leather_Gloves	6	1
123267	Gloves	卢卡皮制手套	Luca Leather Gloves	Luka_Leather_Gloves	6	1
123269	Gloves	提卡尔皮制手套	Tikkal Leather Gloves	Tikkar_Leather_Gloves	6	1
123270	Gloves	马克纳皮制手套	Markna Leather Gloves	Markna_Leather_Gloves	6	1
123274	Gloves	卢卡斯皮制手套	Lukas' Leather Gloves	Lukas_Leather_Gloves	6	1
123279	Gloves	暗巷统治者皮制手套	Dark Ringleader's Leather Gloves	Tikan_Leather_Gloves	6	1
123280	Gloves	萨塔罗斯皮制手套	Salatos Leather Gloves	Sartalos_Leather_Gloves	6	1
123282	Gloves	埃尔西戈皮制手套	Ellisco Leather Bracers	Elsiguo_Leather_Gloves	6	1
123283	Gloves	埃拉西戈皮制手套	Elashe Leather Gloves	Ellachic_Leather_Gloves	6	1
123286	Gloves	卡斯里亚皮制手套	Kasria Leather Gloves	Kasria_Leather_Gloves	6	1
123288	Gloves	拉森塔库姆皮制手套	Renshaku Leather Gloves	LasentaKum_Leather_Gloves	6	1
123289	Gloves	拉森斯皮制手套	Reshesh Leather Gloves	Rasens_Leather_Gloves	6	1
123291	Gloves	拉斯库皮制手套	Ravellu Leather Gloves	Rasku_Leather_Gloves	6	1
123292	Gloves	拉斯卡皮制手套	Remebrou Leather Gloves	Raska_Leather_Gloves	6	1
123293	Gloves	拉斯布皮制手套	Rainier Leather Gloves	Rasb_Leather_Gloves	6	1
123294	Gloves	拉布皮制手套	Lave Leather Gloves	Lave_Leather_Gloves	6	1
123295	Gloves	马切皮制手套	Mache Leather Gloves	Mache_Leather_Gloves	6	1
123296	Gloves	马塔茨皮制手套	Martail Leather Gloves	Matazu_Leather_Gloves	6	1
123297	Gloves	丸茨皮制手套	Wentz Leather Gloves	Wants_Leather_Gloves	6	1
123301	Gloves	博尔森皮制手套	Bolson Leather Gloves	Bolson_Leather_Gloves	6	1
123302	Gloves	卡里克斯皮制手套	Cains Leather Gloves	Carix_Leather_Gloves	6	1
123303	Gloves	达尔顿皮制手套	Dalton Leather Gloves	Dalton_Leather_Gloves	6	1
123304	Gloves	埃利厄文皮制手套	Eplern Leather Gloves	Eleven_Leather_Gloves	6	1
123305	Gloves	阿克亨皮制手套	Archen Leather Gloves	Archen_Leather_Gloves	6	1
123306	Gloves	杜尼温皮制手套	Dunion Leather Gloves	Dunion_Leather_Gloves	6	1
123307	Gloves	拉普拉斯皮制手套	Laplace Leather Gloves	Laplus_Leather_Gloves	6	1
123308	Gloves	布里特尔皮制手套	Bristel Leather Gloves	Brittle_Leather_Gloves	6	1
123312	Gloves	马斯提板金手套	Masti Plate Gloves	Masty_PlateArmor_Gloves	6	1
123313	Gloves	塔卡汀皮制手套	Takkan Leather Gloves	Takatin_Leather_Gloves	6	1
123314	Gloves	阿卡提皮制手套	Arsen Leather Gloves	Arcti_Leather_Gloves	6	1
123315	Gloves	塔卡布制手套	Takah Cloth Gloves	Tahkah_Fabric_Gloves	6	1
123316	Gloves	银色板金手套	Silver Plate Gloves	SilverArmor_PlateArmor_Gloves	6	1
123317	Gloves	查特皮制手套	Chent Leather Gloves	Chart_Leather_Gloves	6	1
123318	Gloves	黑熊皮制手套	Black Bear Leather Gloves	BlackBear_Leather_Gloves	6	1
123320	Gloves	灰狼布制手套	Grey Wolf Cloth Gloves	Lacklean_Fabric_Gloves	6	1
123321	Gloves	杜尼斯皮制手套	Dherri Leather Gloves	Dunis_Leather_Gloves	6	1
123323	Gloves	帕汀皮制手套	Patten's Leather Gloves	Patent_Leather_Gloves	6	1
123324	Gloves	银狼皮制手套	Silverwolf Leather Gloves	Triroan_Leather_Gloves	6	1
123325	Gloves	拉图布制手套	Rattu Cloth Gloves	Ratu_Fabric_Gloves	6	1
123328	Gloves	雷尔森特皮制手套	Lercent Leather Gloves	Lercent_Leather_Gloves	6	1
123329	Gloves	暮色犬牙皮制手套	Duskfang Leather Gloves	Srasika_Leather_Gloves	6	1
123332	Gloves	特兰皮制手套	Dram Leather Bracers	Tran_Leather_Gloves	6	1
123333	Gloves	班茨皮制手套	Bunce Leather Gloves	Bunce_Leather_Gloves	6	1
123334	Gloves	马茨皮制手套	Maters Leather Gloves	Mats_Leather_Gloves	6	1
123337	Gloves	拉皮茨皮制手套	Rannys Leather Gloves	Rapitz_Leather_Gloves	6	1
123344	Gloves	达因皮制手套	Dane Leather Bands	dain_Leather_Gloves	6	1
123352	Gloves	里克皮制手套	Reak Leather Gloves	Rik_Leather_Gloves	6	1
123354	Gloves	巴德兰皮制手套	Badran Leather Gloves	Badran_Leather_Gloves	6	1
123355	Gloves	里克马皮制手套	Rigma Leather Gloves	Rikkmah_Leather_Gloves	6	1
123356	Gloves	伯迪什皮制手套	Verdesh Leather Gloves	Birdish_Leather_Gloves	6	1
123357	Gloves	扎萨梅伦皮制手套	Jasmern Leather Gloves	Xasameruen_Leather_Gloves	6	1
123358	Gloves	埃萨哈皮制手套	Esha Leather Gloves	Esahah_Leather_Gloves	6	1
123359	Gloves	谢勒斯皮制手套	Shellus Leather Gloves	Shellus_Leather_Gloves	6	1
123360	Gloves	沃勒皮制手套	Waller Leather Gloves	Waller_Leather_Gloves	6	1
123365	Gloves	萨拉米皮制手套	Salmae Leather Gloves	Salami_Leather_Gloves	6	1
123366	Gloves	德伊瑟伦皮制手套	Derrison Leather Gloves	Dayseorun_Leather_Gloves	6	1
123368	Gloves	迪尔比伦皮制手套	Dirrebin Leather Gloves	diereuben_Leather_Gloves	6	1
123370	Gloves	达拉班皮制手套	Dallaban Leather Gloves	Dallaban_Leather_Gloves	6	1
123373	Gloves	隆切塔皮制手套	Lawson Leather Gloves	Lawncheta_Leather_Gloves	6	1
123374	Gloves	盖梅伦皮制手套	Gaiman Leather Gloves	Gaimeon_Leather_Gloves	6	1
124005	Gloves	斯特格鲁布布制手套	Stugrub Cloth Gloves	Stugrub_Fabric_Gloves	6	1
124008	Gloves	阿提皮制手套	Arti Leather Gloves	Arti_Leather_Gloves	6	1
124019	Gloves	白鸦人皮制手套	Crowcaller's White Leather Gloves	White_Douglas_Leather_Gloves	6	1
124020	Gloves	拜丹布制手套	Baidan Cloth Gloves	Bydan_Fabric_Gloves	6	1
124023	Gloves	福尔塞尔布制手套	Porcell Cloth Gloves	Porcell_Fabric_Gloves_I	6	1
124029	Gloves	威特利布制手套	Whitley Cloth Gloves	Witley_Fabric_Gloves	6	1
124032	Gloves	提伦皮制手套	Tyran Leather Gloves	Tyran_Leather_Gloves	6	1
124033	Gloves	提隆布制手套	Tiron Cloth Gloves	Tirone_Fabric_Gloves	6	1
124050	Gloves	塞特利布制手套	Setri Cloth Gloves	Cetry_Fabric_Gloves	6	1
124051	Gloves	塞布罗布制手套	Serbello Cloth Gloves	Cebro_Fabric_Gloves	6	1
124055	Gloves	阿西图布制手套	Ashtu Cloth Gloves	Ashiteu_Fabric_Gloves	6	1
124056	Gloves	拉提山布制手套	Ratisan Cloth Gloves	Ratisan_Fabric_Gloves	6	1
124057	Gloves	杜罗因布制手套	Duroin Cloth Gloves	Dueroin_Fabric_Gloves	6	1
124059	Gloves	鲁丁布制手套	Ludynn Cloth Gloves	Ludynn_Fabric_Gloves	6	1
124061	Gloves	德里森布制手套	Derrison Cloth Gloves	Derrison_Fabric_Gloves	6	1
124063	Gloves	伽德里什布制手套	Gadereich Cloth Gloves	Gadherish_Fabric_Gloves	6	1
124064	Gloves	什扎尔布制手套	Chizhar Cloth Gloves	Chijar_Fabric_Gloves	6	1
124067	Gloves	夕阳芦苇布制手套	Sunset Reed Cloth Gloves	Reeddevil_Fabric_Gloves	6	1
124069	Gloves	小丑皮制手套	Jester Leather Gloves	Abyss_Surreal_Wolf_Leather_Gloves	6	1
124071	Gloves	亚特鲁的意志皮制手套	Ator's Will Leather Gloves	Antumbra_Leather_Gloves	6	1
124073	Gloves	维特斯板金手套	Witters Plate Gloves	Witters_PlateArmor_Gloves	6	1
124074	Gloves	杜布隆板金手套	Dulone Plate Gloves	Commander_PlateArmor_Gloves	6	1
124075	Gloves	龙骑士战士板金手套	Dragon Knight Warrior's Plate Gloves	Dragon_Knight_Warrior_PlateArmor_Gloves	6	1
124076	Gloves	龙骑士弓兵板金手套	Dragon Knight Archer's Plate Gloves	Dragon_Knight_Archer_PlateArmor_Gloves	6	1
124077	Gloves	卡利班板金手套	Caliburn's Plate Gloves	Caliburn_PlateArmor_Gloves	6	1
131001	Boots	不屈战士的板金鞋子	Unyielding Warrior's Plate Boots	Lekia_Plate_Boots	7	1
131002	Boots	金色欲望板金鞋子	Golden Greed Plate Boots	Gaeljude_Plate_Boots	7	1
131006	Boots	拉图亚板金鞋子	Lattua Plate Boots	Lattua_Plate_Boots	7	1
131007	Boots	冰霜之翼板金鞋子	Icewing Plate Boots	Ladete_Plate_Boots	7	1
131009	Boots	审判官的板金鞋子	Inquisitor's Plate Boots	Judge_Plate_Boots	7	1
131013	Boots	坎塔板金鞋子	Canta Plate Boots	Grace_Plate_Boots	7	1
131021	Boots	巴茨板金鞋子	Batz Plate Boots	Batz_Plate_Boots	7	1
131022	Boots	切尔西亚板金鞋子	Chelcia Plate Boots	Chelcia_Plate_Boots	7	1
131023	Boots	阿夏德板金鞋子	Ashad Plate Boots	Ashad_PlateArmor_Boots	7	1
131024	Boots	索拉斯板金鞋子	Solas Plate Boots	Solas_PlateArmor_Boots	7	1
131026	Boots	塞尔达尔板金鞋子	Serval Plate Boots	Serdhal_Plate_Boots	7	1
131027	Boots	提尔达皮制鞋子	Tyrdall Leather Boots	Tyrdal_Leather_Boots	7	1
131029	Boots	安图布拉板金鞋子	Antumbra Plate Boots	Dark_King_Plate_Boots	7	1
131039	Boots	西格里蒙板金鞋子	Sigremon Plate Boots	Cigrymon_Plate_Boots	7	1
131040	Boots	杜布隆板金鞋子	Dulone Plate Boots	Dueblone_Plated_Boots	7	1
131041	Boots	萨哈扎德板金鞋子	Sahazhad Plate Boots	Gamelot_Plate_Boots	7	1
131042	Boots	德梅尼斯板金鞋子	Demenissian Plate Boots	Reinbaldt_Plate_Boots	7	1
131046	Boots	失落王国的板金鞋子	Plate Boots of the Fallen Kingdom	Deerking_Plate_Boots	7	1
131050	Boots	灰狼皮制鞋子	Grey Wolf Leather Boots	Mercenary_Leather_Boots	7	1
132006	Boots	莱基亚皮制鞋子	Regglia Leather Boots	Lekia_Leather_Boots	7	1
132007	Boots	拉库赞皮制鞋子	Rezzcan Leather Boots	Rakuzen_Leather_Boots	7	1
132008	Boots	巴库皮制鞋子	Baku Leather Boots	Baku_Leather_Boots	7	1
133001	Boots	西格尔皮制鞋子	Seiger Leather Boots	Cigar_Leather_Boots	7	1
133005	Boots	罗德雷姆皮制鞋子	Rodderham Leather Boots	Roderem_Leather_Boots	7	1
133007	Boots	蕾恩泰茵皮制鞋子	Leontyne Leather Boots	Leontain_Leather_Boots	7	1
133009	Boots	博尔因皮制鞋子	Bollin Leather Boots	Volruin_Leather_Boots	7	1
133011	Boots	黑布林皮制鞋子	Helfryn Leather Boots	Hailbrin_Leather_Boots	7	1
133013	Boots	尤斯提斯皮制鞋子	Eustice Leather Boots	Eustis_Leather_Boots	7	1
133020	Boots	哈尔修斯祭司的皮制鞋子	St. Halssius Priest's Leather Footwear	Volcker_Leather_Boots	7	1
133022	Boots	托比亚斯皮制鞋子	Tobias Leather Boots	Tobias_Leather_Boots	7	1
133023	Boots	阿尔盖皮制鞋子	Arghai Leather Boots	Arghai_Leather_Boots	7	1
133024	Boots	内文皮制鞋子	Nevin Leather Boots	Nevin_Leather_Boots	7	1
133029	Boots	谬莉亚皮制鞋子	Mulia Leather Boots	Mulia_Leather_Boots	7	1
133033	Boots	希利恩皮制鞋子	Cyllian Leather Boots	Silien_Leather_Boots	7	1
133034	Boots	银狼皮制鞋子	Silverwolf Leather Boots	Gallophelt_Leather_Boots	7	1
133035	Boots	科南特里皮制鞋子	Conentry Leather Boots	Cournantry_Leather_Boots	7	1
133036	Boots	本贝里皮制鞋子	Benberry Leather Boots	Benberry_Leather_Boots	7	1
133037	Boots	米德利尔皮制鞋子	Midlier Leather Boots	Midlier_Leather_Boots	7	1
133038	Boots	德布林皮制鞋子	Derting Leather Boots	Dublin_Leather_Boots	7	1
133040	Boots	斯泰尔皮制鞋子	Steyer Leather Boots	Steyer_Leather_Boots	7	1
133041	Boots	伊贝尼泽皮制鞋子	Ebenezer Leather Boots	Evanizer_Leather_Boots	7	1
133043	Boots	特斯里特皮制鞋子	Tesslit Leather Boots	Tesslit_Leather_Boots	7	1
133044	Boots	隆达皮制鞋子	Rhonda Leather Boots	Rhonda_Leather_Boots	7	1
133049	Boots	拉马斯顿皮制鞋子	Ramastern Leather Boots	Ramastern_Leather_Boots	7	1
133054	Boots	莱因皮制鞋子	Layne Leather Boots	Lain_Leather_Boots	7	1
133061	Boots	卡达尔隆的皮制鞋子	Kadallon's Leather Boots	Cadwallon_Leather_Boots	7	1
133067	Boots	皮尔方特皮制鞋子	Pierpont Leather Boots	Pierpont_Leather_Boots	7	1
133070	Boots	迪尔普利斯皮制鞋子	Dyrfrith Leather Boots	Deerprice_Leather_Boots	7	1
133072	Boots	灰狼皮制鞋子	Ashen Wolf's Leather Boots	Langust_Leather_Boots	7	1
133076	Boots	坚毅守护皮制鞋子	Ironwilled Guardian's Leather Boots	Paulus_Leather_Boots	7	1
133082	Boots	萨兰托斯皮制鞋子	Sarantos Leather Boots	Sarantos_Leather_Boots	7	1
133088	Boots	莱维多皮制鞋子	Levinto Leather Boots	Lebideuo_Leather_Boots	7	1
133089	Boots	鲁提皮制鞋子	Ruthie Leather Boots	Ruthie_Leather_Boots	7	1
133092	Boots	科尔本皮制鞋子	Colbern Leather Boots	Colbern_Leather_Boots	7	1
133097	Boots	博尔顿皮制鞋子	Bolton Leather Boots	Cardion_Leather_Boots	7	1
133117	Boots	纳克摩尔皮制鞋子	Nagmore Leather Boots	Nakmore_Leather_Boots	7	1
133118	Boots	莫宁顿皮制鞋子	Mornington Leather Boots	Mornington_Leather_Boots	7	1
133121	Boots	乌德布洛克皮制鞋子	Woodbrock Leather Boots	Woodbrock_Leather_Boots	7	1
133124	Boots	拉斯莫尔皮制鞋子	Russmore Leather Boots	Russmore_Leather_Boots	7	1
133126	Boots	克莱尔希尔皮制鞋子	Clarille Leather Boots	ClaireHill_Leather_Boots	7	1
133128	Boots	米多斯皮制鞋子	Meadows Leather Boots	Meadows_Leather_Boots	7	1
133138	Boots	凯雷迪格皮制鞋子	Keredig Leather Boots	Keredig_Leather_Boots	7	1
133140	Boots	尼尔大人皮制鞋子	Neirnim Leather Boots	NearNym_Leather_Boots	7	1
133146	Boots	马提斯皮制鞋子	Matis Leather Greaves	Matis_Leather_Boots	7	1
133164	Boots	塔兰都斯皮制鞋子	Tarandus Leather Boots	Tarandus_Leather_Boots	7	1
133166	Boots	西德蒙皮制鞋子	Sydmon Leather Boots	Sidmon_Leather_Boots	7	1
133168	Boots	福娜皮制鞋子	Pahna Leather Boots	Paunah_Leather_Boots	7	1
133171	Boots	莱吉斯皮制鞋子	Rhegis Leather Boots	ReiGhis_Leather_Boots	7	1
133172	Boots	面具解放者的皮制鞋子	The Masked Liberator's Leather Boots	Stugrub_Leather_Boots	7	1
133175	Boots	克鲁迪尔皮制鞋子	Crudil Leather Boots	Crudil_Leather_Boots	7	1
133178	Boots	焦灼火焰皮制鞋子	Scorchflame Leather Boots	Londel_Leather_Boots	7	1
133183	Boots	亨廷顿皮制鞋子	Huntington Leather Boots	Huntington_Leather_Boots	7	1
133184	Boots	阿德伊恩皮制鞋子	Adeion Leather Boots	Adeion_Leather_Boots	7	1
133188	Boots	迪恩西娅布制鞋子	Diencia Cloth Boots	Diencia_Fabric_Boots	7	1
133192	Boots	帕维斯皮制鞋子	Pavis Leather Boots	Pavis_Leather_Boots	7	1
133193	Boots	特劳特皮制鞋子	Trowder Leather Boots	Trouter_Leather_Boots	7	1
133196	Boots	皮埃提皮制鞋子	Pieti Leather Boots	Pieti_Leather_Boots	7	1
133197	Boots	诺蒙皮制鞋子	Norman Leather Boots	Norman_Leather_Boots	7	1
133199	Boots	丁菲尔德皮制鞋子	Driseld Leather Boots	Dimfeld_Leather_Boots	7	1
133201	Boots	杜特拉特皮制鞋子	Dutrat Leather Boots	Dutrat_Leather_Boots	7	1
133202	Boots	利尔斯皮制鞋子	Reus Leather Boots	Rhias_Leather_Boots	7	1
133203	Boots	拉斯科皮制鞋子	Lascaux Leather Boots	Lascaux_Leather_Boots	7	1
133204	Boots	米斯特姆皮制鞋子	Mistum Leather Boots	Mysterm_Leather_Boots	7	1
133205	Boots	希兰特罗皮制鞋子	Sillau Leather Boots	Cilantro_Leather_Boots	7	1
133206	Boots	皮亚托尔皮制鞋子	Fiatol Leather Boots	Piatol_Leather_Boots	7	1
133210	Boots	奥雷利恩皮制鞋子	Aurelian Leather Boots	Aurellian_Leather_Boots	7	1
133213	Boots	埃西安皮制鞋子	Eshian Leather Boots	Ehshian_Leather_Boots	7	1
133224	Boots	克莱斯皮制鞋子	Clays Leather Boots	Clays_Leather_Boots	7	1
133225	Boots	达彼得皮制鞋子	Daveed Leather Boots	David_Leather_Boots	7	1
133226	Boots	贝蒂皮制鞋子	Beattie Leather Boots	Betty_Leather_Boots	7	1
133227	Boots	莱吉鲁皮制鞋子	Leegrau Leather Boots	Reikiru_Leather_Boots	7	1
133229	Boots	霍迪罗亚皮制鞋子	Hoardroar Leather Boots	Hordyroar_Leather_Boots	7	1
133235	Boots	特里什皮制鞋子	Trish Leather Boots	Trish_Leather_Boots	7	1
133236	Boots	卡提茨皮制鞋子	Katitz Leather Boots	Katitz_Leather_Boots	7	1
133237	Boots	伊希隆皮制鞋子	Isilon Leather Boots	Isilon_Leather_Boots	7	1
133240	Boots	埃利西皮制鞋子	Elish Leather Boots	Elish_Leather_Boots	7	1
133241	Boots	鲁努皮制鞋子	Runae Leather Boots	Rune_Leather_Boots	7	1
133242	Boots	卡康皮制鞋子	Carcon Leather Boots	Carcon_Leather_Boots	7	1
133243	Boots	迪欧本皮制鞋子	Diovern Leather Boots	Dioburn_Leather_Boots	7	1
133249	Boots	埃尔皮皮制鞋子	Erphy Leather Boots	Erphy_Leather_Boots	7	1
133251	Boots	奥克腾皮制鞋子	Oakten Leather Boots	Oakten_Leather_Boots	7	1
133253	Boots	西拉斯皮制鞋子	Seras Leather Boots	Seras_Leather_Boots	7	1
133254	Boots	卡特因皮制鞋子	Cateine Leather Boots	Cateine_Leather_Boots	7	1
133256	Boots	罗乌提皮制鞋子	Loutte Leather Boots	Lowuti_Leather_Boots	7	1
133258	Boots	博博腾皮制鞋子	Bourveten Leather Boots	Boboten_Leather_Boots	7	1
133259	Boots	拉温凯尔皮制鞋子	Lankel Leather Boots	Laonkel_Leather_Boots	7	1
133260	Boots	盖尼克皮制鞋子	Gannech Leather Boots	Gainik_Leather_Boots	7	1
133261	Boots	凯尔维尔皮制鞋子	Kervel Leather Boots	Querville_Leather_Boots	7	1
133262	Boots	瓦尔德皮制鞋子	Walder Leather Boots	Walder_Leather_Boots	7	1
133263	Boots	多纳普皮制鞋子	Donaff Leather Boots	Donaf_Leather_Boots	7	1
133266	Boots	赫尔德尔皮制鞋子	Herdel Leather Boots	Herdel_Leather_Boots	7	1
133269	Boots	亚特鲁的意志皮制鞋子	Ator's Will Leather Boots	Tirtit_Leather_Boots	7	1
133270	Boots	凯伦提皮制鞋子	Quent Leather Boots	Querunty_Leather_Boots	7	1
133271	Boots	灰色雷吉斯皮制鞋子	Grey Rhegis Leather Boots	Tionis_Leather_Boots	7	1
133274	Boots	提伦皮制鞋子	Tyran Leather Boots	Tyran_Leather_Boots	7	1
133275	Boots	蒂伦布制鞋子	Tyrune Cloth Boots	Tyrun_Fabric_Boots	7	1
133276	Boots	提隆皮制鞋子	Tiron Leather Boots	Tirone_Leather_Boots	7	1
133279	Boots	提鲁娜皮制鞋子	Tiruna Leather Boots	Tiruna_Leather_Boots	7	1
133280	Boots	达尔曼皮制鞋子	Darman Leather Boots	Darman_Leather_Boots	7	1
133281	Boots	萨鲁恩皮制鞋子	Saruen Leather Boots	Saruen_Leather_Boots	7	1
133284	Boots	帕斯提皮制鞋子	Pasti Leather Boots	Pasti_Leather_Boots	7	1
133288	Boots	卡桑塔皮制鞋子	Kassantra Leather Boots	Casanta_Leather_Boots	7	1
133291	Boots	莉库娜皮制鞋子	Leguna Leather Boots	Licuna_Leather_Boots	7	1
133292	Boots	莱塔娅板金鞋子	Layta Plate Boots	Laitaa_Plate_Boots	7	1
133294	Boots	丹埃科切皮制鞋子	Dannoche Leather Boots	Danekoche_Leather_Boots	7	1
133295	Boots	莱塔娅皮制鞋子	Layta Leather Boots	Laitaa_Leather_Boots	7	1
133296	Boots	卡切科皮制鞋子	Catcheta Leather Boots	Cacheco_Leather_Boots	7	1
133297	Boots	凯科皮制鞋子	Caico Leather Boots	Kaiko_Leather_Boots	7	1
133298	Boots	卡斯科皮制鞋子	Cosgrove Leather Boots	Casco_Leather_Boots	7	1
133299	Boots	凯鲁皮制鞋子	Caelough Leather Boots	Kairu_Leather_Boots	7	1
133300	Boots	卡杰特皮制鞋子	Kasset Leather Boots	Kajet_Leather_Boots	7	1
133301	Boots	凯斯罗皮制鞋子	Cassrow Leather Boots	Caisro_Leather_Boots	7	1
133302	Boots	卡茨皮制鞋子	Katz Leather Boots	Katz_Leather_Boots	7	1
133304	Boots	里卡尔特杰皮制鞋子	Ligatra Leather Boots	Rickaltje_Leather_Boots	7	1
133305	Boots	坎图皮制鞋子	Cantu Leather Boots	Cantu_Leather_Boots	7	1
133307	Boots	安达兰皮制鞋子	Andaran Leather Boots	Andaran_Leather_Boots	7	1
133308	Boots	马雷迪德皮制鞋子	Maldrick Leather Boots	Maredid_Leather_Boots	7	1
133309	Boots	安鲁迪茨皮制鞋子	Anderitz Leather Boots	Anruditz_Leather_Boots	7	1
133310	Boots	图提皮制鞋子	Trilly Leather Boots	Tuetti_Leather_Boots	7	1
133311	Boots	皮奥尔皮制鞋子	Fiore Leather Boots	Fiore_Leather_Boots	7	1
133312	Boots	佩雷利皮制鞋子	Perelli Leather Boots	Perelli_Leather_Boots	7	1
133321	Boots	拉西安皮制鞋子	Lasian Leather Boots	Lasian_Leather_Boots	7	1
133322	Boots	鲁丁皮制鞋子	Ludynn Leather Greaves	Ludynn_Leather_Boots	7	1
133323	Boots	库鲁亚皮制鞋子	Kurua Leather Boots	Kurua_Leather_Boots	7	1
133324	Boots	斯特迪德皮制鞋子	Stoddard Leather Boots	Studded_Leather_Boots	7	1
133325	Boots	乌温皮制鞋子	Wattern Leather Boots	Wooeun_Leather_Boots	7	1
133326	Boots	巴德兰皮制鞋子	Badran Leather Boots	Badran_Leather_Boots	7	1
133327	Boots	胡本皮制鞋子	Hauvern Leather Boots	Hooburn_Leather_Boots	7	1
133328	Boots	贝吉尔皮制鞋子	Begill Leather Boots	Begill_Leather_Boots	7	1
133329	Boots	德克切皮制鞋子	Dreiger Leather Boots	Dekcher_Leather_Boots	7	1
133330	Boots	埃萨哈皮制鞋子	Esha Leather Boots	Esahah_Leather_Boots	7	1
133333	Boots	比克瑟皮制鞋子	Vixer Leather Shoes	Vixer_Leather_Boots	7	1
133335	Boots	梅拉班皮制鞋子	Meravan Leather Boots	Meravan_Leather_Boots	7	1
133336	Boots	萨拉米皮制鞋子	Salmae Leather Shoes	Salami_Leather_Boots	7	1
133337	Boots	尼赫拉特皮制鞋子	Nehrut Leather Shoes	Nihrutte_Leather_Boots	7	1
133338	Boots	朱蒙皮制鞋子	Juman Leather Boots	Juman_Leather_Boots	7	1
133344	Boots	沃伦比南皮制鞋子	Warren Beynon's Leather Boots	Warren_Beynon_Leather_Boots	7	1
133346	Boots	塞因皮制鞋子	Sein Leather Boots	Sein_Leather_Boots	7	1
133347	Boots	多尔特斯皮制鞋子	Dolters Leather Boots	Dolters_Leather_Boots	7	1
133348	Boots	黑翼皮制鞋子	Blackwing Leather Boots	Bainian_Leather_Boots	7	1
133350	Boots	奥比特皮制鞋子	Orbit Leather Boots	Obit_Leather_Boots	7	1
133351	Boots	奥尔比特皮制鞋子	Alvitt Leather Boots	Allbit_Leather_Boots	7	1
133352	Boots	阿伦迪尔皮制鞋子	Arrenya Leather Boots	Arendyer_Leather_Boots	7	1
133353	Boots	贝鲁伊皮制鞋子	Belui Leather Boots	Belui_Leather_Boots	7	1
134006	Boots	特里罗恩皮制鞋子	Triloan Leather Boots	Triroan_Leather_Boots	7	1
134009	Boots	拜乌尔皮制鞋子	Bayer Leather Boots	Bayur_Leather_Boots	7	1
134011	Boots	佩伦鞋子	Pailunese Boots	Lutis_Leather_Boots	7	1
134013	Boots	利尔斯布制鞋子	Reus Cloth Boots	Rhias_Fabric_Boots	7	1
134015	Boots	埃凯尼布制鞋子	Eckney Cloth Boots	Ekeny_Fabric_Boots	7	1
134022	Boots	马拉提温皮制鞋子	Marrada Leather Boots	Marathion_Leather_Boots	7	1
134023	Boots	恩多隆皮制鞋子	Endoron Leather Boots	Endoron_Leather_Boots	7	1
134028	Boots	斯科帕皮制鞋子	Scoppa Leather Boots	Scopa_Leather_Boots	7	1
134030	Boots	威特利布制鞋子	Whitley Cloth Boots	Witley_Fabric_Boots	7	1
134048	Boots	凯尔德曼布制鞋子	Kerdmann Cloth Boots	Kerdmann_Fabric_Boots	7	1
134049	Boots	巴雷特布制鞋子	Barrette Cloth Boots	Barrette_Fabric_Boots	7	1
134050	Boots	戈特布制鞋子	Gaut Cloth Boots	Gaut_Fabric_Boots	7	1
134052	Boots	马提娅皮制鞋子	Matia Leather Boots	Matia_Leather_Boots	7	1
134054	Boots	什扎尔布制鞋子	Chizhar Cloth Boots	Chijar_Fabric_Boots	7	1
134056	Boots	夕阳芦苇布制鞋子	Sunset Reed Cloth Boots	Reeddevil_Fabric_Boots	7	1
134057	Boots	兔子之靴	Rabbit Cloth Boots	Abyss_Surreal_Human_Fabric_Boots	7	1
134060	Boots	卡利班板金鞋子	Caliburn's Plate Boots	Caliburn_Plate_Boots	7	1
200001	OneHandWeapon	白狼单手剑	Grey Wolf's Sword	Cigar_OneHandSword	0	1
200014	Tool	火炬	Torch	Torch	24	1
200021	OneHandWeapon	格连摩尔单手剑	Glenmore Sword	Leinstead_OneHandSword	0	1
200024	OneHandWeapon	西德蒙单手剑	Sydmon Sword	Sidmon_OneHandSword	0	1
200035	OneHandWeapon	威尔斯单手剑	Wells Sword	Silien_OneHandSword	0	1
200049	OneHandWeapon	阿拉巴斯特弯刀	Alabaster Curved Sword	Bekker_OneHandSword	0	1
200051	OneHandWeapon	巴尔尼亚单手剑	Varnian Sword	LongBeak_OneHandSword	0	1
200052	OneHandWeapon	骑士之王的单手剑	Knightlord's Sword	Knight_King_OneHandSword	0	1
200053	OneHandWeapon	亡国单手剑	Fallen Kingdom's Sword	Ehshian_OneHandSword	0	1
200072	OneHandWeapon	熔愿	Melted Ambition	Mjordin_OneHandSword	0	1
200077	OneHandWeapon	沃伦单手剑	Volono Sword	Rusty_Hunter_OneHandSword	0	1
200078	OneHandWeapon	费尔特利单手剑	Peltree Sword	AbyssReward_Peltree_OneHandSword	0	1
200901	OneHandWeapon	白风细剑	White Wind Rapier	Demian_OneHandRapier	39	1
200902	OneHandWeapon	幻影双刃	Hollow Visage	AbyssReward_Reeddevil_OneHandSword	0	1
200904	OneHandWeapon	德卡尔单手剑	Dekarr Sword	Leeksia_OneHandSword	0	1
200914	OneHandWeapon	君子誓剑	Sword of the Lord	AbyssReward_Mysterm_OneHandSword	0	1
200917	OneHandWeapon	斯帕达单手剑	Spada Sword	Spada_OneHandSword	0	1
200919	OneHandWeapon	阿克莉娅单手剑	Acria Sword	Archria_OneHandSword	0	1
200921	OneHandWeapon	军团格拉迪乌斯	Legionary's Gladius	Archrika_OneHandSword	0	1
200922	OneHandWeapon	遗世孤锋	Survivor's Solitude	Deer_King_OneHandSword	0	1
200924	OneHandWeapon	力契	Shackle of Might	SoulKnight_OneHandSword	0	1
200997	OneHandWeapon		TestSword	TestSword	0	1
200998	OneHandWeapon		Specialty Mercenary OneHandSword	Specialty_Mercenary_OneHandSword	0	1
200999	OneHandWeapon		Specialty Dragon Slayer OneHandSword	Specialty_Dragon_Slayer_OneHandSword	0	1
201003	OneHandWeapon	审判官细剑	Inquisitor's Rapier	Vueh_OneHandRapier	39	1
201004	OneHandWeapon	格莱斯细剑	Grace Rapier	Tironet_OneHandRapier	39	1
201005	OneHandWeapon	莱奥内细剑	Leonne Rapier	Leone_OneHandRapier	39	1
201006	OneHandWeapon	黄铜玫瑰细剑	Brass Rose Rapier	Renarto_OneHandRapier	39	1
201007	OneHandWeapon	没落名门的细剑	Fallen Noble's Rapier	Ariete_OneHandRapier	39	1
201008	OneHandWeapon	沃伦细剑	Volono Rapier	Volono_OneHandRapier	39	1
201009	OneHandWeapon	亡国细剑	Fallen Kingdom's Rapier	Apenzel_OneHandRapier	39	1
201010	OneHandWeapon	艾利摩尔细剑	Elemore Rapier	Marozzo_OneHandRapier	39	1
201011	OneHandWeapon	决斗细剑	Dueling Rapier	Volta_OneHandRapier	39	1
201012	OneHandWeapon	吉尔里姆细剑	Gilliam Rapier	Mynein_OneHandRapier	39	1
201013	OneHandWeapon	兰伯特细剑	Lambert Rapier	Delphoir_OneHandRapier	39	1
201014	OneHandWeapon	睦邻细剑	Rapier of Amity	Sestio_OneHandRapier	39	1
201015	OneHandWeapon	艾利诺尔细剑	Elenore Rapier	Euler_OneHandRapier	39	1
201019	OneHandWeapon	利贝里细剑	Liberre Rapier	Liberry_OneHandRapier	39	1
210003	OneHandWeapon	拜克单手斧	Bekker Axe	Bekker_OneHandAxe	16	1
210009	OneHandWeapon	兰福德之斧	Lanford Axe	Erkeney_OneHandAxe	16	1
210011	OneHandWeapon	兰伯特单手斧	Lambert Axe	Lanpheldt_OneHandAxe	16	1
210013	OneHandWeapon	吉尔里姆单手斧	Gilliam Axe	Harkias_OneHandAxe	16	1
210023	OneHandWeapon	梅伊布单手斧	Maeve Axe	Maeve_OneHandAxe	16	1
210029	OneHandWeapon	利亚斯的单手斧	Rhias's Axe	Rhias_OneHandAxe	16	1
210035	OneHandWeapon	凯鲁斯单手斧	Kylus Axe	Diancia_OneHandAxe	16	1
210045	OneHandWeapon	塔尔迪克单手斧	Tardik Axe	Tardik_OneHandAxe	16	1
210051	OneHandWeapon	德隆德单手斧	Delonde Axe	Delonde_OneHandAxe	16	1
210057	OneHandWeapon	雷奥弗里克双刃斧	Leofric Double-Headed Axe	Gainarre_OneHandAxe	16	1
210059	OneHandWeapon	黑铁单手斧	Black Iron Axe	Tainsel_OneHandAxe	16	1
210071	OneHandWeapon	提博海姆单手斧	Timberham Axe	Crudell_OneHandAxe	16	1
210075	OneHandWeapon	乌鸦兄弟团单手斧	Crow Brothers Axe	Tirone_OneHandAxe	16	1
210077	OneHandWeapon	帕拉修单手斧	Parashu Axe	Parachu_OneHandAxe	16	1
210079	OneHandWeapon	大地之环	Ring of the Earth	Gahlatain_OneHandAxe	16	1
210080	OneHandWeapon	银狼单手斧	Silverwolf Axe	Big_Horn_Tiger_OneHandAxe	16	1
210998	OneHandWeapon		Dev Specialty Crudell OneHandAxe	Dev_Specialty_Crudell_OneHandAxe	16	1
220002	OneHandWeapon	卡德尔单手钝器	Kadel Mace	Kadel_OneHandMace	19	1
220004	OneHandWeapon	科尔达布重锤	Kordaav Mace	Kordaav_OneHandMace	19	1
220006	OneHandWeapon	游行指挥棒	Marching Baton	Maeve_OneHandMace	19	1
220007	OneHandWeapon	兰福德单手钝器	Lanford Mace	Trosdern_OneHandMace	19	1
220008	OneHandWeapon	冰魂锤	Frozen Soul	Lyfellen_OneHandMace	19	1
220012	OneHandWeapon	奥克塔尔的遗产	Octarr's Legacy	Orc_Warrior_OneHandMace	19	1
220014	OneHandWeapon	劫匪的单手钝器	Rogue's Mace	Bergam_OneHandMace	19	1
220018	OneHandWeapon	威尔斯单手钝器	Wells Mace	Biryghton_OneHandMace	19	1
220019	OneHandWeapon	白骨坑单手钝器	Bonepit Mace	Fontergear_OneHandMace	19	1
220021	OneHandWeapon	阿拉巴斯特单手钝器	Alabaster Mace	Tyrendhal_OneHandMace	19	1
220022	OneHandWeapon	巴尔顿单手钝器	Balton Mace	Scarfle_OneHandMace	19	1
220023	OneHandWeapon	艾丽丝单手钝器	Iris Mace	Nairaden_OneHandMace	19	1
221000	OneHandWeapon	埃塞里温铁锤	Aeserion Mace	Dragon_OneHandMace	19	1
230003	OneHandWeapon	巴尔尼亚匕首	Varnian Dagger	Noname_OneHandDagger	14	1
230029	OneHandWeapon	拜克匕首	Bekker Dagger	Rusty_Hagwood_OneHandDagger	14	1
230059	OneHandWeapon	阿拉巴斯特匕首	Alabaster Dagger	Charphnir_OneHandDagger	14	1
230063	OneHandWeapon	逐暗短剑	Dagger of Dark Pursuit	DarkLeader_OneHandDagger	14	1
230065	OneHandWeapon	乌鸦兄弟团匕首	Crow Brothers Dagger	Durion_OneHandDagger	14	1
230073	OneHandWeapon	亚特鲁的手指	Ator's Finger	Ceremonial_OneHandDagger	14	1
230901	OneHandWeapon	凯鲁斯匕首	Kylus Dagger	Batz_OneHandDagger	14	1
230905	OneHandWeapon	西德蒙匕首	Sydmon Dagger	Rikisis_OneHandDagger	14	1
230909	OneHandWeapon	德雷西亚匕首	Delesyian Dagger	Dukesan_OneHandDagger	14	1
230911	OneHandWeapon	德卡尔匕首	Dekarr Dagger	Riurian_OneHandDagger	14	1
230917	OneHandWeapon	佩伦成人礼匕首	Pailunese Riteblade	Aurio_OneHandDagger	14	1
231000	OneHandWeapon	埃塞里温匕首	Aeserion Dagger	Dragon_OneHandDagger	14	1
240001	TwoHandWeapon	塔尔迪克双手剑	Tardik Longsword	Stugrub_TwoHandSword	17	1
240016	TwoHandWeapon	野蛮的双手剑	Savage Longsword	Beastman_TwoHandSword	17	1
240018	TwoHandWeapon	巴尔顿双手剑	Balton Longsword	Reckleeman_TwoHandSword	17	1
240019	TwoHandWeapon	杜黑文双手剑	Dewhaven Longsword	Gregrick_TwoHandSword	17	1
240020	TwoHandWeapon	塔尔温德双手剑	Thalwynd Longsword	Kiehrius_TwoHandSword	17	1
240023	TwoHandWeapon	艾丽丝双手剑	Iris Longsword	Khadion_TwoHandSword	17	1
240026	TwoHandWeapon	雷特双手剑	Rhett's Longsword	Rayhorn_TwoHandSword	17	1
240029	TwoHandWeapon	逐暗之剑	Vessel of Dark Pursuit	DarkLeader_TwoHandSword	17	1
240030	TwoHandWeapon	正义的审判	Righteous Verdict	Caliburn_TwoHandSword	17	1
240031	TwoHandWeapon	完美正义巨剑	Absolute Justice Greatsword	Tynion_Giant_TwoHandGiantBastard	18	1
240034	TwoHandWeapon	西德蒙双手剑	Sydmon Longsword	Wanderer_Mercenary_TwoHandSword	17	1
240042	TwoHandWeapon	伊格尼尔	Ignir	Ignir_TwoHandSword	17	1
240043	TwoHandWeapon	德雷西亚双手剑	Delesyian Longsword	Delesian_Friend_Boss_TwoHandSword	17	1
241000	TwoHandWeapon	埃塞里温双手剑	Aeserion Longsword	Dragon_TwoHandSword	17	1
241002	TwoHandWeapon	丹提利恩双手剑	Dandelion Longsword	Invisible_TwoHandGiantBastard	17	1
250014	TwoHandWeapon	未竟的杰作	Incomplete Masterpiece	Lyfellen_TwoHandAxe	15	1
250015	TwoHandWeapon	塔尔迪克双手斧	Tardik Greataxe	Bhran_TwoHandAxe	15	1
250016	TwoHandWeapon	艾丽丝双手斧	Iris Greataxe	Diencia_TwoHandAxe	15	1
250017	TwoHandWeapon	戈尔塔克重钢斧	Gorthak Greataxe	Giant_ReiGhis_TwoHandGiantAxe	15	1
250019	TwoHandWeapon	巨魔钩镰双手斧	Troll Hook Greataxe	Khadiac_TwoHandAxe	15	1
250020	TwoHandWeapon	凯鲁斯双手斧	Kylus Greataxe	Brudandi_TwoHandAxe	15	1
250021	TwoHandWeapon	白骨坑双手斧	Bonepit Greataxe	Raxion_TwoHandAxe	15	1
250022	TwoHandWeapon	扇刃双手斧	Fan-Blade Greataxe	Bhetert_TwoHandAxe	15	1
250024	TwoHandWeapon	马蹄铁双手斧	Horseshoe-Blade Greataxe	Viranche_TwoHandAxe	15	1
250025	TwoHandWeapon	猎犬碎尸斧	Hellhounds Chopping Axe	Torphel_TwoHandAxe	15	1
250026	TwoHandWeapon	佩伦伐木斧	Pailunese Logging Axe	Teaghbed_TwoHandAxe	15	1
250028	TwoHandWeapon	西格里蒙双手斧	Sigremon Greataxe	Cigrymon_TwoHandAxe	15	1
250994	TwoHandWeapon	拜克双手斧	Bekker Greataxe	Rusty_Deadwid_TwoHandAxe	15	1
250995	TwoHandWeapon	德卡尔双手斧	Dekarr Greataxe	Rusty_Cigar_TwoHandAxe	15	1
250999	TwoHandWeapon		Specialty Cigar TwoHandAxe	Specialty_Cigar_TwoHandAxe	15	1
251000	TwoHandWeapon	埃塞里温双手斧	Aeserion Greataxe	Dragon_TwoHandAxe	15	1
260007	TwoHandWeapon	拜克战锤	Bekker Warhammer	Arsard_TwoHandedWarHammer	20	1
260008	TwoHandWeapon	盐路战锤	Saltroad Warhammer	Namarc_TwoHandedWarHammer	20	1
260013	TwoHandWeapon	白骨坑战锤	Bonepit Warhammer	Hegeh_TwoHandedWarHammer	20	1
260014	TwoHandWeapon	塔尔温德战锤	Thalwynd Warhammer	Satyr_TwoHandedWarHammer	20	1
260015	TwoHandWeapon	仙人掌战锤	Cactus Warhammer	Hleinmers_TwoHandedWarHammer	20	1
260018	TwoHandWeapon	阿勒伦战锤	Arlem Warhammer	Diencia_TwoHandedWarHammer	20	1
260019	TwoHandWeapon	阿勒伦战锤	Arlen Warhammer	Khadion_TwoHandedWarHammer	20	1
260020	TwoHandWeapon	扎尔甘战锤	Zargan Warhammer	Kali_TwoHandedWarHammer	20	1
260026	TwoHandWeapon	塔尔迪克战锤	Tardik Warhammer	Tyrandah_TwoHandedWarHammer	20	1
260028	TwoHandWeapon	艾丽丝战锤	Iris Warhammer	Fiburrou_TwoHandedWarHammer	20	1
260030	TwoHandWeapon	戈尔塔克战锤	Gorthak Warhammer	GreenOrc_TwoHandedWarHammer	20	1
261000	TwoHandWeapon	埃塞里温战锤	Aeserion Warhammer	Dragon_TwoHandedWarHammer	20	1
265001	TwoHandWeapon	掠夺者战戟	Marauder's Halberd	Hegeh_TwoHandAlebard	33	1
265002	TwoHandWeapon	阿拉巴斯特战戟	Alabaster Halberd	Kamsen_TwoHandAlebard	33	1
265003	TwoHandWeapon	艾丽丝战戟	Iris Halberd	Hleinmers_TwoHandAlebard	33	1
265004	TwoHandWeapon	兰伯特战戟	Lambert Halberd	Diencia_TwoHandAlebard	33	1
265005	TwoHandWeapon	吉尔里姆战戟	Gilliam Halberd	Khadion_TwoHandAlebard	33	1
265006	TwoHandWeapon	白骨坑战戟	Bonepit Halberd	Kiehrius_TwoHandAlebard	33	1
265007	TwoHandWeapon	佣兵战戟	Freesword Halberd	Taitolan_TwoHandAlebard	33	1
265008	TwoHandWeapon	拜克战戟	Bekker Halberd	Tregllin_TwoHandAlebard	33	1
265010	TwoHandWeapon	塞莱斯特战戟	Celeste Halberd	Trinodd_TwoHandAlebard	33	1
265011	TwoHandWeapon	黄金先锋	Golden Vanguard	Luon_TwoHandAlebard	33	1
270001	OneHandWeapon	罗兹蒙德手枪	Rosemond Pistol	Rosemand_OneHandPistol	34	1
270002	OneHandWeapon	杰梅尔手枪	Jemel Pistol	Jemel_OneHandPistol	34	1
270003	OneHandWeapon	法尔科内手枪	Falconne Pistol	Falcone_OneHandPistol	34	1
270004	OneHandWeapon	维兰西亚手枪	Vilancia Pistol	Vilancia_OneHandPistol	34	1
270011	OneHandWeapon	昔日之影手枪	Shadow of the Past Pistol	Alida_Restraint_OneHandPistol	34	1
270013	OneHandWeapon	卡利班的仁慈手枪	Caliburn's Mercy Pistol	Caliburn_Tolerance_OneHandPistol	34	1
280001	OneHandWeapon	阿勒伦火枪	Arlen Musket	Huntington_OneHandMusket	35	1
280002	OneHandWeapon	拜克火枪	Bekker Musket	Lopelun_OneHandMusket	35	1
280003	OneHandWeapon	德雷西亚火枪	Delesyian Musket	Aequor_OneHandMusket	35	1
280004	OneHandWeapon	威尔斯火枪	Wells Musket	Torretlan_OneHandMusket	35	1
280005	OneHandWeapon	雷奥弗里克火枪	Leofric Musket	Turacon_OneHandMusket	35	1
280017	OneHandWeapon	头盔族火枪	Helms Musket	Rhystizer_OneHandMusket	35	1
280018	OneHandWeapon	佩伦火枪	Pailunese Musket	Argatah_OneHandMusket	35	1
280019	OneHandWeapon	古斯塔夫火枪	Gustav Musket	Gustav_OneHandMusket	35	1
290001	Shield	巴尔顿盾牌	Balton Shield	ReiGhis_Wood_OneHandShield	1	1
290014	Shield	艾丽丝盾牌	Iris Shield	Rush_Storm_Wood_OneHandShield	1	1
290017	Shield	西德蒙圆盾	Sydmon Round Shield	Diskio_Metal_OneHandShield	1	1
290020	Shield	夜之镜	Mirror of Night	Dark_King_Metal_OneHandShield	1	1
290021	Shield	德莱克盾牌	Drake Shield	AbyssReward_Drake_Metal_OneHandShield	1	1
290023	Shield	豪情箭盾	Rising Arrow Shield	Acquirs_Wood_OneHandShield	1	1
290026	Shield	鹿王盾牌	Staglord's Shield	Deer_King_Metal_OneHandShield	1	1
290057	Shield	德卡尔盾牌	Dekarr Shield	Tarrdik_Wood_OneHandShield	1	1
290058	Shield	西德蒙鹞形盾	Sydmon Kite Shield	Caviden_Wood_OneHandShield	1	1
290090	Shield	塔尔迪克盾牌	Tardik Shield	Derbid_Wood_OneHandShield	1	1
290091	Shield	杜黑文盾牌	Dewhaven Shield	Dimphelt_Wood_OneHandShield	1	1
290113	Shield	花开春日之盾	Shield of a Blossoming Spring Day	Kite_Metal_OneHandShield	1	1
290114	Shield	德梅尼斯勇气之盾	Demenissian Shield of Valor	Demeniss_Soldier_Kitee_Metal_OneHandShield_I	1	1
290115	Shield	德梅尼斯忠诚之盾	Demenissian Shield of Loyalty	Demeniss_Soldier_Kitee_Metal_OneHandShield_II	1	1
290116	Shield	德梅尼斯服从之盾	Demenissian Shield of Obedience	Demeniss_Soldier_Kitee_Metal_OneHandShield_III	1	1
290502	TowerShield	吉尔里姆大型盾牌	Gilliam Large Shield	Pavis_OneHandTowerShield	32	1
290503	TowerShield	利普索特大型盾牌	Lifsoth Large Shield	Lipsort_OneHandTowerShield	32	1
290504	TowerShield	沃斯派克强化大型盾牌	Reinforced Warspike Large Shield	Tardik_OneHandTowerShield	32	1
290506	TowerShield	塔尔温德大型盾牌	Thalwynd Large Shield	Berkhia_OneHandTowerShield	32	1
290508	TowerShield	鲁肯大型盾牌	Lucon Large Shield	Lucan_OneHandTowerShield	32	1
290509	TowerShield	罗尼德大型盾牌	Rhonid Large Shield	Ronied_OneHandTowerShield	32	1
290510	TowerShield	巴尔顿大型盾牌	Balton Large Shield	Monita_OneHandTowerShield	32	1
290511	TowerShield	雷克尔大型盾牌	Rekel Large Shield	Recle_OneHandTowerShield	32	1
290515	TowerShield	兰福德大型盾牌	Lanford Large Shield	Taos_OneHandTowerShield	32	1
290516	TowerShield	笑面傀儡马戏团盾牌	The Laughing Marionette Shield	Gelhouke_OneHandTowerShield	32	1
290523	TowerShield	拜克大型盾牌	Bekker Large Shield	Tulio_OneHandTowerShield	32	1
290526	TowerShield	量产型雷克尔大型盾牌	Mass-Produced Large Rekel Shield	Dealinger_OneHandTowerShield	32	1
290531	TowerShield	雷克尔钉刺大型盾牌	Rekel Large Spiked Shield	Light_Thorn_OneHandTowerShield	32	1
290532	TowerShield	沃斯派克钉刺大型盾牌	Thorny Warspike Large Shield	Artisan_Thorn_OneHandTowerShield	32	1
290533	TowerShield	德梅尼斯士兵大型盾牌	Demenissian Soldier's Large Shield	Demeniss_Soldier_OneHandTowerShield	32	1
290997	TowerShield	军团长枪团大型盾牌	Legion Spearmen's Large Shield	Hard_Thorn_OneHandTowerShield	32	1
300001	Bow	金芒绳结先祖弓箭	Golden-Knotted Ancestral Bow	Tardik_OneHandBow	3	1
300002	Bow	德卡尔弓箭	Dekarr Bow	Pieti_OneHandBow	3	1
300003	Bow	拜克弓箭	Bekker Bow	Paunah_OneHandBow	3	1
300004	Bow	晓月使者弓箭	Twilight Messengers' Bow	Berkhia_OneHandBow	3	1
300012	Bow	塔尔迪克弓箭	Tardik Bow	Aurellian_OneHandBow	3	1
300013	Bow	凯鲁斯弓箭	Kylus Bow	Vellian_OneHandBow	3	1
300014	Bow	西德蒙弓箭	Sydmon Bow	Khanoa_OneHandBow	3	1
300015	Bow	血钢弓箭	Bloodsteel Bow	Mestio_OneHandBow	3	1
300018	Bow	托马索之弓	Tommasoan Bow	Baredin_OneHandBow	3	1
300019	Bow	沃斯派克弓箭	Warspike Bow	Nerdhal_OneHandBow	3	1
300023	Bow	狂魂弓箭	Tormented Soul Bow	Light_Arrowhead_Leader_OneHandBow	3	1
300050	Bow	白木弓箭	White Wood Bow	Mercernary_OneHandBow	3	1
301000	Bow	埃塞里温弓箭	Aeserion Bow	Dragon_OneHandBow	3	1
301001	Bow	红色守卫之弓	Crimson Warden's Bow	Robinhood_OneHandBow	3	1
310008	TwoHandWeapon	西德蒙长枪	Sydmon Spear	Kephilray_TwoHandSpear	21	1
310009	TwoHandWeapon	阿方索长枪	Alfonso Spear	Judge_TwoHandSpear	21	1
310012	TwoHandWeapon	凯鲁斯长枪	Kylus Spear	Khadiac_TwoHandSpear	21	1
310013	TwoHandWeapon	阿拉巴斯特长枪	Alabaster Spear	Kylidden_TwoHandSpear	21	1
310018	TwoHandWeapon	沃斯派克长枪	Warspike Spear	Kamperdian_TwoHandSpear	21	1
310023	TwoHandWeapon	齿轮破坏者长枪	Cog Destroyer Spear	Argtisan_TwoHandSpear	21	1
310024	TwoHandWeapon	大义长枪	Spear of Righteousness	Kydalern_TwoHandSpear	21	1
310025	TwoHandWeapon	巴尔伽什未完成的作品	Valgash's Incomplete Work	Jerrphin_TwoHandSpear	21	1
310028	TwoHandWeapon	驱暗之棘	Thorn of Dark Pursuit	DarkLeader_TwoHandGiantSpear	21	1
310031	TwoHandWeapon	北风三叉戟	North Wind Trident	North_Warrior_TwoHandSpear	21	1
310035	TwoHandWeapon	叛誓之枪	Traitor's Spear	Limerhen_TwoHandSpear	21	1
310039	TwoHandWeapon	虚无者之杖	Staff of the Fleeting	Hexe_Soldier_TwoHandSpear	21	1
320001	OneHandWeapon	海德弩	Hyde Crossbow	Hyde_OneHandCrossBow	47	1
320002	OneHandWeapon	南部流浪巨魔弩兵的弩	Southern Wandering Troll's Crossbow	South_Wanderer_Troll_OneHandCrossBow	47	1
330001	TwoHandWeapon	伦纳德双手火炮	Rhinard Cannon	Rhinard_TwoHandCannon	38	1
330002	OneHandWeapon	电激火焰喷射器	Electromagnetic Flamespitter	FlameThrower	49	1
330003	OneHandWeapon	电激冰霜喷射器	Electromagnetic Frostspitter	IceThrower	50	1
370001	OneHandWeapon	佩伦霰弹枪	Pailunese Shotgun	Kliff_OneHandShotgun	36	1
370002	OneHandWeapon	杜黑文霰弹枪	Dewhaven Shotgun	Alida_OneHandShotgun	36	1
370003	OneHandWeapon	莫蒂默霰弹枪	Mortimer Shotgun	Mortimer_OneHandShotgun	36	1
370004	OneHandWeapon	甲基爆霰弹枪	Metilbahm Shotgun	Methilbalm_OneHandShotgun	36	1
370005	OneHandWeapon	德雷西亚霰弹枪	Delesyian Shotgun	Toddbern_OneHandShotgun	36	1
370006	OneHandWeapon	布利德霰弹枪	Bleed Shotgun	Walter_OneHandShotgun	36	1
370007	OneHandWeapon	戴恩霰弹枪	Dane Shotgun	Dein_OneHandShotgun	36	1
380501	TwoHandWeapon	德梅尼斯小型旗帜	Small Demenissian Banner Pike	Demeniss_Flag	23	1
380504	TwoHandWeapon	王室狩猎场小型旗帜	Small Royal Hunting Ground Banner Pike	Royal_Hunting_Ground_Flag_III	23	1
380506	TwoHandWeapon	醉酒黑熊小型旗帜	Small Black Bears Banner Pike	Drunk_BlackBears_Flag	23	1
400000	TwoHandWeapon	拜克双手锤	Bekker Greathammer	Rusty_TwoHandHammer	28	1
400001	TwoHandWeapon	黄金龙爪	Golden Dragon's Claw	Eestyon_TwoHandHammer	28	1
400002	TwoHandWeapon	火焰双手锤	Greathammer of Fire	Flame_SwordMan_TwoHandHammer	28	1
400003	TwoHandWeapon	头盔族双手锤	Helms Greathammer	Kramer_TwoHandHammer	28	1
400004	TwoHandWeapon	兰福德双手锤	Lanford Greathammer	Tortriden_TwoHandHammer	28	1
400005	TwoHandWeapon	白骨坑双手锤	Bonepit Greathammer	Turcadian_TwoHandHammer	28	1
410002	OneHandWeapon	火山手持火炮	Volcanic Blaster	Volcanic_OneHandCannon	37	1
410004	OneHandWeapon	铜制手钻	Copper Knuckledrill	Giant_Copper_Drill	30	1
410008	OneHandWeapon	怒涛之环护手	Furious Waves Gauntlet	Angry_Wave_Ring_Drill	48	1
410009	OneHandWeapon	铁拳护手	Iron Fists Gauntlet	Ironfist_Boss_Knuckle	48	1
410011	OneHandWeapon	摩斯肯上半身分身	Muskan's Upper Body Clone	Muscan_Ghost_Fist	29	1
410012	OneHandWeapon	摩斯肯下半身分身	Muskan's Lower Body Clone	Muscan_Ghost_Fist_I	29	1
430001	OneHandWeapon	睡眠针	Soporific Blowpipe	Poison_Stick	52	1
500001	TwoHandWeapon	审判官双手斧	Inquisitor's Greataxe	Huge_TwoHandGiantAxe	15	1
500005	TwoHandWeapon	祖纹巨岩斧	Patterned Stone Greataxe	Giant_Warriors_TwoHandGiantAxe	15	1
600001	Earring	刻着图案的铜耳环	Engraved Copper Earring	Pattern_Bronze_Earring	8	1
600002	Earring	刻着图案的银耳环	Engraved Silver Earring	Pattern_Silver_Earring	8	1
600003	Earring	刻着图案的金耳环	Engraved Gold Earring	Pattern_Gold_Earring	8	1
600005	Earring	金鹿之泪	Golden Deer's Tear	Pattern_Diamond_Earring	8	1
610002	Necklace	刻着图案的银项链	Engraved Silver Necklace	Pattern_Silver_Necklace	9	1
610004	Necklace	刻着图案的铜项链	Engraved Copper Necklace	Pattern_Copper_Necklace	9	1
610014	Necklace	精心加工的金项链	Finely Crafted Gold Necklace	Detail_Gold_Necklace	9	1
610015	Necklace	用星尘加工而成的项链	Stardust Necklace	Stardust_Necklace	9	1
620002	Ring	古代甲壳戒指	Ancient Shell Ring	Pattern_Silver_Ring	10	1
620004	Ring	粗糙的青色戒指	Crude Blue Ring	Pattern_Copper_Ring	10	1
620010	Ring	粗犷青石戒指	Rough Bluestone Ring	Red_Ring	10	1
620011	Ring	精心加工的金戒指	Finely Crafted Gold Ring	Detail_Gold_Ring	10	1
620911	Ring		Dev Growth Ring I	Dev_Growth_Ring_I	10	1
620912	Ring		Dev Growth Ring II	Dev_Growth_Ring_II	10	1
620913	Ring		Dev Growth Ring III	Dev_Growth_Ring_III	10	1
620914	Ring		Dev Growth Ring IV	Dev_Growth_Ring_IV	10	1
620915	Ring		Dev Growth Ring V	Dev_Growth_Ring_V	10	1
620916	Ring		Dev Growth Ring VI	Dev_Growth_Ring_VI	10	1
620917	Ring		Dev Growth Ring VII	Dev_Growth_Ring_VII	10	1
620918	Ring		Dev Growth Ring VIII	Dev_Growth_Ring_VIII	10	1
620919	Ring		Dev Growth Ring IX	Dev_Growth_Ring_IX	10	1
620920	Ring		Dev Growth Ring X	Dev_Growth_Ring_X	10	1
620993	HorseGear		Dev Red Dragon HorseArmor Helm	Dev_Red_Dragon_HorseArmor_Helm	61	1
620994	HorseGear		Dev Red Dragon HorseArmor Saddle	Dev_Red_Dragon_HorseArmor_Saddle	62	1
620995	HorseGear		Dev Red Dragon HorseArmor Stirrup	Dev_Red_Dragon_HorseArmor_Stirrup	63	1
620996	HorseGear		Dev Red Dragon HorseArmor Armor	Dev_Red_Dragon_HorseArmor_Armor	60	1
620997	Ring		Dev Red Dragon Ring Str HP	Dev_Red_Dragon_Ring_Str_HP	10	1
620998	Ring		Dev Red Dragon Ring Def HP	Dev_Red_Dragon_Ring_Def_HP	10	1
620999	Ring		Dev Red Dragon Ring MP Stamina	Dev_Red_Dragon_Ring_MP_Stamina	10	1
621000	Ring		Dev Red Dragon Ring Immune	Dev_Red_Dragon_Ring_Immune	10	1
700001	Material	碎布	Cloth Piece	Clout	65535	2
710001	Material	木材	Timber	Wood	65535	2
720001	Material	铁矿石	Iron Ore	IronStone	65535	2
720002	Material	银矿石	Silver Ore	SilverOre	65535	2
720003	Material	金矿石	Gold Ore	GoldOre	65535	2
720004	Material	铜矿石	Copper Ore	CopperOre	65535	2
720010	Material	铋元素矿石	Bismuth Ore	BismuthOre	65535	2
721501	Material	石榴石	Garnet	Ruby	65535	2
721502	Material	绿帘石	Epidote	GreenStone	65535	2
721503	Material	天青石	Azurite	BlueStone	65535	2
721504	Material	金刚石	Diamond	Diamond	65535	2
721505	Material	血石	Bloodstone	RedStone	65535	2
721506	Material	方柱石矿石	Scolecite Ore	WhiteStone	65535	2
740001	Material	薄皮革	Thin Hide	Leather	65535	2
740002	Material	长毛皮革	Short Hair Hide	Deer_Leather	65535	2
740003	Material	短毛皮革	Long Hair Hide	Wolf_Leather	65535	2
740004	Material	厚皮革	Thick Hide	Bear_Leather	65535	2
740005	Material	硬皮革	Sturdy Hide	Crocodile_Skin	65535	2
749003	Consumable	干草	Hay	HorseFeed_Hay	65535	2
749007	Consumable	甜菜	Sugar Beet	HorseFeed_Sugar_Beet	65535	2
749101	Consumable	方糖	Sugar Cubes	HorseFeed_Lump_Sugar	65535	2
749201	Consumable	马匹强壮剂	Horse Tonic	HorseFeed_Hp_Potion	65535	2
749203	Consumable	马匹觉醒剂	Horse Stimulant	HorseFeed_Speed_Potion	65535	2
750002	Material	小麦	Wheat	Wheat	65535	2
750003	Material	胡萝卜	Carrot	Carrot	65535	2
750004	Material	大豆	Beans	Bean	65535	2
750006	Material	苹果	Apple	Apple	65535	2
750008	Material	葡萄	Grape	Grape	65535	2
750009	Material	橡子	Acorn	Acorn	65535	2
750018	Material	燕麦	Oats	Oats	65535	2
750019	Material	玉米	Corn	Corn	65535	2
750024	Material	洋葱	Onion	Onion	65535	2
750025	Material	橙子	Orange	Orange	65535	2
750030	Material	桃子	Peach	Peach	65535	2
750035	Material	西红柿	Tomato	Tomato	65535	2
750040	Food	树蜜	Wild Honey	Wild_Honey	65535	2
750041	Food	石蜜	Wild Rock Honey	Stone_Honey	65535	2
750049	Food	奶酪	Cheese	Cheese	65535	2
751004	Material	珊瑚菇	Coral Mushroom	Ssari_Mushroom	65535	2
751103	Material	迷迭香	Rosemary	Rosemary	65535	2
751104	Material	粉色迷迭香	Pink Rosemary	Rosemary_pink	65535	2
751105	Material	白色迷迭香	White Rosemary	Rosemary_white	65535	2
751106	Material	黄色迷迭香	Yellow Rosemary	Rosemary_yellow	65535	2
751107	Material	薰衣草	Lavender	Lavender	65535	2
751108	Material	蓝色薰衣草	Blue Lavender	Lavender_blue	65535	2
751109	Material	白色薰衣草	White Lavender	Lavender_white	65535	2
751110	Material	黄色薰衣草	Yellow Lavender	Lavender_yellow	65535	2
751111	Material	大蒜	Garlic	Garlic	65535	2
751112	Material	亚麻	Flax	Ama	65535	2
751118	Material	沙漠西瓜	Desert Melon	Desert_Watermelon	65535	2
751122	Material	巴豆	Croton	Croton	65535	2
751123	Material	红色巴豆	Red Croton	Croton_Red	65535	2
751127	Material	蓝莓	Blueberry	Blueberry	65535	2
751128	Material	树莓	Raspberry	Rasberry	65535	2
751132	Material	土豆	Potato	Potato	65535	2
751133	Material	地瓜	Sweet Potato	SweetPotato	65535	2
751134	Material	黑莓	Blackberry	Blackberry	65535	2
752001	Material	盐	Salt	Salt	65535	2
752003	Material	糖	Sugar	Sugar	65535	2
752005	Material	烹饪油	Cooking Oil	Cooking_Oil	65535	2
752021	Material	劲道的肉	Tough Meat	High_Meat	65535	2
752751	Material	粪肥	Manure	SmallAnimal_Poop	65535	2
754004	Material	毒	Poison	Spider_Poison	65535	2
754006	Material	蜘蛛丝	Spider Web	Spider_Web	65535	2
754062	Material	酸性蜘蛛酸液	Acidic Spider Venom	Acid_Spider_Poison	65535	2
755015	Material	鸡蛋	Egg	Egg	65535	2
756512	Material	蜂巢	Beehive	HoneyComb	65535	2
756513	Material	野山参	Wild Ginseng	Wild_Insam	65535	2
756518	Material	长角	Long Horn	Deer_Antler	65535	2
756601	Material	松茸	Pine Mushroom	Songyi_Mushroom	65535	2
756604	Material	香菇	Oakwood Mushroom	Pyogo_Mushroom	65535	2
756701	Material	灰鹅膏菇	Grisette Mushroom	Umbrella_Mushroom	65535	2
756703	Material	鹿角毒菇	Poison Fire Coral Mushroom	RedDeerHorn_Mushroom	65535	2
756802	Material	苦参花	Shrubby Sophora	ThiefWand_Flower	65535	2
756803	Material	太子参	False Starwort	Haasam	65535	2
756804	Material	白茅根	Satintail Root	WhiteHair_Root	65535	2
756901	Material	藜芦	False Hellebore	Chickadee	65535	2
757002	Material	金盏花	Marigold	Marigold	65535	2
757004	Material	金鱼草	Snapdragon	SnapDragon	65535	2
757006	Material	牡丹	Peony	Peony	65535	2
757007	Material	秋海棠	Begonia	Begonia	65535	2
757009	Material	三色堇	Pansy	Pansy	65535	2
757010	Material	银铃花	Lily of the Valley	Bell_Flower	65535	2
757011	Material	野扁豆花	Dunbaria	FoxBean_Flower	65535	2
757012	Material	棉花	Cotton	Cotton	65535	2
757013	Material	石斛花	Dendrobium Orchid	Dendrobium_Flower	65535	2
777001	Misc	黄金苹果	Golden Apple	Gold_Apple	65535	2
790002	Misc	空瓶	Empty Bottle	Empty_Bottle	65535	2
795009	Misc	小骨	Small Bone	Animal_Bone	65535	2
795041	Necklace	老旧的项链	Worn Necklace	Old_Necklace	9	1
795042	Necklace	褪色的项链	Tarnished Necklace	Faded_Necklace	9	1
795052	Ring	老旧的戒指	Worn Ring	Old_Ring	10	1
795053	Ring	褪色的戒指	Tarnished Ring	Faded_Ring	10	1
800047	Consumable	来历不明的药剂	Mysterious Elixir	Goat_Horn_Potion	65535	2
800174	Misc	瑟金斯家族的印章	The Seal of House Serkis	Anvil_Fort_Secret_Document	65535	2
801001	Misc	埃尔南德通行许可证	Hernand Entry Permit	Permit_Her_Pass	65535	2
802204	Misc	圣哈尔修斯疗养院访客通行证	St. Halssius Visitor Pass	MonasteryVisitorPass	65535	2
802261	Misc	刻着图案的钥匙	Engraved Key	Alchemist_Key	65535	2
802286	Document	招募掰手腕挑战者	Recruiting Arm Wrestlers	NoticePaper_ArmWrestle	65535	2
802345	Misc	符咒	Talisman	Crow_Charm	65535	2
802346	Misc	铃铛	Bells	Crow_Bell	65535	2
802347	Misc	香炉	Censer	Crow_Thurible	65535	2
802353	Misc	埃尔南德果酒仓库钥匙	Hernand Wine Storehouse Key	Hernand_Winery_Key	65535	2
802364	Document	[德梅尼斯告示] - 德梅尼斯马戏团的邀请	[Demeniss Poster] - Invitation to the Demeniss Circus	NoticePaper_Circus_DontMissIt	65535	2
802365	Document	[德梅尼斯告示] - 德梅尼斯马戏团的邀请	[Demeniss Poster] - Invitation to the Demeniss Circus	NoticePaper_Circus_ComeRightNow	65535	2
802366	Document	[德梅尼斯告示] - 德梅尼斯马戏团的邀请	[Demeniss Poster] - Invitation to the Demeniss Circus	NoticePaper_Circus_Chairless	65535	2
802453	Document	艾罗斯汀的信	Alustin's Letter	Letter_Go_To_ScolaStone	65535	2
802923	Misc	哥布林监察官的家门钥匙	Overseer's House Key	Goblin_Director_House_Key	65535	2
802926	Misc	格伦布莱特大宅的铁门钥匙	Glenbright Manor Key	GraceMansion_MetalDoor_Key	65535	2
802927	Misc	格伦布莱特大宅的地下室钥匙	Glenbright Manor Basement Key	GraceMansion_RoomDoor_Key	65535	2
802942	Recipe	热气球设计图	Cloudcart Blueprint	Grace_Blueprint	65535	2
803011	Document	著名盗贼的地图1号	Notorious Thief's Map Piece 1	TreasureMap_Famous_Thief_I	65535	2
803012	Document	著名盗贼的地图2号	Notorious Thief's Map Piece 2	TreasureMap_Famous_Thief_II	65535	2
803013	Document	著名盗贼的地图3号	Notorious Thief's Map Piece 3	TreasureMap_Famous_Thief_III	65535	2
803021	Document	传说防具地图1号	Legendary Armor Map Piece 1	TreasureMap_Legendary_Armor_I	65535	2
803022	Document	传说防具地图2号	Legendary Armor Map Piece 2	TreasureMap_Legendary_Armor_II	65535	2
803023	Document	传说防具地图3号	Legendary Armor Map Piece 3	TreasureMap_Legendary_Armor_III	65535	2
803024	Document	埃尔卡德的藏宝图1号	Ercaid's Treasure Map Piece 1	TreasureMap_Elcard_I	65535	2
803025	Document	埃尔卡德的藏宝图2号	Ercaid's Treasure Map Piece 2	TreasureMap_Elcard_II	65535	2
803026	Document	埃尔卡德的藏宝图3号	Ercaid's Treasure Map Piece 3	TreasureMap_Elcard_III	65535	2
803031	Document	夏日守护者的藏宝图1号	Farmer's Treasure Map Piece 1	TreasureMap_Summer_I	65535	2
803032	Document	夏日守护者的藏宝图2号	Farmer's Treasure Map Piece 2	TreasureMap_Summer_II	65535	2
803033	Document	夏日守护者的藏宝图3号	Farmer's Treasure Map Piece 3	TreasureMap_Summer_III	65535	2
803034	Document	夏日守护者的藏宝图4号	Farmer's Treasure Map Piece 4	TreasureMap_Summer_IV	65535	2
803041	Document	神秘的图腾藏宝图1号	Mysterious Totem Treasure Map Piece 1	TreasureMap_Mysterious_Totem_I	65535	2
950001	Tool	扫帚	Broom	Equip_Broom	89	1
950002	Tool	伐木斧	Logging Axe	Equip_Felling_Axe	87	1
950003	Tool	铲土	Shovel	Equip_Shovel	88	1
950004	Tool	镐头	Pickaxe	Equip_Pickaxe	84	1
950005	Tool	铁耙	Pitchfork	Equip_Iron_Chain	85	1
950006	Tool	耙子	Rake	Equip_Rake	86	1
950007	Tool	锄头	Hoe	Equip_Hoe	90	1
950008	Tool	农用大型镰刀	Large Farming Scythe	Equip_Large_Agricultural_Sickle	91	1
950009	Tool	锯子	Saw	Equip_Saw	94	1
950010	Tool	锤子	Mallet	Equip_Work_Hammer	92	1
950012	Tool	喇叭	Trumpet	Equip_Trumpet	95	1
950013	Tool	小鼓	Small Drum	Equip_Drum	96	1
950017	Backpack	货商的背囊	Peddler's Pack	Merchant_BackPack_I	66	1
950018	Backpack	皮革商的背囊	Tanner's Pack	Leather_Merchant_BackPack_I	66	1
950019	Backpack	野战背囊	Field Pack	FieldBattle_BackPack_I	66	1
950020	Backpack	皮革商的背囊	Tanner's Pack	Leather_Merchant_BackPack_II	66	1
950021	Backpack	皮革商的背囊	Tanner's Pack	Leather_Merchant_BackPack_III	66	1
950022	Backpack	野战背囊	Field Pack	FieldBattle_BackPack_II	66	1
950023	Backpack	技工的背囊	Technician's Pack	Technician_BackPack	66	1
950024	Backpack	农夫的背囊	Farmer's Pack	Farmer_BackPack_I	66	1
950025	Backpack	农夫的背囊	Farmer's Pack	Farmer_BackPack_II	66	1
950026	Backpack	采药人的背囊	Herbalist's Pack	Herbalist_BackPack_I	66	1
950027	Backpack	采药人的背囊	Herbalist's Pack	Herbalist_BackPack_II	66	1
950028	Backpack	士兵的背囊	Soldier's Pack	Soldier_BackPack	66	1
950029	Backpack	药材商的背囊	Apothecary's Pack	Apothecary_BackPack_I	66	1
950030	Backpack	药材商的背囊	Apothecary's Pack	Apothecary_BackPack_II	66	1
950031	Backpack	货商的背囊	Peddler's Pack	Merchant_BackPack_II	66	1
950032	Backpack	猎人的背囊	Hunter's Pack	Hunter_BackPack_I	66	1
950033	Backpack	猎人的背囊	Hunter's Pack	Hunter_BackPack_II	66	1
950034	Backpack	野战背囊	Field Pack	FieldBattle_BackPack_III	66	1
950035	Backpack	樵夫的背囊	Woodcutter's Pack	Logger_BackPack_I	66	1
950036	Backpack	樵夫的背囊	Woodcutter's Pack	Logger_BackPack_II	66	1
950038	Backpack	采石场背囊	Quarrier's Pack	Mine_BackPack_I	66	1
950039	Backpack	鹿搬运工背囊	Deer Pack	Deer_Porter_BackPack	66	1
950040	Backpack	养蜂场背囊	Beekeeper's Pack	Beekeeping_BackPack	66	1
950041	Backpack	货商的背囊	Peddler's Pack	Merchant_BackPack_III	66	1
950042	Backpack	鲜鱼背囊	Angler's Pack	Fish_BackPack_I	66	1
950043	Backpack	采石场背囊	Quarrier's Pack	Mine_BackPack_II	66	1
950044	Backpack	车轮背囊	Wheelwright's Pack	Wheel_BackPack	66	1
950045	Backpack	鲜鱼背囊	Angler's Pack	Fish_BackPack_II	66	1
950046	Backpack	钟铃背囊	Bell Pack	Bell_BackPack	66	1
950047	Backpack	乌龟背囊	Turtle Pack	Turtle_BackPack	66	1
950048	Backpack	家具背囊	Carpenter's Pack	Furniture_BackPack	66	1
950049	Backpack	鸟笼背囊	Birdcage Pack	Cage_BackPack	66	1
950050	Backpack	樵夫的背囊	Woodcutter's Pack	Logger_BackPack_III	66	1
950052	Backpack	武器背囊	Weaponsmith's Pack	Weapon_BackPack_I	66	1
950053	Backpack	武器背囊	Weaponsmith's Pack	Weapon_BackPack_II	66	1
950054	Backpack	武器背囊	Weaponsmith's Pack	Weapon_BackPack_III	66	1
950055	Backpack	武器背囊	Weaponsmith's Pack	Weapon_BackPack_IV	66	1
950056	Backpack	武器背囊	Weaponsmith's Pack	Weapon_BackPack_V	66	1
950057	Backpack	武器背囊	Weaponsmith's Pack	Weapon_BackPack_VI	66	1
950058	Backpack	武器背囊	Weaponsmith's Pack	Weapon_BackPack_VII	66	1
950059	Backpack	武器背囊	Weaponsmith's Pack	Weapon_BackPack_VIII	66	1
950060	Backpack	急救物品背囊	Healer's Pack	Medikit_BackPack_I	66	1
950061	Backpack	急救物品背囊	Healer's Pack	Medikit_BackPack_II	66	1
950062	Backpack	急救物品背囊	Healer's Pack	Medikit_BackPack_III	66	1
950063	Backpack	急救物品背囊	Healer's Pack	Medikit_BackPack_IV	66	1
950064	Backpack	急救物品背囊	Healer's Pack	Medikit_BackPack_V	66	1
950065	Backpack	急救物品背囊	Healer's Pack	Medikit_BackPack_VI	66	1
950066	Backpack	急救物品背囊	Healer's Pack	Medikit_BackPack_VII	66	1
950067	Backpack	急救物品背囊	Healer's Pack	Medikit_BackPack_VIII	66	1
950068	Backpack	武器背囊	Weaponsmith's Pack	Weapon_BackPack_IX	66	1
950069	Backpack	武器背囊	Weaponsmith's Pack	Weapon_BackPack_X	66	1
950071	Backpack	樵夫的背囊	Woodcutter's Pack	Logger_BackPack_IV	66	1
950072	Backpack	巨魔货商的背囊	Troll Peddler's Pack	TrollMerchant_BackPack_I	66	1
950073	Backpack	福罗林的背囊	Pororin Pack	Flolin_BackPack	66	1
950074	Backpack	福罗林戴尔空背架背囊	Florindale Empty Pack	Flolin_BackPack_II	66	1
950075	Backpack	废铁背囊	Scrap Metal Pack	ScrapMetal_BackPack_I	66	1
950076	Backpack	废铁背囊	Scrap Metal Pack	ScrapMetal_BackPack_II	66	1
950077	Backpack	废铁背囊	Scrap Metal Pack	ScrapMetal_BackPack_III	66	1
1000000	Misc	生命值等级提升	Health Amplification	Immediate_SubLevel_Hp	65535	2
1000001	Misc	勇气增幅	Spirit Amplification	Immediate_SubLevel_Mp	65535	2
1000002	Misc	耐力等级提升	Stamina Amplification	Immediate_SubLevel_Stamina	65535	2
1000003	Misc	攻击速度提升	Increased Attack Speed	Immediate_SubLevel_AttackSpeedRate	65535	2
1000004	Misc	移动速度等级提升	Increased Movement Speed	Immediate_SubLevel_MoveSpeedRate	65535	2
1000005	Gloves	配重皮制手套	Counterweight Leather Gloves	Legendary_Deer_Leather_Gloves	6	1
1000006	PetGear	猫咪板金头盔	Cat Plate Helm	PetArmor_Plate_Helm_Cat	58	1
1000007	Helmet	沙漠掠夺者板金头盔	Desert Marauder's Plate Helm	Optionary_Desert_Plunderer_Helmet	4	1
1000008	ChestArmor	秋日森林礼服皮制盔甲	Autumn Banquet Leather Armor	Demian_Leather_Armor_IV	5	1
1000009	ChestArmor	大地荣誉皮制盔甲	Leather Armor of Earth's Honor	Demian_Leather_Armor	5	1
1000010	Gloves	王国正式骑士皮制手套	Official Knight's Leather Gloves	Demian_Leather_Gloves_I	6	1
1000011	Boots	秋日森林礼服皮制鞋子	Autumn Banquet Leather Boots	DamianOnly_Leather_Boots_IV	7	1
1000012	Boots	王国正式骑士皮制鞋子	Official Knight's Leather Boots	DamianOnly_Leather_Boots_V	7	1
1000013	ChestArmor	王国正式骑士板金盔甲	Official Knight's Plate Armor	Demian_PlateArmor_Armor_VI	5	1
1000014	PetGear	猫咪板金盔甲	Cat Plate Armor	PetArmor_Plate_Armor_Cat	59	1
1000015	Misc	打糕烤肉	Grilled Meat Patties	Tteokgalbi	65535	2
1000016	Quest	埃尔南德贡献度商店宣传传单	Hernand Contribution Shop Flyer	Quest_Paper_ContributionShop_Hernand	65535	2
1000017	Ammo	粗糙的伊塔诺炮弹	Crude Itano Cannonball	Itano_CannonBall_Errant	65535	2
1000018	Ammo	粗糙的铋元素炮弹	Crude Bismuth Cannonball	Bismuth_CannonBall_Errant	65535	2
1000019	TwoHandWeapon		TestTwoHandAxe	TestTwoHandAxe	15	1
1000020	Misc	金凤蝶	Swallowtail	Item_Eastern_Tiger_Swallowtail	65535	2
1000021	ChestArmor	哈尔修斯祭司服	St. Halssius Priest Attire	Optionary_Monk_Cloth	5	1
1000022	OneHandWeapon	潜水员机械手钻	Diver's Machine Knuckledrill	Diver_Steel_Drill	30	1
1000023	Misc	[QA] 侧写报告 (埃尔南德-佩伦 2.5)	[QA] Profiling (Hernand-Pailune 2.5)	Dev_QA_hertopail_walk	65535	2
1000024	ChestArmor	鹿王追随者皮制盔甲	Staglord Acolyte's Leather Armor	Deer_King_Follower_Leather_Armor_III	5	1
1000025	Misc	翠凤蝶	Ornythion Swallowtail Butterfly	Item_Ornythion_Swallowtail	65535	2
1000026	Misc	子弹束	Bundle of Bullets	MultiBullet	65535	2
1000027	Shield	鸢盾	Kite Shield	Kitee_OneHandShield	1	1
1000028	Consumable	弗蕾雅的低阶药剂	Freya's Lesser Elixir	Potion_StatBuff_Tier1_0001	65535	2
1000029	Misc	满满一份烤谷物	Hearty Toasted Grains	Rice_XLarge	65535	2
1000030	Consumable	阿芙罗妮娅的低阶药剂	Apollonia's Lesser Elixir	Potion_StatBuff_Tier1_0002	65535	2
1000031	Boots	大地荣誉皮制鞋子	Leather Boots of Earth's Honor	DamianOnly_Leather_Boots_VII	7	1
1000032	Cloak	福罗林布制披风	Pororin Cloth Cloak	Florin_Fabric_Cloak	69	1
1000033	Gloves	牧童皮制手套	Herder Leather Gloves	Shepherd_Leather_Gloves	6	1
1000034	Consumable	梅莉娅拉的低阶药剂	Meliara's Lesser Elixir	Potion_StatBuff_Tier1_0003	65535	2
1000035	Misc	凤尾蝶	Spicebush Swallowtail Butterfly	Item_Spicebush_Swallowtail	65535	2
1000036	Helmet	雷德林布制头盔	Redrin Cloth Cap	Redrin_Fabric_Helm	4	1
1000037	Helmet	知识头盔	Helm of Knowledge	Knowledge_PlateArmor_Helm	4	1
1000038	Recipe	烹饪：烤鱼肉	Recipe: Grilled Meat and Fish	Recipe_Grilled_Meat_Fish	65535	2
1000039	Gloves	西本皮制手套	Sivern Leather Gloves	Ciburn_Leather_Gloves	6	1
1000040	Helmet	博佩特板金头盔	Bobfett Plate Helm	Bopet_PlateArmor_Helm	4	1
1000041	ChestArmor	鲶鱼爵士盔甲	Sir Catfish's Armor	Sir_Catfish_PlateArmor_Armor	5	1
1000042	Misc	蓝凤蝶	Pipevine Swallowtail Butterfly	Item_Pipevine_Swallowtail	65535	2
1000043	Gloves	大地荣誉皮制手套	Leather Gloves of Earth's Honor	Demian_Leather_Gloves_II	6	1
1000044	Boots	奴隶布制鞋子	Slave's Cloth Boots	Slave_Fabric_Boots	7	1
1000045	ChestArmor	赏金猎人皮制盔甲	Bounty Hunter's Leather Armor	BountyHunter_Leather_Armor_I	5	1
1000046	Gloves	带环皮制手套	Ringed Leather Gloves	BountyHunter_Leather_Gloves	6	1
1000047	Helmet	牛角赏金猎人板金头盔	Horned Bounty Hunter's Plate Helm	BountyHunter_PlateArmor_Helm	4	1
1000048	ChestArmor	赏金猎人板金盔甲	Bounty Hunter's Plate Armor	BountyHunter_Plate_Armor_I	5	1
1000049	OneHandWeapon	粗糙的棍棒	Crude Club	Vigil_OneHandMace	19	1
1000050	OneHandWeapon	大地脊梁	Spine of the Earth	Archaia_OneHandMace	19	1
1000051	Helmet	欧德克守护者板金头盔	Odeck's Protector Plate Helm	OrcuMer_PlateArmor_Helm	4	1
1000052	ChestArmor	欧德克守护者板金盔甲	Odeck's Protector Plate Armor	OrcuMer_PlateArmor_Armor	5	1
1000053	Gloves	欧德克守护者板金手套	Odeck's Protector Plate Gloves	OrcuMer_PlateArmor_Gloves	6	1
1000054	Boots	欧德克守护者板金鞋子	Odeck's Protector Plate Boots	OrcuMer_Plate_Boots	7	1
1000055	Misc	多斑凤蝶	Polydamas Swallowtail Butterfly	Item_Polydamas_Swallowtail	65535	2
1000056	Misc	玳瑁凤蝶	Zebra Swallowtail	Item_Zebra_Swallowtail	65535	2
1000057	ChestArmor	漆黑射手板金盔甲	Dark Marksman's Plate Armor	Samuel_PlateArmor_Armor	5	1
1000058	Gloves	漆黑射手板金手套	Dark Marksman's Plate Gloves	Samuel_PlateArmor_Gloves	6	1
1000059	Boots	漆黑射手板金鞋子	Dark Marksman's Plate Boots	Samuel_Plate_Boots	7	1
1000060	Misc	丰饶的记忆	Memories of Abundance	Puzzle_Reward_TreasureMap_Her_First	65535	2
1000061	Document	扑灭余火调查日志	Investigative Log: Extinguish the Flames	Book_Investigation_GoldleafGuildhouse	65535	2
1000062	Misc	假银币袋	Fake Silver Pouch	Decoy_Human_I	65535	2
1000063	Ammo	炮弹束	Bundle of Cannonballs	MultiCannonBall	65535	2
1000064	Misc	克里夫颈部伤疤外形变更券	Kliff's Neck Scar Change Coupon	CharacterCustomize_Kliff_Neck_Scar	65535	2
1000065	ChestArmor	赏金猎人布制盔甲	Bounty Hunter's Cloth Armor	BountyHunter_Fabric_Armor_I	5	1
1000066	ChestArmor	赏金猎人皮制盔甲	Bounty Hunter's Leather Armor	BountyHunter_Leather_Armor_II	5	1
1000067	Boots	莉莉安皮制鞋子	Lilian Leather Boots	lilian_Leather_Boots	7	1
1000068	Helmet	巴因德板金头盔	Binder's Plate Helm	Binder_PlateArmor_Helm	4	1
1000069	ChestArmor	赏金猎人板金盔甲	Bounty Hunter's Plate Armor	BountyHunter_Plate_Armor_II	5	1
1000070	Ammo	催眠箭	Sleep Arrow	Sleep_Arrow	65535	2
1000071	Recipe	烹饪：烤肉串	Recipe: Meat Skewers	Recipe_Meat_Sanjeok	65535	2
1000072	Recipe	烹饪：炖肉	Recipe: Braised Meat	Recipe_Braised_Meat	65535	2
1000073	Helmet	硫磺防毒面具	Brimstone Gas Mask	Gas_Mask_Helm_I	4	1
1000074	Boots	粗制的里西鞋子	Shoddy Rishi's Boots	Riesi_Boots	7	1
1000075	Misc	棋盘白蝶	Checkered White Butterfly	Item_Checkered_White	65535	2
1000076	Recipe	烹饪：清汤菜肴	Recipe: Clear Soup	Recipe_Meat_Porridge	65535	2
1000077	ChestArmor	赏金猎人布制盔甲	Bounty Hunter's Cloth Armor	BountyHunter_Fabric_Armor_II	5	1
1000078	ChestArmor	赏金猎人皮制盔甲	Bounty Hunter's Leather Armor	BountyHunter_Leather_Armor_III	5	1
1000079	Misc	橙纹豆粉蝶	Orange-Barred Sulphur Butterfly	Item_Orange_Barred_Sulphur	65535	2
1000080	TwoHandWeapon	环刀	Hwando	Hwando_TwoHandSword	17	1
1000081	Misc	高级木材	Fine Timber	Fine_Wood	65535	2
1000082	TwoHandWeapon	德里克西斯之枪	Derictus Spear	Troopers_TwoHandSpear	21	1
1000083	TwoHandWeapon	西埃洛斯双手剑	Sielos Longsword	Verheim_TwoHandSword	17	1
1000084	Misc	冒险家的食物包A型	Adventurer's Cooking Inventory Type A	Item_Set_A_RestArea	65535	2
1000085	Consumable	赫丁的低阶药剂	Haiden's Lesser Elixir	Potion_StatBuff_Tier1_0004	65535	2
1000086	TowerShield	信念盾牌	Shield of Conviction	Stephan_Bleed_Metal_OneHandTowerShield	32	1
1000087	Recipe	烹饪：蛋衣烤肉	Recipe: Battered Meat	Recipe_Pan_fried_Meat_Pancake	65535	2
1000088	Tool	钳子鱼竿	The Claw	ItemCatch_FishingRod	99	1
1000089	Misc	鲜花黏弹	Sticky Flower Bomb	BattleSticky_FlowerBomb	65535	2
1000090	Shield	藤蔓盾牌	Rattan Shield	Rattan_Wood_OneHandShield	1	1
1000091	Helmet	赏金猎人布制头盔	Bounty Hunter's Cloth Cap	BountyHunter_Fabric_Helm_I	4	1
1000092	Helmet	赏金猎人布制头盔	Bounty Hunter's Cloth Cap	BountyHunter_Fabric_Helm_II	4	1
1000093	ChestArmor	赏金猎人布制盔甲	Bounty Hunter's Cloth Armor	BountyHunter_Fabric_Armor_III	5	1
1000094	Boots	赏金猎人布制鞋子	Bounty Hunter's Cloth Boots	BountyHunter_Fabric_Boots_I	7	1
1000095	ChestArmor	赏金猎人皮制盔甲	Bounty Hunter's Leather Armor	BountyHunter_Leather_Armor_IV	5	1
1000096	ChestArmor	赏金猎人皮制盔甲	Bounty Hunter's Leather Armor	BountyHunter_Leather_Armor_V	5	1
1000097	Gloves	坚韧猎人皮制手套	Tough Hunter's Leather Gloves	BountyHunter_Leather_Gloves_I	6	1
1000098	Helmet	赏金猎人板金头盔	Bounty Hunter's Plate Helm	BountyHunter_PlateArmor_Helm_I	4	1
1000099	ChestArmor	赏金猎人板金盔甲	Bounty Hunter's Plate Armor	BountyHunter_Plate_Armor_III	5	1
1000100	Gloves	赏金猎人板金手套	Bounty Hunter's Plate Gloves	BountyHunter_PlateArmor_Gloves_I	6	1
1000101	Boots	赏金猎人板金鞋子	Bounty Hunter's Plate Boots	BountyHunter_Plate_Boots	7	1
1000102	Helmet	星座头盔	Constellation Helm	Anamorphic_PlateArmor_Helm	4	1
1000103	OneHandWeapon	蜂巢棍	Beehive Club	HoneyComb_OneHandMace	19	1
1000104	Backpack	东方僧人背囊	Eastern Monk Pack	Orient_Monk_BackPack	66	1
1000105	Misc	杜大师的蝎子	Master Du's Message	MasterDoo_Scroll	65535	2
1000106	TwoHandWeapon	银色的比吉奥内支架	Silver Visione Stand	Silver_Vizione_Stand_TwoHandSpear	21	1
1000107	Gloves	秋日森林礼服皮制手套	Autumn Banquet Leather Gloves	Demian_Leather_Gloves_III	6	1
1000108	Boots	低跟皮制鞋子	Low-heeled Leather Boots	DamianOnly_Leather_Boots_II	7	1
1000109	Backpack	沙漠守卫监视者背囊	Sandwatcher Watcher Pack	Drone_Backpack	66	1
1000110	Boots	纯白板金鞋子	Radiant Plate Boots	Demian_Pure_White_Plate_Boots_I	7	1
1000111	Boots	飘零的纯白板金鞋子	Fluttering Radiance Plate Boots	Demian_Pure_White_Plate_Boots_II	7	1
1000112	Consumable	阿斯特丽德的低阶药剂	Astrid's Lesser Elixir	Potion_StatBuff_Tier1_0005	65535	2
1000113	ChestArmor	赏金猎人布制盔甲	Bounty Hunter's Cloth Armor	BountyHunter_Fabric_Armor_IV	5	1
1000114	Gloves	赏金猎人布制手套	Bounty Hunter's Cloth Gloves	BountyHunter_Fabric_Gloves_I	6	1
1000115	Helmet	赏金猎人鳞片头盔	Bounty Hunter's Scale Helm	BountyHunter_Leather_Helm_I	4	1
1000116	ChestArmor	赏金猎人皮制盔甲	Bounty Hunter's Leather Armor	BountyHunter_Leather_Armor_VI	5	1
1000117	Boots	赏金猎人皮制鞋子	Bounty Hunter's Leather Boots	BountyHunter_Leather_Boots	7	1
1000118	PetGear	猫咪背囊帽子	Peddler Cat Hat	PetArmor_backpack_Helm_Cat	58	1
1000119	Misc	梦橙蝶	Sleepy Scarlet Butterfly	Item_Sleepy_Orange	65535	2
1000120	Misc	丰盛的烤谷物	Satisfying Toasted Grains	Rice_Large	65535	2
1000121	AbyssGear	审判之火	Flames of Judgment	Item_Skill_AbyssGear_Bastier	65535	2
1000122	Recipe	烹饪：烤鱼串	Recipe: Fish Skewers	Recipe_Fish_Sanjeok	65535	2
1000123	Misc	安装型炸弹	Deployable Explosive	InstallationBomb	65535	2
1000124	TwoHandWeapon	民兵队小型旗帜	Small Militia Banner Pike	Militia_Flag	23	1
1000125	Shield	噪音盾牌	Shield of Ringing	Sound_OneHandShield	1	1
1000126	Misc	橙翼蝶	Scarlet Leafwing Butterfly	Item_Desert_Orange_tip	65535	2
1000127	Cloak	战场之光布制披风	Light of the Battlefield Cloth Cloak	Demian_Fabric_Cloak_I	69	1
1000128	ChestArmor	赏金猎人布制盔甲	Bounty Hunter's Cloth Armor	BountyHunter_Fabric_Armor	5	1
1000129	ChestArmor	赏金猎人布制盔甲	Bounty Hunter's Cloth Armor	BountyHunter_Fabric_Armor_V	5	1
1000130	ChestArmor	赏金猎人布制盔甲	Bounty Hunter's Cloth Armor	BountyHunter_Fabric_Armor_VI	5	1
1000131	Helmet	赏金猎人皮制头盔	Bounty Hunter's Leather Helm	BountyHunter_Leather_Helm_II	4	1
1000132	ChestArmor	赏金猎人皮制盔甲	Bounty Hunter's Leather Armor	BountyHunter_Leather_Armor	5	1
1000133	ChestArmor	赏金猎人皮制盔甲	Bounty Hunter's Leather Armor	BountyHunter_Leather_Armor_VII	5	1
1000134	ChestArmor	赏金猎人皮制盔甲	Bounty Hunter's Leather Armor	BountyHunter_Leather_Armor_VIII	5	1
1000135	Gloves	厚重猎人皮制手套	Thick Hunter's Leather Gloves	BountyHunter_Leather_Gloves_II	6	1
1000136	Boots	缠绳赏金猎人皮制鞋子	Strapped Bounty Hunter's Leather Boots	BountyHunter_Leather_Boots_I	7	1
1000137	Helmet	乌鸦赏金板金头盔	Crow Bounty Plate Helm	BountyHunter_PlateArmor_Helm_II	4	1
1000138	ChestArmor	赏金猎人板金盔甲	Bounty Hunter's Plate Armor	BountyHunter_Plate_Armor	5	1
1000139	Gloves	鲶鱼爵士板金手套	Sir Catfish's Plate Gloves	Sir_Catfish_PlateArmor_Gloves	6	1
1000140	Boots	鲶鱼爵士板金鞋子	Sir Catfish's Plate Boots	Sir_Catfish_Plate_Boots	7	1
1000141	Recipe	烹饪：炖鱼	Recipe: Braised Fish	Recipe_Braised_Fish	65535	2
1000142	Misc	人参	Ginseng	Possesion_Insam	65535	2
1000143	Helmet	矿工的头灯帽	Miner's Lantern Hat	Miner_PlateArmor_Helm	4	1
1000144	Food	小烤鱼	Small Grilled Fish	Grilled_Small_Fish	65535	2
1000145	Misc	白绒蝶	White Streaked butterfly	Item_White_M_Hairstreak	65535	2
1000146	Misc	嘟嘟鸟的蛋	Kuku Bird's Egg	Item_Kuku_Egg	65535	2
1000147	Misc	大紫绒蝶	Great Purple Hairstreak Butterfly	Item_Great_Purple_Hairstreak	65535	2
1000148	Document	神秘的书信	Mysterious Letter	Epistle	65535	2
1000149	Tool	木耙	Wooden Rake	Equip_WoodRake	86	1
1000150	Recipe	烹饪：鱼肉粥	Recipe: Fish Porridge	Recipe_Fish_Porridge	65535	2
1000151	Quest	闪光匕首	Dagger of Radiance	Quest_Crowman_Key_I	65535	2
1000152	Misc	火焰魔弹	Fire Magic Bullet	MagicBullet_Fire	65535	2
1000153	Food	水魔弹	Water Magic Bullet	MagicBullet_Water	65535	2
1000154	Recipe	烹饪：蛋衣烤鱼	Recipe: Battered Fish	Recipe_Pan_fried_Fish_Pancake	65535	2
1000155	Tool	高级伐木斧	Fine Logging Axe	Equip_Felling_Axe_I	87	1
1000156	OneHandWeapon	东方女巫的扇子	Eastern Witch's Fan	Witch_WingFan	43	1
1000157	Document	通缉尸王斯凯瓦尔德	Bounty Notice - Skevald, the Carrion King	NoticePaper_Hyenamolar	65535	2
1000158	Recipe	烹饪：腌蔬菜	Recipe: Pickled Vegetables	Recipe_Braised_Vegetable	65535	2
1000159	ChestArmor	原教旨主义者布制盔甲	Fundamentalist's Cloth Armor	Regglin_Fabric_Armor	5	1
1000160	ChestArmor	原教旨主义者布制盔甲	Fundamentalist's Cloth Armor	Regglin_Fabric_Armor_I	5	1
1000161	ChestArmor	原教旨主义者布制盔甲	Fundamentalist's Cloth Armor	Regglin_Fabric_Armor_II	5	1
1000162	ChestArmor	海盗布制盔甲	Pirate Cloth Armor	Pirate_Fabric_Armor	5	1
1000163	ChestArmor	海盗布制盔甲	Pirate Cloth Armor	Pirate_Fabric_Armor_I	5	1
1000164	ChestArmor	舞动的鲶鱼海盗团布制盔甲	Dancing Catfish Cloth Armor	Pirate_Fabric_Armor_II	5	1
1000165	ChestArmor	海盗布制盔甲	Pirate Cloth Armor	Pirate_Fabric_Armor_III	5	1
1000166	ChestArmor	海盗布制盔甲	Pirate Cloth Armor	Pirate_Fabric_Armor_IV	5	1
1000167	Gloves	海盗板金手套	Pirate Plate Gloves	Pirate_PlateArmor_Gloves	6	1
1000168	Gloves	海盗板金手套	Pirate Plate Gloves	Pirate_PlateArmor_Gloves_I	6	1
1000169	Recipe	烹饪：蔬菜粥	Recipe: Vegetable Porridge	Recipe_Vegetable_Porridge	65535	2
1000170	Misc	精神病患者治疗日志	Journal on Treating Lunatics	Halsius_Record	65535	2
1000171	OneHandWeapon	德梅尼斯电锯	Demenissian Chainsaw	Demeniss_Chainsaw	31	1
1000172	Misc	南方孔雀蝶	Buckeye Butterfly	Item_Common_Buckeye	65535	2
1000173	Boots	金风商会皮制鞋子	Goldleaves' Leather Boots	Goblin_Merchant_Soldier_Leather_Boots_I	7	1
1000174	Consumable	弗蕾雅的中阶药剂	Freya's Elixir	Potion_StatBuff_Tier2_0001	65535	2
1000175	Consumable	阿芙罗妮娅的中阶药剂	Apollonia's Elixir	Potion_StatBuff_Tier2_0002	65535	2
1000176	TwoHandWeapon	风暴突袭枪	Blazing Spear	Flame_staff_spear_TwoHandSpear	21	1
1000177	Misc	烤海鲜	Grilled Seafood	Freshly_Grilled_Squid	65535	2
1000178	TwoHandWeapon	佩伦贡献度旗帜	Pailunese Contribution Banner Pike	Pailune_Contribution_Flag	23	1
1000179	ChestArmor	野狼追踪者布制盔甲	Wolf Tracker Cloth Armor	Wolf_Pursuer_Fabric_Armor	5	1
1000180	Gloves	野狼追踪者皮制手套	Wolf Tracker Leather Gloves	Wolf_Pursuer_Leather_Gloves	6	1
1000181	Boots	野狼追踪者皮制鞋子	Wolf Tracker Leather Boots	Wolf_Pursuer_Leather_Boots	7	1
1000182	TowerShield	库图姆盾牌	Kutum Shield	AbyssReward_Kutum_TowerShield	32	1
1000183	Shield	佣兵的盾牌	Freesword's Shield	Mercenary_OneHandShield	1	1
1000184	OneHandWeapon	工匠之手	Artisan's Hand	Triden_OneHandMace	19	1
1000185	Misc	火边龟蝶	Flame-Bordered Butterfly	Item_Milbert_Tortoiseshell	65535	2
1000186	ChestArmor	金风商会布制盔甲	Goldleaves' Cloth Armor	Goblin_Merchant_Fabric_Armor_���	5	1
1000187	ChestArmor	尼布拉克布制盔甲	Nibrak Cloth Armor	Goblin_Merchant_Fabric_Armor_���	5	1
1000188	Document	德梅尼斯革命军的密信	Demenissian Rebel's Secret Letter	Demeniss_Revolutionary_Paper_I	65535	2
1000189	ChestArmor	金风商会布制盔甲	Goldleaves' Cloth Armor	Goblin_Merchant_Fabric_Armor_���	5	1
1000190	Recipe	齿轮制作方法：元气恢复	Gear Blueprint: Vigor	Recipe_Item_Stat_AbyssGear_StaminaRegen_LV1	65535	2
1000191	Gloves	哥布林商团板金手套	Goblin Merchant Guild's Plate Gloves	Goblin_Merchant_PlateArmor_Gloves_I	6	1
1000192	ChestArmor	德梅尼斯革命军布制盔甲	Demenissian Rebel Cloth Armor	RevolutionaryArmy_Fabric_Armor	5	1
1000193	ChestArmor	德梅尼斯革命军布制盔甲	Demenissian Rebel Cloth Armor	RevolutionaryArmy_Fabric_Armor_I	5	1
1000194	ChestArmor	德梅尼斯革命军布制盔甲	Demenissian Rebel Cloth Armor	RevolutionaryArmy_Fabric_Armor_II	5	1
1000195	ChestArmor	德梅尼斯革命军布制盔甲	Demenissian Rebel Cloth Armor	RevolutionaryArmy_Fabric_Armor_III	5	1
1000196	Gloves	德梅尼斯革命军皮制手套	Demenissian Rebel Leather Gloves	RevolutionaryArmy_Leather_Gloves	6	1
1000197	ChestArmor	布利德炼金术士布制盔甲	Bleed Alchemist's Cloth Armor	Bleed_Alchemist_Fabric_Armor_I	5	1
1000198	Backpack	农用喷雾器	Field Sprayer	Sprayer_BackPack	13	1
1000199	Recipe	烹饪：蛋衣烤蔬菜	Recipe: Battered Vegetables	Recipe_Pan_fried_Vegetable_Pancake	65535	2
1000200	Helmet	野狼追踪者头盔	Wolf Tracker Helm	Wolf_Pursuer_Fabric_Helm	4	1
1000201	Shield	符文行者头部盾牌	Runewalker Shield	LakeGolem_OnehandShield	1	1
1000202	Helmet	窃取电路头盔	Circuit Hijacking Helm	Hacking_PlateArmor_Helm	4	1
1000203	Cloak	贝根布制披风	Beighen Cloth Cloak	Militia_Fabric_Cloak_I	69	1
1000204	ChestArmor	威尔斯叛军轻型布制盔甲	Wells Rebel Light Cloth Armor	Wells_Brigade_Rebel_Fabric_Armor_II	5	1
1000205	ChestArmor	卡利班工兵布制盔甲	Caliburn's Combat Engineer Cloth Armor	Caliburn_Engineer_Fabric_Armor	5	1
1000206	ChestArmor	威尔斯叛军布制盔甲	Turncoat Cloth Armor	Wells_Brigade_Rebel_Fabric_Armor_I	5	1
1000207	ChestArmor	威尔斯叛军皮制盔甲	Wells Rebel's Leather Armor	Wells_Brigade_Rebel_Leather_Armor_I	5	1
1000208	ChestArmor	威尔斯叛军锁链盔甲	Turncoat Chain Mail	Wells_Brigade_Rebel_ChainMail_Armor_I	5	1
1000209	ChestArmor	威尔斯叛军锁链盔甲	Turncoat Chain Mail	Wells_Brigade_Rebel_ChainMail_Armor_II	5	1
1000210	ChestArmor	威尔斯叛军板金盔甲	Turncoat Plate Armor	Wells_Brigade_Rebel_PlateArmor_Armor_II	5	1
1000211	ChestArmor	威尔斯叛军板金盔甲	Turncoat Plate Armor	Wells_Brigade_Rebel_PlateArmor_Armor_III	5	1
1000212	ChestArmor	威尔斯叛军板金盔甲	Turncoat Plate Armor	Wells_Brigade_Rebel_PlateArmor_Armor_I	5	1
1000213	Misc	四足蝶	Yellow Comma Butterfly	Item_Eastern_Comma	65535	2
1000214	ChestArmor	威尔斯叛军布制盔甲	Turncoat Cloth Armor	Wells_Brigade_Rebel_Fabric_Armor_III	5	1
1000215	ChestArmor	卡利班工兵布制盔甲	Caliburn's Combat Engineer Cloth Armor	Caliburn_Engineer_Fabric_Armor_I	5	1
1000216	ChestArmor	卡利班工兵布制盔甲	Caliburn's Combat Engineer Cloth Armor	Caliburn_Engineer_Fabric_Armor_II	5	1
1000217	ChestArmor	卡利班工兵布制盔甲	Caliburn's Combat Engineer Cloth Armor	Caliburn_Engineer_Fabric_Armor_III	5	1
1000218	ChestArmor	卡利班工兵布制盔甲	Caliburn's Combat Engineer Cloth Armor	Caliburn_Engineer_Fabric_Armor_IV	5	1
1000219	Gloves	卡利班工兵皮制手套	Caliburn's Combat Engineer Leather Gloves	Caliburn_Engineer_Leather_Gloves	6	1
1000220	Helmet	改良型莱比板金头盔	Modified Rahbae Plate Helm	Rybee_PlateArmor_Helm_I	4	1
1000221	Helmet	科技帽子	Tech Hat	Gadget_Fabric_Helm	4	1
1000222	Misc	红珠灰蝶	Red Lycaenid Butterfly	Item_Lustrous_Copper	65535	2
1000223	Misc	蓝灰蝶	Blue Lycaenid Butterfly	Item_Blue_Copper	65535	2
1000224	Ammo	箭束	Bundle of Arrows	MultiArrow_Package_Small	65535	2
1000225	ChestArmor	冰冷黑暗板金盔甲	Plate Armor of the Shadows	DarknessKing_PlateArmor_Armor	5	1
1000226	Misc	白点弄蝶	Grizzled Skipper Butterfly	Item_Grizzled_Skipper	65535	2
1000227	Misc	蓝尾蝶	Blue Tailed Butterfly	Item_Eastern_Tailed_Blue	65535	2
1000228	Consumable	梅莉娅拉的中阶药剂	Meliara's Elixir	Potion_StatBuff_Tier2_0003	65535	2
1000229	Consumable	赫丁的中阶药剂	Haiden's Elixir	Potion_StatBuff_Tier2_0004	65535	2
1000230	Consumable	阿斯特丽德的中阶药剂	Astrid's Elixir	Potion_StatBuff_Tier2_0005	65535	2
1000231	Helmet	警卫用比吉奥内	Guard Visione	Marni_Devotee_PlateArmor_Helm_II	4	1
1000232	Helmet	军用比吉奥内	Military Visione	Marni_Devotee_PlateArmor_Helm_III	4	1
1000233	Helmet	初期型比吉奥内	Prototype Visione	Marni_Devotee_PlateArmor_Helm_IV	4	1
1000234	Misc	芦苇恶魔的面具	Mask of the Devil of the Reed Field	ReedDevil_Mask	65535	2
1000235	Recipe	烹饪：颗粒果肉饮料	Recipe: Fruit Punch	Recipe_Fruit_Porridge	65535	2
1000236	Helmet	点火头盔	Helm of Ignition	Heat_PlateArmor_Helm	4	1
1000237	OneHandWeapon	背叛铁锤	Mace of Betrayal	Silver_Armor_OneHandMace	19	1
1000238	OneHandWeapon	沙漠之锤	Desert Hammer	AbyssReward_Desert_OneHandMace	19	1
1000239	TwoHandWeapon	觉醒之魂	Awakened Spirit	Forgotten_General_TwoHandAlebard	33	1
1000240	ChestArmor	原教旨主义者布制盔甲	Fundamentalist's Cloth Armor	Regglin_Fabric_Armor_III	5	1
1000241	ChestArmor	金刚雀鬼布制盔甲	Gilded Goblin's Cloth Armor	Regglin_Fabric_Armor_IV	5	1
1000242	Shield	圣人的庇护	Saint's Blessing	Ribentain_Priest_OneHandShield	1	1
1000243	Boots	原教旨主义者哥布林皮制鞋子	Fundamentalist Goblin Leather Boots	Regglin_Leather_Boots	7	1
1000244	Recipe	烹饪：糖渍水果	Recipe: Pickled Fruit	Recipe_Pan_fried_Fruit_Pancake	65535	2
1000245	TwoHandWeapon	利贝坦祭司的长枪	Reventine Priest's Spear	Ribentain_Priest_TwoHandSpear	21	1
1000246	ChestArmor	骑马服	Riding Attire	Riding_Fabric_Armor	5	1
1000247	Helmet	骑马用皮革帽	Leather Riding Hat	riding_Leather_Helm	4	1
1000248	Gloves	驯兽师的抚触	Master Trainer's Touch	riding_Leather_Gloves	6	1
1000249	Boots	骑马鞋	Riding Boots	riding_Leather_Boots	7	1
1000250	TwoHandWeapon	卡尔佩德小型旗帜	Small Calphadean Banner Pike	Calphade_Flag_I	23	1
1000251	Ring	佩伦之印	Pailunese Signet	Pailune_Nobility_Degree_I	10	1
1000252	Shield	金箔盾牌	Gilded Shield	Gilded_OneHandShield	1	1
1000253	TowerShield	金箔大型盾牌	Large Gilded Shield	Gilded_OneHandTowerShield	32	1
1000254	Misc	棋点蝶	Theona Checkerspot Butterfly	Item_Theona_Checkerspot	65535	2
1000255	Boots	战场之光板金鞋子	Light of the Battlefield Plate Boots	Demian_Plate_Boots_VI	7	1
1000256	Misc	冒险家的食物包B型	Adventurer's Cooking Inventory Type B	Item_Set_B_RestArea	65535	2
1000257	Recipe	烹饪：蛋衣烤谷物	Recipe: Battered Grains	Recipe_Pan_fried_Grain_Pancake	65535	2
1000258	TwoHandWeapon	反卡利班告示牌	Anti-Caliburn Signboard	Anti_Caliburn_Picket	23	1
1000259	Boots	水雾步履鞋子	Vaporwalker	WaterSliding_Plate_Boots	7	1
1000260	OneHandWeapon	魂侍之剑	Specter Sword	Soulknight_Sprit_OneHandSword	0	1
1000261	VehicleGear	A.T.A.G.手套 Mk I	A.T.A.G. Plating Mk I	WarRobot_Body_01	80	1
1000262	Backpack	罪犯金矿石背囊	Outlaw's Gold Ore Pack	Wanted_Criminal_BackPack_I	66	1
1000263	Helmet	草制头盔	Straw Bale Helm	Straw_Fabric_Helm	4	1
1000264	Helmet	哥布林南瓜头盔	Goblin Pumpkin Helm	Goblin_Pumpkin_Helm_I	4	1
1000265	Misc	鹰身女妖羽毛	Harpy Feather	Harpy_Feather	65535	2
1000266	Shield	古代盾牌	Ancient Shield	Ancient_Shield	1	1
1000267	TwoHandWeapon		LightSaber TwoHandSword	LightSaber_TwoHandSword	17	1
1000268	Cloak	布杜尔锁链披风	Bedure Chain Cloak	Vdure_ChainMail_Cloak	69	1
1000269	Ring		Dev Speed Ring	Dev_Speed_Ring	10	1
1000270	Cloak	黑翼皮制披风	Blackwing Leather Cloak	Douglas_Leather_Cloak	69	1
1000271	Misc	被绑架的女巫的记忆	Memory of the Kidnapped Witch	Visione_Chip_Witch_Kidnapped_Memory	65535	2
1000272	Cloak	埃尔南德仪仗队披风	Hernandian Honor Guard Cloak	Hernand_GuardCaptain_Fabric_Cloak	69	1
1000273	Cloak	暗巷统治者布制披风	Dark Ringleader's Cloth Cloak	Tychaon_Fabric_Cloak	69	1
1000274	Cloak	骑马披风	Riding Cloak	Riding_Fabric_Cloak	69	1
1000275	Cloak	塔里布布制披风	Tariv Cloth Cloak	Tarif_Fabric_Cloak	69	1
1000276	Cloak	炽热苍穹布制披风	Skyblazer Cloth Cloak	Scalaphynion_Fabric_Cloak	69	1
1000277	Cloak	佩伦披风	Pailunese Cloak	Lunosier_Fabric_Cloak	69	1
1000278	Cloak	德雷西亚布制披风	Delesyian Cloth Cloak	Varantine_Fabric_Cloak	69	1
1000279	Cloak	面具解放者的布制披风	The Masked Liberator's Cloth Cloak	Heisellen_Fabric_Cloak	69	1
1000280	Gloves	月之死神板金手套	Lunar Reapers' Plate Gloves	Moonhead_PlateArmor_Gloves	6	1
1000281	Misc	冒险家的食物包C型	Adventurer's Cooking Inventory Type C	Item_Set_C_RestArea	65535	2
1000282	Misc	独角兽玻璃工艺品	Unicorn Glass Art	Collection_Prop_Glasscraft_0003	65535	2
1000283	Cloak	金风商会布制披风	Goldleaves' Cloth Cloak	Goblin_Merchant_Fabric_Cloak_���	69	1
1000284	Cloak	金风商会布制披风	Goldleaves' Cloth Cloak	Goblin_Merchant_Fabric_Cloak_���	69	1
1000285	Cloak	北方战士的锁链披风	Northern Fighter's Chain Cloak	Lyfellen_ChainMail_Cloak	69	1
1000286	Cloak	龙焰披风	Dragon Flame Cloak	Dragon_Knight_Commander_ChainMail_Cloak	69	1
1000287	Cloak	绯红追击者锁链披风	Crimson Chaser Chain Cloak	Redsentinel_ChainMail_Cloak	69	1
1000288	Misc	海豚玻璃工艺品	Dolphin Glass Art	Collection_Prop_Glasscraft_0004	65535	2
1000289	Cloak	饥饿獠牙皮制披风	Hungering Fang Leather Cloak	Ludvic_Leather_Cloak	69	1
1000290	Cloak	失落王国的皮质披风	Leather Cloak of the Fallen Kingdom	Deerking_Leather_Cloak	69	1
1000291	Cloak	黑布林皮制披风	Helfryn Leather Cloak	Hailbrin_Leather_Cloak	69	1
1000292	Cloak	夕阳芦苇皮制披风	Sunset Reed Leather Cloak	Reeddevil_Leather_Cloak	69	1
1000293	Cloak	暮色犬牙皮制披风	Duskfang Leather Cloak	Hemon_Vindel_Leather_Cloak	69	1
1000294	Cloak	灰狼皮制披风	Grey Wolf Leather Cloak	Mercenary_Leather_Cloak	69	1
1000295	Cloak	黄鼠狼皮制披风	Weasel Leather Cloak	Weasel_Leather_Cloak	69	1
1000296	Cloak	伊尼提姆皮制披风	Ynitium Leather Cloak	Inytium_Leather_Cloak	69	1
1000297	Cloak	小丑皮制披风	Jester Leather Cloak	Abyss_Surreal_Wolf_Leather_Cloak	69	1
1000298	Misc	黑狮子观察日志	Black Lion Observation Log	Friendly_Legendary_Animal_Book	65535	2
1000299	Cloak	冰冷之心板金披风	Frozen Heart Plate Cloak	Legendary_MarniGolem_Plate_Cloak	69	1
1000300	Cloak	焦灼火焰板金披风	Scorchflame Plate Cloak	Paphneil_PlateArmor_Cloak	69	1
1000301	Cloak	金色欲望板金披风	Golden Greed Plate Cloak	Golden_PlateArmor_Cloak	69	1
1000302	Cloak	白银板金披风	Silver Plate Cloak	Silver_PlateArmor_Cloak	69	1
1000303	Cloak	格罗特班特板金披风	Grotevant Cloak	WellsKnight_PlateArmor_Cloak	69	1
1000304	Consumable	弗蕾雅的高阶药剂	Freya's Greater Elixir	Potion_StatBuff_Tier3_0001	65535	2
1000305	Cloak	霜降诅咒板金披风	Frostcursed Plate Cloak	king_LostPeople_PlateArmor_Cloak	69	1
1000306	Cloak	法尔蒙板金披风	Ferman Plate Cloak	Makan_PlateArmor_Cloak	69	1
1000307	Cloak	切尔西亚板金披风	Chelcia Plate Cloak	Demeniss_PlateArmor_Cloak	69	1
1000308	Cloak	博尔顿板金披风	Bolton Plate Cloak	Bolton_PlateArmor_Cloak	69	1
1000309	Misc	维度融合实验动力核心	Dimensional Fusion Experimental Power Core	Item_troll_academy_Core	65535	2
1000310	Cloak	漆黑射手板金披风	Dark Marksman's Plate Cloak	Samuel_PlateArmor_Cloak	69	1
1000311	Cloak	冰霜之翼板金披风	Icewing Plate Cloak	Corvo_PlateArmor_Cloak	69	1
1000312	Cloak	不屈战士的板金披风	Unyielding Warrior's Plate Cloak	Pitspec_PlateArmor_Cloak	69	1
1000313	Cloak	坎塔板金披风	Canta Plate Cloak	Canta_PlateArmor_Cloak	69	1
1000314	Cloak	萨哈扎德板金披风	Sahazhad Plate Cloak	Sazahan_PlateArmor_Cloak	69	1
1000315	Cloak	被诅咒的灵魂板金披风	Plate Cloak of Cursed Soul	Redknight_PlateArmor_Cloak	69	1
1000316	Boots	嘟嘟鸟里西的鞋子	Kuku Rishi's Boots	Riesi_Boots_Upgrade	7	1
1000317	Cloak	友谊信念披风	Cloak of Loyal Friendship	Delesian_Friend_PlateArmor_Cloak	69	1
1000318	Cloak	沙漠掠夺者披风	Desert Marauder's Cloak	Desert_Harrier_PlateArmor_Cloak_I	69	1
1000319	ChestArmor	特鲁坎布制盔甲	Trukan Cloth Armor	OrcuMer_Fabric_Armor	5	1
1000320	Consumable	阿芙罗妮娅的高阶药剂	Apollonia's Greater Elixir	Potion_StatBuff_Tier3_0002	65535	2
1000321	Cloak	养蜂披风	Beekeeping Cloak	Optionary_Beekeeping_Cloak	69	1
1000322	ChestArmor	歌唱的鲶鱼号副船长的盔甲	The Singing Catfish Vice Captain's Armor	Pirate_Vice_Captain_Armor	5	1
1000323	Cloak	德梅尼斯礼仪用披风	Demeniss Ceremonial Cloak	Optionary_Demeniss_Soldier_Cloak	69	1
1000324	Cloak	伪装披风	Disguise Cloak	Optionary_Demeniss_Spy_Cloak	69	1
1000325	Cloak	哈尔修斯祭司披风	St. Halssius Priest's Cloak	Optionary_Monk_cloak	69	1
1000326	Cloak	埃尔南德宴会披风	Hernandian Banquet Cloak	Optionary_Hernand_Party_Cloak	69	1
1000327	Misc	玉米种子	Corn Seed	Corn_seed	65535	2
1000328	TwoHandWeapon	托马索警卫队匕首长枪	Tommaso Guard's Dagger-Tipped Spear	Tomaso_Soldiers_TwoHandSpear	21	1
1000329	Tool	算盘	Abacus	Abacus	95	1
1000330	Cloak	劳库斯布制披风	Lauques Cloth Cloak	Tartinan_Fabric_Cloak	69	1
1000331	Cloak	影叶披风	Shadowleaf Cloak	Optionary_Ent_Cloak	69	1
1000332	Helmet	休伯斯布制头盔	Hubus Cloth Cap	Hoobus_Fabric_Helm	4	1
1000333	ChestArmor	迪什雷特布制盔甲	Deshret Cloth Armor	Deshret_Soldier_Fabric_Armor	5	1
1000334	Boots	骷髅骑士追随者板金鞋子	Skull Knight Follower's Plate Boots	SkullKnight_Follower_Plate_Boots_I	7	1
1000335	Cloak	稻草人披风	Scarecrow Cloak	Scarecrow_Camouflage_Cloak	69	1
1000336	Misc	比吉奥内的功能	The Features of the Visione	MarniDragon_Visione	65535	2
1000337	Cloak	斯科拉斯敦学者服披风	Scholastone Cloak	Optionary_Scholar_Stone_cloak	69	1
1000338	Recipe	烹饪：鱼肉烤串	Recipe: Meat and Fish Skewers	Recipe_Meat_Fish_Sanjeok	65535	2
1000339	AbyssGear	被封印的阿比斯神器	Sealed Abyss Artifact	Sealed_Abyss_Artifact_0003	65535	2
1000340	Helmet	鹿形帽	Deer Hat	Deer_King_Follower_Leather_Helm	4	1
1000341	Helmet	浣熊布帽	Raccoon Cloth Hat	Raccoon_Fabric_Helm	4	1
1000342	Cloak	坚毅守护皮制披风	Ironwilled Guardian's Leather Cloak	Paulus_Basic_Leather_cloak	69	1
1000343	Cloak	野猪披风	Boar Cloak	Camouflage_Boar_Cloak	69	1
1000344	Helmet	白角皮制头盔	White Horn Leather Helm	WhiteHorn_Leather_Helm	4	1
1000345	ChestArmor	哥布林盗墓贼皮制盔甲	Grave Robber's Leather Armor	GraveRobber_Leather_Armor_I	5	1
1000346	ChestArmor	哥布林盗墓贼皮制盔甲	Grave Robber's Leather Armor	GraveRobber_Leather_Armor_II	5	1
1000347	ChestArmor	哥布林盗墓贼皮制盔甲	Grave Robber's Leather Armor	GraveRobber_Leather_Armor_III	5	1
1000348	ChestArmor	哥布林盗墓贼皮制盔甲	Grave Robber's Leather Armor	GraveRobber_Leather_Armor_IV	5	1
1000349	Helmet	豺狗帽	Jackals' Leather Helm	Jackal_Leather_Helm	4	1
1000350	ChestArmor	角斗士布制盔甲	Gladiator's Cloth Armor	Gladiator_Fabric_Armor	5	1
1000351	ChestArmor	角斗士布制盔甲	Gladiator's Cloth Armor	Gladiator_Fabric_Armor_I	5	1
1000352	ChestArmor	角斗士布制盔甲	Gladiator's Cloth Armor	Gladiator_Fabric_Armor_II	5	1
1000353	Gloves	角斗士布制手套	Gladiator Cloth Gloves	Gladiator_Fabric_Gloves_I	6	1
1000354	Boots	角斗士布制鞋子	Gladiator Cloth Boots	Gladiator_Fabric_Boots	7	1
1000355	ChestArmor	鹿王追随者皮制盔甲	Staglord Acolyte's Leather Armor	Deer_King_Follower_Leather_Armor	5	1
1000356	ChestArmor	布利德精英布制盔甲	Bleed Officer's Cloth Armor	Bleed_Bandits_Fabric_Armor	5	1
1000357	ChestArmor	鹿王追随者皮制盔甲	Staglord Acolyte's Leather Armor	Deer_King_Follower_Leather_Armor_II	5	1
1000358	ChestArmor	角斗士皮制盔甲	Gladiator Leather Armor	Gladiator_Leather_Armor	5	1
1000359	Boots	巨魔角斗士皮制鞋子	Troll Gladiator's Leather Boots	Gladiator_Leather_Boots	7	1
1000360	Helmet	巨魔角斗士板金头盔	Troll Gladiator's Plate Helm	Mercenary_PlateArmor_Helm	4	1
1000361	Helmet	角斗士荆棘板金头盔	Gladiator's Thorn Plate Helm	Mercenary_PlateArmor_Helm_I	4	1
1000362	Helmet	角斗士老鼠板金头盔	Gladiator's Rat Plate Helm	Mercenary_PlateArmor_Helm_II	4	1
1000363	Helmet	角斗士利爪板金头盔	Gladiator's Rake Plate Helm	Mercenary_PlateArmor_Helm_III	4	1
1000364	Gloves	角斗士板金手套	Gladiator Plate Gloves	Gladiator_PlateArmor_Gloves_I	6	1
1000365	Boots	角斗士板金鞋子	Gladiator Plate Boots	Gladiator_Plate_Boots	7	1
1000366	TwoHandWeapon	奴隶角斗士烙铁长枪	Slave Gladiator Branding Spear	Gladiator_Stigma_TwoHandSpear	21	1
1000367	ChestArmor	角斗士布制盔甲	Gladiator's Cloth Armor	Gladiator_Fabric_Armor_III	5	1
1000368	Boots	角斗士皮制鞋子	Gladiator's Leather Boots	Gladiator_Leather_Boots_II	7	1
1000369	Helmet	地狱猎犬皮制头盔	Hellhound Leather Helm	Hellhonds_Leather_Helm	4	1
1000370	Backpack	熊背囊	Bear Pack	Bear_BackPack	66	1
1000371	ChestArmor	卡利班部队长板金盔甲	Caliburn's Captain Plate Armor	MiddleBoss_Caliburn_BlackTower_PlateArmor_Armor	5	1
1000372	Misc	子弹	Bullet	Bullet	65535	2
1000373	Cloak	无名贤者皮制披风	Nameless Sage's Leather Cloak	NoName_Wiseman_Leather_Cloak	69	1
1000374	TwoHandWeapon	嘟嘟鸟长枪	Kuku Spear	KuKu_Pot_TwoHandSpear	21	1
1000375	Gloves	无名贤者的皮制手套	Nameless Sage's Leather Gloves	NoName_Wiseman_Leather_Gloves_I	6	1
1000376	ChestArmor	独臂豺狗皮制盔甲	One-Armed Jackals' Leather Armor	Ludvic_OneArmed_Leather_Armor	5	1
1000377	Consumable	梅莉娅拉的高阶药剂	Meliara's Greater Elixir	Potion_StatBuff_Tier3_0003	65535	2
1000378	Helmet	乌鸦板金头盔	Crow Plate Helm	Crow_PlateArmor_Helm	4	1
1000379	TwoHandWeapon	亡王之誓	Vow of the Dead King	DarknessKing_TwoHandAlebard	33	1
1000380	Helmet	冰冷黑暗板金头盔	Plate Helm of the Shadows	DarknessKing_PlateArmor_Helm	4	1
1000381	Gloves	冰冷黑暗板金手套	Plate Gloves of the Shadows	DarknessKing_PlateArmor_Gloves	6	1
1000382	Boots	冰冷黑暗板金鞋子	Plate Boots of the Shadows	DarknessKing_PlateArmor_Boots	7	1
1000383	Cloak	冰冷黑暗板金披风	Plate Cloak of the Shadows	DarknessKing_PlateArmor_Cloak	69	1
1000384	ChestArmor	箭术教官盔甲	Arrow Skill Instructor Armor	Arrow_Technique_Instructor_Leather_Armor	5	1
1000385	ChestArmor	莫尔格伦布制盔甲	Morgren Cloth Armor	Morgren_Fabric_Armor	5	1
1000386	Misc	失踪的牛的下落	Missing Cows	Visione_Chip_Bremer	65535	2
1000387	Misc	断角山羊	Hornless Goats	Visione_Chip_Ibano	65535	2
1000388	Misc	动物小偷窝点	Lair of Animal Thieves	Visione_Chip_ThiefCave	65535	2
1000389	Tool	记事本	Notepad	Notepad	95	1
1000390	Tool	羽毛笔	Feather Pen	Feather_Pen	95	1
1000391	Quest	黄金之星动力核心	Golden Star's Power Core	Quest_GoldenStar_key	65535	2
1000392	Consumable	赫丁的高阶药剂	Haiden's Greater Elixir	Potion_StatBuff_Tier3_0004	65535	2
1000393	Quest	魅狐的信	Maegu's Letter	Quest_Mague_Letter	65535	2
1000394	Shield	德梅尼斯亲卫队盾牌	Demeniss Royal Guard Shield	Demeniss_Guard_Shield	1	1
1000395	Shield	德梅尼斯银饰盾牌	Demenissian Silver-Decorated Shield	Damian_OneHandShield_IV	2	1
1000396	Misc	恩赛特蕉	Enset	Item_Rare_Collect_Ensete	65535	2
1000397	Misc	百年草	Prickly Pear	Item_Rare_Collect_opuntia	65535	2
1000398	Misc	白花苋	Chaya	Item_Rare_Collect_Chaya	65535	2
1000399	Misc	冰霜魔弹	Ice Magic Bullet	MagicBullet_Ice	65535	2
1000400	Misc	苋菜	Amaranth	Item_Rare_Collect_amaranth	65535	2
1000401	Recipe	世界双手武器全集 · 第1卷	Two-Handed Weapons of the World, Vol. I	Recipe_Book_TwoHandWeapon_I	65535	2
1000402	Recipe	世界双手武器全集 · 第2卷	Two-Handed Weapons of the World, Vol. II	Recipe_Book_TwoHandWeapon_II	65535	2
1000403	Recipe	世界双手武器全集 · 第3卷	Two-Handed Weapons of the World, Vol. III	Recipe_Book_TwoHandWeapon_III	65535	2
1000404	Recipe	世界双手武器全集 · 第4卷	Two-Handed Weapons of the World, Vol. IV	Recipe_Book_TwoHandWeapon_IV	65535	2
1000405	Recipe	世界远程武器 - 弓箭全集 · 第1卷	Ranged Weapons of the World - Bows, Vol. I	Recipe_Book_RangeWeapon_Wood_I	65535	2
1000406	Recipe	世界远程武器 - 弓箭全集 · 第2卷	Ranged Weapons of the World - Bows, Vol. II	Recipe_Book_RangeWeapon_Wood_II	65535	2
1000407	Recipe	世界远程武器 - 弓箭全集 · 第3卷	Ranged Weapons of the World - Bows, Vol. III	Recipe_Book_RangeWeapon_Wood_III	65535	2
1000408	Recipe	世界远程武器 - 弓箭全集 · 第4卷	Ranged Weapons of the World - Bows, Vol. IV	Recipe_Book_RangeWeapon_Wood_IV	65535	2
1000409	Recipe	世界远程武器 - 枪全集 · 第1卷	Ranged Weapons of the World - Guns, Vol. I	Recipe_Book_RangeWeapon_Metal_I	65535	2
1000410	Recipe	世界远程武器 - 枪全集 · 第2卷	Ranged Weapons of the World - Guns, Vol. II	Recipe_Book_RangeWeapon_Metal_II	65535	2
1000411	Recipe	世界远程武器 - 枪全集 · 第3卷	Ranged Weapons of the World - Guns, Vol. III	Recipe_Book_RangeWeapon_Metal_III	65535	2
1000412	Earring	褪色的耳环	Faded Earring	Earring_Tier2_I	8	1
1000413	Recipe	世界远程武器 - 枪全集 · 第4卷	Ranged Weapons of the World - Guns, Vol. IV	Recipe_Book_RangeWeapon_Metal_IV	65535	2
1000414	Recipe	世界盾牌全集 · 第1卷	Shields of the World, Vol. I	Recipe_Book_OneHandShield_I	65535	2
1000415	Recipe	世界盾牌全集 · 第2卷	Shields of the World, Vol. II	Recipe_Book_OneHandShield_II	65535	2
1000416	Misc	黑暗魔弹	Dark Magic Bullet	MagicBullet_DarkBall	65535	2
1000417	Recipe	世界盾牌全集 · 第3卷	Shields of the World, Vol. III	Recipe_Book_OneHandShield_III	65535	2
1000418	Recipe	世界盾牌全集 · 第4卷	Shields of the World, Vol. IV	Recipe_Book_OneHandShield_IV	65535	2
1000419	Recipe	世界板金防具全集 · 第1卷	Plate Armors of the World, Vol. I	Recipe_Book_PlateArmor_I	65535	2
1000420	Recipe	世界板金防具全集 · 第2卷	Plate Armors of the World, Vol. II	Recipe_Book_PlateArmor_II	65535	2
1000421	Recipe	世界板金防具全集 · 第3卷	Plate Armors of the World, Vol. III	Recipe_Book_PlateArmor_III	65535	2
1000422	Recipe	世界板金防具全集 · 第4卷	Plate Armors of the World, Vol. IV	Recipe_Book_PlateArmor_IV	65535	2
1000423	AbyssGear	被封印的阿比斯神器	Sealed Abyss Artifact	Sealed_Abyss_Artifact_0009	65535	2
1000424	Backpack	嘟嘟鸟通信背囊 999K	Kuku Transmission 999K Pack	KuKu_Golden999K	66	1
1000425	Recipe	嘟嘟鸟通信背囊999K制作配方	Kuku Communicative Pack Blueprint	CraftingRecipe_Kuku_Golden999K	65535	2
1000426	Recipe	齿轮制作方法：破裂	Gear Blueprint: Shatter	Recipe_Item_Skill_AbyssGear_AddCriticalRateByMaterialKey_PlateArmor_LV1	65535	2
1000427	HorseGear	贝拉克马面	Velok Champron	Bellac_HorseArmor_Helm	61	1
1000428	Recipe	世界皮制防具全集 · 第1卷	Leather Armors of the World, Vol. I	Recipe_Book_LeatherArmor_I	65535	2
1000429	Misc	电魔弹	Lightning Magic Bullet	MagicBullet_Electric	65535	2
1000430	Recipe	世界皮制防具全集 · 第2卷	Leather Armors of the World, Vol. II	Recipe_Book_LeatherArmor_II	65535	2
1000431	Misc	淡水贝	Freshwater Clam	Item_Rare_Collect_RazorClam_01	65535	2
1000432	Recipe	世界皮制防具全集 · 第3卷	Leather Armors of the World, Vol. III	Recipe_Book_LeatherArmor_III	65535	2
1000433	Recipe	世界皮制防具全集 · 第4卷	Leather Armors of the World, Vol. IV	Recipe_Book_LeatherArmor_IV	65535	2
1000434	Recipe	世界布制防具全集 · 第1卷	Cloth Armors of the World, Vol. I	Recipe_Book_FabricArmor_I	65535	2
1000435	Recipe	世界布制防具全集 · 第2卷	Cloth Armors of the World, Vol. II	Recipe_Book_FabricArmor_II	65535	2
1000436	Recipe	世界布制防具全集 · 第3卷	Cloth Armors of the World, Vol. III	Recipe_Book_FabricArmor_III	65535	2
1000437	Recipe	世界布制防具全集 · 第4卷	Cloth Armors of the World, Vol. IV	Recipe_Book_FabricArmor_IV	65535	2
1000438	Helmet	蜥蜴皮制头盔	Lizard Leather Helm	Wyvern_Leather_Helm	4	1
1000439	TwoHandWeapon	卡利班小型旗帜	Small Caliburn's Banner Pike	Caliburn_Flag	23	1
1000440	TwoHandWeapon	威尔斯士兵小型旗帜	Small Wells Brigade Banner Pike	Wells_Brigade_Flag	23	1
1000441	Recipe	烹饪：炖鱼肉	Recipe: Braised Meat and Fish	Recipe_Braised_Meat_Fish	65535	2
1000442	TwoHandWeapon	卡尔佩德小型旗帜	Small Calphadean Banner Pike	UnyieldingShields_Flag	23	1
1000443	Backpack	布利德炼金炸弹背囊	Bleed Bandits' Alchemy Explosive Pack	Bleed_Bomb_BackPack	66	1
1000444	Cloak	狼皮披风	Wolf Cloak	Camouflage_Wolf_Cloak	69	1
1000445	Recipe	烹饪：鱼肉谷物粥	Recipe: Meat and Fish Porridge	Recipe_Meat_Fish_Porridge	65535	2
1000446	Helmet	凯松板金头盔	Caysonne Plate Helm	Kayson_PlateArmor_Helm_II	4	1
1000447	Gloves	野猪伪装皮制手套	Boar Camouflage Leather Gloves	Camouflage_Boar_Leather_Gloves	6	1
1000448	Consumable	阿斯特丽德的高阶药剂	Astrid's Greater Elixir	Potion_StatBuff_Tier3_0005	65535	2
1000449	AbyssGear	交感II	Equestrian II	Item_Skill_AbyssGear_Equip_AddHorseExp_LV2	65535	2
1000450	Recipe	烹饪：蛋煎鱼肉	Recipe: Battered Meat and Fish	Recipe_Pan_fried_Meat_Fish_Pancake	65535	2
1000451	TwoHandWeapon	火焰长枪	Flame Spear	Fire_staff_spear_TwoHandSpear	21	1
1000452	Recipe	烹饪：红烧排骨	Recipe: Braised Ribs	Recipe_Braised_Meat_Vegetable	65535	2
1000453	Recipe	烹饪：蔬菜肉粥	Recipe: Meat and Vegetable Porridge	Recipe_Meat_Vegetable_Porridge	65535	2
1000454	Misc	烤鸟肉	Grilled Bird Meat	Freshly_Grilled_Bird	65535	2
1000455	Recipe	烹饪：鸡蛋羹	Recipe: Steamed Eggs	Recipe_Pan_fried_Meat_Vegetable_Pancake	65535	2
1000456	Gloves	安图布拉皮制手套	Antumbra Leather Gloves	Antumbra_Leather_Gloves_I	6	1
1000457	Boots	安图布拉皮制鞋子	Antumbra Leather Boots	Antumbra_Leather_Boots	7	1
1000458	ChestArmor	屠杀者皮制盔甲	Slaughterer's Leather Armor	Slaughterer_Leahter_Armor	5	1
1000459	Document	贝根村情况报告	Report on Beighen	Paper_Find_Tolstein	65535	2
1000460	OneHandWeapon	德拉坎之锤	Drakhan Hammer	Drakhan_OneHandMace	19	1
1000461	OneHandWeapon	兰福德之锤	Lanford Hammer	Argen_OneHandMace	19	1
1000462	Shield	竞技用盾牌	Competition Shield	Minigame_OneHandShield	1	1
1000463	Food	大烤鱼	Large Grilled Fish	Grilled_Big_Fish	65535	2
1000464	Cloak	独臂豺狗皮制披风	One-Armed Jackal's Leather Cloak	Ludvic_OneArmed_Leather_Cloak	69	1
1000465	OneHandWeapon	巫师的按摩棒	Sorcerer's Massage Stick	Bourgogne_OneHandMace	19	1
1000466	Misc	传奇猎人的行踪	The Legendary Hunter's Whereabouts	Friendly_Legendary_Hunter	65535	2
1000467	ChestArmor	摩尔迪皮制盔甲	Myurdin Leather Armor	Myurdin_Leather_Armor_II	5	1
1000468	ChestArmor	原教旨主义者哥布林布制盔甲	Fundamentalist Goblin Cloth Armor	Regglin_Fabric_Armor_MiddleBoss	5	1
1000469	Misc	荞麦	Buckwheat	Buckwheat	65535	2
1000470	Misc	大份的烤谷物	Filling Toasted Grains	Rice_Medium	65535	2
1000471	Boots	摩尔迪皮制鞋子	Myurdin's Leather Boots	Myurdin_Leather_Boots	7	1
1000472	Boots	特鲁坎布制鞋子	Trukan Cloth Boots	OrcuMer_Fabric_Boots	7	1
1000473	Gloves	特鲁坎布制手套	Trukan Cloth Gloves	OrcuMer_Fabric_Gloves	6	1
1000474	Helmet	图尔坎头盔	Wooden Mask of Lost Justice	Orcumer_Helm	4	1
1000475	VehicleGear	A.T.A.G.推进器 Mk I	A.T.A.G. Thrusterpack Mk I	WarRobot_Backpack_01	81	1
1000476	Misc	索鲁曼的圣水	Solumen's Holy Water	High_HolyWater	65535	2
1000477	ChestArmor	金刚雀鬼布制盔甲	Gilded Goblin's Cloth Armor	Regglin_Fabric_Armor_VI	5	1
1000478	Earring	灰鬃的耳环	Greymane's Earring	Kliff_Earring	8	1
1000479	HeadAccessory	杜大师的头冠	Master Du's Circlet	Kliff_Glasses	71	1
1000480	Recipe	烹饪：调味炒肉	Recipe: Pan-Fried Marinated Meat	Recipe_Meat_Fruit_Porridge	65535	2
1000481	HorseGear	马罗尼马镫	Marni Stirrups	Marni_HorseArmor_Stirrup	63	1
1000482	Misc	黑暗冰枪魔弹	Dark Ice Spear Magic Bullet	MagicBullet_Dark_IceSpear	65535	2
1000483	Recipe	烹饪：调味炖肉	Recipe: Marinated Meat	Recipe_Pan_fried_Meat_Fruit_Pancake	65535	2
1000484	Earring	老旧的耳环	Worn Earring	Earring_Tier1_I	8	1
1000485	Currency	机械昆虫	Clockwork Insect	Money_Kuku_MachineBug	65535	2
1000486	ChestArmor	安图布拉布制盔甲	Antumbra Cloth Armor	Antumbra_Fabric_Armor	5	1
1000487	Helmet	巨魔马库坦板金头盔	Troll Maccutan Plate Helm	Makutan_PlateArmor_Helm_II	4	1
1000488	Quest	被打破的寂静调查日志	Investigative Log: Broken Silence	Book_RedfoxTradePost_Questioning	65535	2
1000489	Misc	顶级木材	Flawless Timber	Premium_Wood	65535	2
1000490	OneHandWeapon	西德蒙之锤	Sydmon Hammer	Pieren_OneHandMace	19	1
1000491	TwoHandWeapon	透明双手剑	Invisible Longsword	Ghost_TwohandSword	17	1
1000492	Recipe	烹饪：肉汤料理	Recipe: Meat Stew	Recipe_Pan_fried_Meat_Grain_Pancake	65535	2
1000493	Misc	头盔的秘密	Secret of the Helm	Visione_Chip_MarniFirstMeet	65535	2
1000494	OneHandWeapon	红线交织锤	Entwined Red Thread Hammer	Tyguis_OneHandMace	19	1
1000495	Backpack	罪犯盗墓贼背囊	Outlaw's Graverobber Pack	Wanted_Criminal_BackPack_II	66	1
1000496	Backpack	火焰飞龙团团长的背囊	Wyvernflames Captain's Pack	Balthazar_BackPack	66	1
1000497	Misc	和平关塞电磁干扰器的钥匙	Gate of Peace Disruptor Key	Neut_Delpheon_EMP_key	65535	2
1000498	Shield	火枪要塞盾牌	Musket Shield	PlainsGuard_OneHandShield	1	1
1000499	Shield	王室亲卫队盾牌	Royal Guard Shield	RoyalGuard_OneHandShield	1	1
1000500	Shield	火焰骑士团盾牌	Flame Knights Shield	FrontierMilitia_OneHandShield	1	1
1000501	Recipe	烹饪：炖蔬菜鱼	Recipe: Braised Fish and Vegetables	Recipe_Braised_Fish_Vegetable	65535	2
1000502	Recipe	烹饪：蔬菜海鲜粥	Recipe: Vegetable and Seafood Porridge	Recipe_Fish_Vegetable_Porridge	65535	2
1000503	Recipe	烹饪：蛋衣烤海鲜	Recipe: Battered Seafood	Recipe_Pan_fried_Fish_Vegetable_Pancake	65535	2
1000504	Recipe	烹饪：红烧鱼	Recipe: Steamed Fish	Recipe_Fish_Fruit_Porridge	65535	2
1000505	Recipe	烹饪：海鲜汤料理	Recipe: Seafood Stew	Recipe_Pan_fried_Fish_Fruit_Pancake	65535	2
1000506	Recipe	烹饪：鱼块汤料理	Recipe: Fishball Soup	Recipe_Pan_fried_Fish_Grain_Pancake	65535	2
1000507	Recipe	烹饪：谷物卷	Recipe: Harvest Roll	Recipe_Vegetable_Fruit_Porridge	65535	2
1000508	Recipe	烹饪：蔬菜糕	Recipe: Vegetable Rice Cake	Recipe_Pan_fried_Vegetable_Fruit_Pancake	65535	2
1000509	Helmet	醒悟之帽	Leather Hat of Enlightenment	Regglin_Boss_Helm	4	1
1000510	Recipe	烹饪：谷物汤料理	Recipe: Grain Soup	Recipe_Pan_fried_Vegetable_Grain_Pancake	65535	2
1000511	OneHandWeapon	塔尔温德之锤	Thalwynd Hammer	Philaphy_OneHandMace	19	1
1000512	OneHandWeapon	德卡尔之锤	Dekarr Hammer	Slarke_OneHandMace	19	1
1000513	OneHandWeapon	巴尔顿之锤	Balton Hammer	Balton_OneHandMace	19	1
1000514	Quest	镶嵌红宝石的黄金匕首	Ruby-Set Golden Dagger	Quest_Grace_GoldDagger_I	65535	2
1000515	OneHandWeapon	拜克之锤	Bekker Hammer	Bellaon_OneHandMace	19	1
1000516	Misc	天心参种子	Skyroot Seed	Kudzu_seed	65535	2
1000517	Misc	花朵形状的紫色仙人掌盆栽	Purple Flower-Shaped Cactus Pot	Collection_Prop_FlowerPot_0025	65535	2
1000518	Misc	竹蛏	Razor Clam	Item_Rare_Collect_RazorClam	65535	2
1000519	Shield	首都警卫的盾牌	City Guard's Shield	CapitalPatrol_OneHandShield	1	1
1000520	Boots	原教旨主义者干部布制鞋子	Fundamentalist Officer Cloth Boots	Regglin_Boss_Fabric_Boots	7	1
1000521	Helmet	卡伊洛斯板金头盔	Kairos Plate Helm	Kliff_PlateArmor_Helm	4	1
1000522	Misc	发光的石头	Shiny Rock	ShinyStone_02	65535	2
1000523	Recipe	烹饪：黏糕	Recipe: Chewy Rice Cakes	Recipe_Pan_fried_Fruit_Grain_Pancake	65535	2
1000524	ChestArmor	卡伊洛斯板金盔甲	Kairos Plate Armor	Kliff_PlateArmor_Armor	5	1
1000525	Quest	悬赏通缉令 - 布鲁克斯	Bounty Notice - Brooks	Quest_WantedPaper_0105	65535	2
1000526	Quest	悬赏通缉令 - 奥比斯	Bounty Notice - Obyss	Quest_WantedPaper_0106	65535	2
1000527	Recipe	烹饪：什锦鱼肉烤串	Recipe: Assorted Meat and Fish Skewers	Recipe_Meat_Fish_Fruit_Sanjeok	65535	2
1000528	Backpack	嘟嘟鸟植物采集背囊	Kuku Gardening Pack	Plant_Collect_BackPack	66	1
1000529	Misc	翁卡手臂老化外形变更券	Oongka's Arms Aging Appearance Change Coupon	CharacterCustomize_Oongka_Arm_Aging	65535	2
1000530	Recipe	世界饰品全集 · 第1卷	Accessories of the World, Vol. I	Recipe_Book_Accessory_I	65535	2
1000531	AbyssGear	交感III	Equestrian III	Item_Skill_AbyssGear_Equip_AddHorseExp_LV3	65535	2
1000532	Misc	座头鲸玻璃工艺品	Humpback Whale Glass Art	Collection_Prop_Glasscraft_0005	65535	2
1000533	Recipe	世界饰品全集 · 第2卷	Accessories of the World, Vol. II	Recipe_Book_Accessory_II	65535	2
1000534	Document	阿方索家族的枪术秘籍第1卷	Spear Manual of House Alfonso, Vol. 1	Book_Battle_DEF_Alfonso	65535	2
1000535	Recipe	世界饰品全集 · 第3卷	Accessories of the World, Vol. III	Recipe_Book_Accessory_III	65535	2
1000536	Recipe	世界饰品全集 · 第4卷	Accessories of the World, Vol. IV	Recipe_Book_Accessory_IV	65535	2
1000537	Document	阿方索家族的枪术秘籍第2卷	Spear Manual of House Alfonso, Vol. 2	Book_Battle_ATT_Alfonso	65535	2
1000538	Misc	硫磺	Brimstone	Item_Rare_Collect_SulfurStone	65535	2
1000539	Document	阿方索家族的枪术秘籍第3卷	Spear Manual of House Alfonso, Vol. 3	Book_Battle_EXP_Alfonso	65535	2
1000540	Document	阿泽里安的书信	Countess Azerian's Letter	Letter_Elimores_Secret	65535	2
1000541	Misc	钟乳石	Stalactite	Item_Rare_Collect_Stalactites	65535	2
1000542	Misc	一沓告示	Posters	BoardPaperBundle	65535	2
1000543	Misc	水银	Mercury	Item_Rare_Collect_Mercury	65535	2
1000544	Misc	橡胶	Rubber	Item_Rare_Collect_Rubber	65535	2
1000545	TwoHandWeapon	平衡的引导者	Bringer of Balance	Regglin_Boss_TwoHandSword	17	1
1000546	Cloak	卡伊洛斯板金披风	Kairos Cloak	Kliff_PlateArmor_Cloak	69	1
1000547	Misc	齿轮	Cogwheel	Cog	65535	2
1000548	Misc	龙舌兰花盆	Leafy Pot	Collection_Prop_FlowerPot_0020	65535	2
1000549	Necklace	矮人项链	Dwarf Necklace	Dwarf_Necklace	9	1
1000550	Document	埃拉伊扎的纸条	Elise's Note	Paper_Eliza	65535	2
1000551	Misc	小苍兰花盆	Red Flower Pot	Collection_Prop_FlowerPot_0032	65535	2
1000552	AbyssGear	被封印的阿比斯神器	Sealed Abyss Artifact	Sealed_Abyss_Artifact_0004	65535	2
1000553	OneHandWeapon	电激雷电喷射器	Electromagnetic Boltspitter	LightningThrower	51	1
1000554	Misc	小型植物花盆	Small Plant Pot	Collection_Prop_FlowerPot_0031	65535	2
1000555	Material	高级石材	Fine Stone	Fine_Stone	65535	2
1000556	TwoHandWeapon	埃尔南德贡献度旗帜	Hernandian Contribution Banner	Hernand_Contribution_Flag	23	1
1000557	Recipe	烹饪：厚切烤肉	Recipe: Grilled Meat Steak	Recipe_Meat_Fish_Grain_Sanjeok	65535	2
1000558	Recipe	黄金之星设计图	Golden Star Blueprint	MarniDragon_GoldenStar	65535	2
1000559	Misc	卡利班指令书	Caliburn's Orders	MarniDragon_DemenissLetter	65535	2
1000560	Gloves	卡伊洛斯板金手套	Kairos Plate Gloves	Kliff_PlateArmor_Gloves	6	1
1000561	Misc	小金纹蝶	Little Metalmark Butterfly	Item_Little_Metalmark	65535	2
1000562	Misc	橡胶树种子	Rubber Tree Seed	Rubber_seed	65535	2
1000563	Misc	漂泊者的冒险日志	A Traveler's Log	PororinChildrenForest_Book	65535	2
1000564	Misc	卷心菜	Cabbage	Cabbage	65535	2
1000565	Misc	南瓜	Pumpkin	Pumpkin	65535	2
1000566	Misc	英雄之墓	A Hero's Tomb	Visione_Chip_NamelessHeorGrave	65535	2
1000567	Boots	卡伊洛斯板金鞋子	Kairos Plate Boots	Kliff_Plate_Boots	7	1
1000568	Misc	[临摹] 丰饶下的贫穷	Replica - Poverty Amidst Plenty	Collection_Prop_Picture_0065	65535	2
1000569	Misc	[习作] 色彩之森	Study - Fields of Color	Collection_Prop_Picture_0001	65535	2
1000570	Misc	[习作] 丰饶下的贫穷	Study - Poverty Amidst Plenty	Collection_Prop_Picture_0002	65535	2
1000571	Misc	[习作] 金色大地	Study - Golden Lands	Collection_Prop_Picture_0003	65535	2
1000572	Misc	[杰作] 等待活儿的人们	Acclaimed - Idle Hands	Collection_Prop_Picture_0004	65535	2
1000573	Misc	[杰作] 丰收	Acclaimed - Abundance	Collection_Prop_Picture_0005	65535	2
1000574	Misc	[杰作] 战争的序幕	Acclaimed - Prelude to War	Collection_Prop_Picture_0006	65535	2
1000575	Misc	[平作] 丰饶下的贫穷	Notable - Poverty Amidst Plenty	Collection_Prop_Picture_0007	65535	2
1000576	Cloak	豺狗布制披风	Jackal Cloth Cloak	North_Mercenary_Fabric_Cloak_I	69	1
1000577	Misc	纳哈布吊坠	Nahab Pendant	NahabVillage_Pendant	65535	2
1000578	OneHandWeapon	黑色命运	Fated Shadow	Old_Kliff_OneHandSword	0	1
1000579	Misc	熊胆	Bear's Gallbladder	Bear_Bile	65535	2
1000580	Misc	空白之书	Empty Book	Blank_Book	65535	2
1000581	Quest	镶嵌蓝宝石的黄金匕首	Sapphire-Set Golden Dagger	Quest_Grace_GoldDagger_II	65535	2
1000582	Misc	悦目金蛛	Yellow Garden Spider	Item_BananaSpider	65535	2
1000583	Misc	冠冕蜘蛛	Golden Silk Spider	Item_DiademSpider	65535	2
1000584	Document	妻子的信	A Wife's Letter	Letter_Wolfmolar_Mountain_WifeLetter	65535	2
1000585	Recipe	烹饪：肉块汤料理	Recipe: Meatball Soup	Recipe_Meat_Fish_Vegetable_Egg	65535	2
1000586	HorseGear	粗糙的马镫	Crude Stirrups	HorseShoe_HorseArmor_Stirrup	63	1
1000587	HorseGear	威尔斯军用马镫	Wells Military Stirrups	HorseShoe_HorseArmor_Stirrup_I	63	1
1000588	HorseGear	龙头像装饰马镫	Decorative Dragon Head Stirrups	HorseShoe_HorseArmor_Stirrup_II	63	1
1000589	HorseGear	金制装饰马镫	Gold-Decorated Stirrups	HorseShoe_HorseArmor_Stirrup_III	63	1
1000590	HorseGear	高级皮制马镫	Fine Leather Stirrups	HorseShoe_HorseArmor_Stirrup_IV	63	1
1000591	HorseGear	迪克拉尔马镫	Exclaire Stirrups	HorseShoe_HorseArmor_Stirrup_V	63	1
1000592	HorseGear	石铁马蹄铁	Ironstone Horseshoes	HorseShoe_HorseArmor_Shoe_I	64	1
1000593	HorseGear	环扣马蹄铁	Bow Knot Horseshoes	HorseShoe_HorseArmor_Shoe_II	64	1
1000594	HorseGear	钢铁之心马蹄铁	Steelheart Horseshoes	HorseShoe_HorseArmor_Shoe_III	64	1
1000595	Misc	莎亦的吊坠	Shai's Pendant	Shay_Cat_Clue	65535	2
1000596	Trade	玻璃	Glass	Trade_Glass_02	65535	2
1000597	Trade	毛毯	Carpet	Trade_Carpet_02	65535	2
1000598	Trade	书画	Calligraphic Paintings	Trade_Caligraphy_02	65535	2
1000599	Quest	悬赏通缉令 - 比利	Bounty Notice - Billy	Quest_WantedPaper_0101	65535	2
1000600	Trade	绸缎	Silk	Trade_Silk_02	65535	2
1000601	Quest	悬赏通缉令 - 古纳尔	Bounty Notice - Gunder	Quest_WantedPaper_0102	65535	2
1000602	Trade	醇厚风味糖	Richly Flavored Sugar	Trade_Sugar_02	65535	2
1000603	Trade	蜂蜜	Honey	Trade_Honey_02	65535	2
1000604	Quest	悬赏通缉令 - 亨里克	Bounty Notice - Henrik	Quest_WantedPaper_0103	65535	2
1000605	Quest	悬赏通缉令 - 埃斯吉尔	Bounty Notice - Aksel	Quest_WantedPaper_0104	65535	2
1000606	Quest	悬赏通缉令 - 弗洛克	Bounty Notice - Frank	Quest_WantedPaper_0109	65535	2
1000607	Trade	香烟	Tobacco	Trade_Tobacco_02	65535	2
1000608	Trade	胡椒	Pepper	Trade_Pepper_02	65535	2
1000609	Quest	悬赏通缉令 - 布罗勒	Bounty Notice - Broll	Quest_WantedPaper_0110	65535	2
1000610	Material	顶级石材	Flawless Stone	Premium_Stone	65535	2
1000611	Document	沙漠上的真相调查日志	Investigative Log: Truth on the Sands	Book_TruthontheSand	65535	2
1000612	Trade	硫磺	Brimstone	Trade_Sulfur_02	65535	2
1000613	Quest	悬赏通缉令 - 派特里克	Bounty Notice - Patrick	Quest_WantedPaper_0107	65535	2
1000614	Quest	悬赏通缉令 - 乔纳丹	Bounty Notice - Jonathan	Quest_WantedPaper_0108	65535	2
1000615	Trade	高纯度火药	High-Purity Gunpowder	Trade_Gunpowder_02	65535	2
1000616	Recipe	烹饪：什锦厚切烤串	Recipe: Mixed Skewers	Recipe_Nureumjeok	65535	2
1000617	Recipe	烹饪：五彩什锦汤料理	Recipe: Harvest Soup	Recipe_Sinseollo	65535	2
1000618	Trade	枪	Gun	Trade_Gun_02	65535	2
1000619	Trade	瓷器	Ceramic	Trade_Ceramics_03	65535	2
1000620	Recipe	烹饪：调味炒打糕	Recipe: Pan-Fried Rice Cakes	Recipe_Gungjung_Tteokbokki	65535	2
1000621	Helmet	戈尔塔克半兽人头盔	Gorthak Orc's Helm	NeutralZone_PlateArmor_Helm	4	1
1000622	Recipe	烹饪：肉汤料理	Recipe: Meat Stew	Recipe_Beef_Bone_Soup	65535	2
1000623	Misc	红烧肉	Boiled Meat	BoiledPork	65535	2
1000624	Helmet	黄金佣兵团的板金头盔	Golden Free Company's Plate Helm	Twilight_Whistlers_PlateArmor_Helm_II	4	1
1000625	Document	古老的研究日志	Old Research Journal	Book_HyperSpace	65535	2
1000626	Misc	帕卫尔的女巫们	Witches of Pywel	StoreWitchHint_Book	65535	2
1000627	Misc	水果茶	Fruit Tea	FruitTea	65535	2
1000628	Misc	杯状龙舌兰花盆	Chalice Bush Pot	Collection_Prop_FlowerPot_0027	65535	2
1000629	Misc	银币袋	Modest Silver Pouch	Small_Silver_Pack	65535	2
1000630	Misc	母亲的信	Letter from a Mother	Letter_Visione_MotherLetter	65535	2
1000631	Shield	东部流浪者的盾牌	Eastern Wanderer's Shield	EasternWanderer_OneHandShield	1	1
1000632	TwoHandWeapon	卡尔佩德贡献度旗帜	Calphadean Contribution Banner Pike	Calphade_Contribution_Flag	23	1
1000633	Misc	鲜美的鸟肉	Lean Bird Meat	Bird_Meat	65535	2
1000634	Misc	止静神丹	Refined Palmar Pill	RevivalItem	65535	2
1000635	Helmet	晓月使者板金头盔	Twilight Messengers' Plate Helm	Twilight_Whistlers_PlateArmor_Helm_I	4	1
1000636	Recipe	烹饪：打糕烤肉	Recipe: Grilled Meat Patties	Recipe_Tteokgalbi	65535	2
1000637	TwoHandWeapon	黑熊的咆哮	Roar of the Black Bear	Drunk_BlackBears_TwoHandedWarHamme	20	1
1000638	Trade	螺钿漆器	Nacre Lacquer	Trade_PearlLacquerware_01	65535	2
1000639	Tool	高级鱼竿	Fine Fishing Rod	FishingRod_II	99	1
1000640	Tool	福罗林鱼竿	Pororin Fishing Rod	FishingRod_III	99	1
1000641	Recipe	威尔斯军用马具制作方法	Wells Military Tack Blueprint	Recipe_Book_Wells_HorseArmor	65535	2
1000642	Misc	红藻	Red Seaweed	Item_Rare_Collect_Dulse	65535	2
1000643	Trade	毛皮	Pelt	Trade_Fur_01	65535	2
1000644	Food	烤肉	Grilled Meat	Grilled_Meat	65535	2
1000645	Food	烤鱼	Grilled Fish	Grilled_Fish	65535	2
1000646	Trade	面粉	Flour	Trade_Flour_01	65535	2
1000647	Trade	芳香果酒	Fragrant Fruit Wine	Trade_Wine_01	65535	2
1000648	Trade	细腻食盐	Finely Ground Salt	Trade_Salt_01	65535	2
1000649	Food	烤蔬菜	Grilled Vegetables	Grilled_Vegetables	65535	2
1000650	Food	烤水果	Grilled Fruit	Grilled_Fruit	65535	2
1000651	Misc	烤谷物	Toasted Grains	Rice	65535	2
1000652	Misc	烤鸡蛋	Smoked Egg	Baked_Egg	65535	2
1000653	Food	烤鱼肉	Grilled Meat and Fish	Grilled_Meat_Fish	65535	2
1000654	Food	烤肉串	Meat Skewers	Meat_Sanjeok	65535	2
1000655	Food	炖肉	Braised Meat	Braised_Meat	65535	2
1000656	Food	清汤菜肴	Clear Soup	Meat_Porridge	65535	2
1000657	Shield	工匠雕琢装饰盾牌	Artisan's Ornamented Shield	Damian_OneHandShield_VI	2	1
1000658	Misc	灰鬃贡献度	Greymane Contribution	Contribution_Graymane	65535	2
1000659	Misc	羽毛	Feather	Feather	65535	2
1000660	Misc	大骨	Large Bone	Large_Bone	65535	2
1000661	Trade	羊毛	Wool	Trade_Wool_03	65535	2
1000662	Misc	象牙	Ivory	Ivory	65535	2
1000663	Misc	短角	Short Horn	Short_Horn	65535	2
1000664	Trade	包装野战布制盔甲	Packaged Field Cloth Armor	Trade_Armor_Wild_Fabric_PackedInVehicle	65535	2
1000665	Trade	野战锁链盔甲	Packaged Field Chain Mail	Trade_Armor_Wild_Chain_PackedInVehicle	65535	2
1000666	Trade	红参	Red Ginseng	Trade_Ginseng_03	65535	2
1000667	Trade	熟成良好的奶酪	Well-Aged Cheese	Trade_Cheese_03	65535	2
1000668	Trade	鱼肉	Fish Meat	Trade_FishMeat_03	65535	2
1000669	Food	不明料理	Mysterious Dish	Food_CookFailed	65535	2
1000670	Trade	精工象牙	Finely Crafted Ivory	Trade_Ivory_03	65535	2
1000671	Trade	仪仗用剑	Ceremonial Sword	Trade_Sword_03	65535	2
1000672	Trade	仪仗用盔甲	Ceremonial Armor	Trade_Armor_03	65535	2
1000673	Recipe	烹饪：五彩谷物拌饭	Recipe: Mixed Harvest Bowl	Recipe_Jeonju_Bibimbap	65535	2
1000674	Trade	玉	Jade	Trade_Jade_03	65535	2
1000675	OneHandWeapon		Wolf Test OneHandSword	Wolf_Test_OneHandSword	0	1
1000676	Quest	汇报摩尔迪的下落	Report on Myurdin's Whereabouts	Quest_Bloodcoronation_Document	65535	2
1000677	Document	调查报告	Investigative Report	Caliburn_Report	65535	2
1000678	Cloak	灰烬狼皮制披风	Ashen Wolf's Leather Cloak	Oongka_Basic_Leather_Cloak	69	1
1000679	Cloak	大地荣誉皮制披风	Leather Cloak of Earth's Honor	Demian_Leather_Cloak	69	1
1000680	Misc	蚂蚱	Grasshopper	Item_GrassHopper	65535	2
1000681	Cloak	阿夏德板金披风	Ashad Plate Cloak	Ashad_PlateArmor_Cloak	69	1
1000682	Cloak	索拉斯板金披风	Solas Plate Cloak	Solas_PlateArmor_Cloak	69	1
1000683	Shield	德梅尼斯金饰盾牌	Demenissian Gold-Decorated Shield	Damian_OneHandShield	2	1
1000684	Food	烤蟹钳	Grilled Pincers	Freshly_Grilled_Crab	65535	2
1000685	Cloak	黄金光辉板金披风	Goldlight Plate Cloak	Demian_PlateArmor_Cloak_III	69	1
1000686	Cloak	暗黑执行者板金披风	Executioner of Darkness Plate Cloak	Demian_PlateArmor_Cloak_V	69	1
1000687	Recipe	烹饪：蛋衣谷物卷	Recipe: Battered Harvest Roll	Recipe_Kimbap	65535	2
1000688	TwoHandWeapon	德梅尼斯贡献度旗帜	Demenissian Contribution Banner Pike	Demeniss_Contribution_Flag	23	1
1000689	Misc	石材	Stone	Stone_Quarry	65535	2
1000690	Recipe	养蜂装备制作方法	Beekeeper Gear Blueprint	Recipe_Book_Beekeeping	65535	2
1000691	Tool	辅助法杖	Walking Cane	Equip_Stick	97	1
1000692	Ammo	小型炮弹	Small Cannonball	CannonBall	65535	2
1000693	AbyssGear	被封印的阿比斯神器	Sealed Abyss Artifact	Sealed_Abyss_Artifact_0005	65535	2
1000694	Misc	斑纹赫蕉蝶	Zebra Longwing Butterfly	Item_Zebra_Heliconian	65535	2
1000695	ChestArmor	帕班皮制盔甲	Favan Leather Armor	Phavan_Leather_Armor	5	1
1000696	Helmet	新月死神板金头盔	New Moon Reaper Plate Helm	Moonhead_PlateArmor_Helm_Waning	4	1
1000697	Helmet	满月死神板金头盔	Full Moon Reaper Plate Helm	Moonhead_PlateArmor_Helm_Full	4	1
1000698	ChestArmor	新月死神板金头盔	New Moon Reaper Plate Armor	Moonhead_PlateArmor_Armor_Waning	5	1
1000699	ChestArmor	满月死神板金头盔	Full Moon Reaper Plate Armor	Moonhead_PlateArmor_Armor_Full	5	1
1000700	Boots	新月死神板金鞋子	New Moon Reaper Plate Boots	Moonhead_Plate_Boots_Waning	7	1
1000701	Recipe	烹饪：浓郁什锦汤料理	Recipe: Mixed Stew	Recipe_Fish_Soup	65535	2
1000702	Trade	野战布制盔甲	Field Cloth Armor	Trade_Armor_Wild_Fabric_01	65535	2
1000703	Trade	野战锁链盔甲	Field Chain Mail	Trade_Armor_Wild_Chain_01	65535	2
1000704	Recipe	烹饪：调味炒鱼	Recipe: Pan-Fried Marinated Fish	Recipe_Fish_Bulgogi	65535	2
1000705	Recipe	烹饪：浓郁鱼汤料理	Recipe: Fish Stew	Recipe_Fish_Stew	65535	2
1000706	Misc	物资入库记录	Supply Delivery Log	Memo_Proceedings	65535	2
1000707	Quest	埃尔南德城地下室的钥匙	Hernand Castle Basement Key	Quest_HernandCastle_Underground_Key	65535	2
1000708	Backpack	吉尔梅特糕点工坊背囊	Gearmelt Confectionery Pack	Chocolate_Factory_BackPack	66	1
1000709	Food	不明液体	Mysterious Liquid	Food_DrinkFailed	65535	2
1000710	Backpack	橙子背囊	Orange Pack	orange_BackPack	66	1
1000711	Backpack	葡萄背囊	Grape Pack	grape_BackPack	66	1
1000712	Backpack	棉花背囊	Cotton Pack	cotton_BackPack	66	1
1000713	Backpack	石斛花背囊	Dendrobium Orchid Pack	orchids_BackPack	66	1
1000714	Recipe	影叶伪装服制作方法	Shadowleaf Disguise Blueprint	Recipe_Book_Ent	65535	2
1000715	Cloak	驯鹿披风	Reindeer Cloak	Camouflage_Reindeer_Cloak	69	1
1000716	Backpack	水力发电背包	Hydro Generator Bag	WaterPower_BackPack	66	1
1000717	Misc	鸟肉	Bird Meat	Chicken_Meat	65535	2
1000718	Boots	满月死神板金鞋子	Full Moon Reaper Plate Boots	Moonhead_Plate_Boots_Full	7	1
1000719	Recipe	烹饪：什锦炖鱼	Recipe: Assorted Braised Fish	Recipe_Full_Course_of_Braised_Fish	65535	2
1000720	ChestArmor	金风商会布制盔甲	Goldleaves' Cloth Armor	Goblin_Merchant_Fabric_Armor_V	5	1
1000721	AbyssGear	被封印的阿比斯神器	Sealed Abyss Artifact	Sealed_Abyss_Artifact_0006	65535	2
1000722	Misc	恩赛特蕉种子	Enset Seed	Ensete_seed	65535	2
1000723	Quest	刻着图案的石头	Engraved Stone	Quest_EastTower_Maze_I	65535	2
1000724	Misc	百年草种子	Prickly Pear Seed	Opuntia_seed	65535	2
1000725	Misc	芋头种子	Taro Seed	Taro_seed	65535	2
1000726	Backpack	鲜肉背囊	Hunter's Meat Pack	Meat_BackPack	66	1
1000727	Misc	铸铁锅	Cast Iron Pan	Collection_Prop_Tool_0001	65535	2
1000728	Quest	黑熊监狱钥匙	Black Bear Prison Key	Quest_Hostages_House_Key	65535	2
1000729	TwoHandWeapon	黄金双手锤	Golden Greathammer	MiddleBoss_GoldenArmor_TwoHandHammer_I	28	1
1000730	Food	鱼肉	Fish Fillet	Food_Fish_Meat	65535	2
1000731	Misc	白花苋种子	Chaya Seed	Chaya_seed	65535	2
1000732	Helmet	贝尔特兰板金头盔	Beltran Plate Helm	Beltran_PlateArmor_Helm	4	1
1000733	Recipe	齿轮制作方法：极寒洗礼	Gear Blueprint: Frost Hail	Recipe_Item_Skill_AbyssGear_FrostBreath_LV1	65535	2
1000734	Recipe	齿轮制作方法：炽热熔岩	Gear Blueprint: Volcanic Eruption	Recipe_Item_Skill_AbyssGear_FireBreath_LV1	65535	2
1000735	Cloak	布利德精英布制披风	Bleed Officer's Cloth Cloak	Bleed_Bandits_Fabric_Cloak_II	69	1
1000736	Helmet	德梅尼斯硫磺防毒面具	Demeniss Brimstone Gas Mask	Brimstone_Leather_Helm_II	4	1
1000737	Tool	奥尔巴德伐木斧	Olvald's Logging Axe	Equip_Felling_Axe_II	87	1
1000738	OneHandWeapon	塔奥莉娅弯刀	Tauria Curved Sword	Taoria_OneHandSword	0	1
1000739	Misc	埃尔南德营地	Hernand Encampment	Visione_Chip_hernandcampsite	65535	2
1000740	Misc	藤蔓村	Ivynook	Visione_Chip_vinevillage	65535	2
1000741	Misc	守护神祭坛	Guardian Deity Altar	Visione_Chip_guardiandeity	65535	2
1000742	OneHandWeapon	红色愤怒	Red Rage	Ludvig_OneHandSword	0	1
1000743	ChestArmor	迷雾猫头鹰皮制盔甲	Mistcloaked Owl Leather Armor	Owls_of_the_Mist_Leahter_Armor_I	5	1
1000744	ChestArmor	迷雾猫头鹰皮制盔甲	Mistcloaked Owl Leather Armor	Owls_of_the_Mist_Leahter_Armor_II	5	1
1000745	ChestArmor	迷雾猫头鹰皮制盔甲	Mistcloaked Owl Leather Armor	Owls_of_the_Mist_Leahter_Armor_III	5	1
1000746	ChestArmor	迷雾猫头鹰皮制盔甲	Mistcloaked Owl Leather Armor	Owls_of_the_Mist_Leahter_Armor_IV	5	1
1000747	OneHandWeapon	雷贪之刃	Lightningblade of Greed	Goblin_Boss_OneHandSword	0	1
1000748	Misc	石化的人	Petrified Humans	Visione_Chip_PetrifiedHumans	65535	2
1000749	Misc	血色农舍	Bloody Farmhouse	Visione_Chip_BloodyFarmhouse	65535	2
1000750	Misc	天心参	Skyroot	Item_Rare_Collect_Kudzu	65535	2
1000751	AbyssGear	被封印的阿比斯神器	Sealed Abyss Artifact	Sealed_Abyss_Artifact_0007	65535	2
1000752	AbyssGear	被封印的阿比斯神器	Sealed Abyss Artifact	Sealed_Abyss_Artifact_0008	65535	2
1000753	AbyssGear	被封印的阿比斯神器	Sealed Abyss Artifact	Sealed_Abyss_Artifact_0010	65535	2
1000754	Food	虾	Shrimp	Food_Shrimp	65535	2
1000755	Recipe	巴尔尼亚式装备制作方法	Varnian Equipment Blueprint	Recipe_Book_Varnia	65535	2
1000756	OneHandWeapon	国王的单手匕首	King's Dagger	Legendary_Kings_OneHandDagger	14	1
1000757	PetGear	制服风格猫咪服	Uniform Cat Outfit	PetArmor_Musket_Armor_Cat	59	1
1000758	VehicleGear	A.T.A.G.手套 Mk III	A.T.A.G. Plating Mk III	WarRobot_Body_03	80	1
1000759	ChestArmor	吉亚斯的皮制盔甲	Giath's Leather Armor	Gias_Leather_Armor	5	1
1000760	PetGear	制服风格猫咪帽	Uniform Cat Hat	PetArmor_Musket_Helm_Cat	58	1
1000761	TowerShield	背叛之盾	Shield of Betrayal	Silver_Armor_OneHandTowerShield	32	1
1000762	ChestArmor	金刚雀鬼布制盔甲	Gilded Goblin's Cloth Armor	Regglin_Fabric_Armor_V	5	1
1000763	Helmet	雷格勒板金头盔	Regglin Plate Helm	Regglin_PlateArmor_Helm	4	1
1000764	Misc	骷髅收藏家的破损马车	The Skull Collector's Wagon	Visione_Chip_BoneCollectorWagon	65535	2
1000765	Misc	为接近马罗尼而进行的实验	An Experiment to Reach Marni	Visione_Chip_TestToMarni	65535	2
1000766	Bow	影叶眠弓	Shadowleaf Bow	EntHunter_OneHandBow	3	1
1000767	Misc	被遗弃的钟	Abandoned Bell	Visione_Chip_DumpBell	65535	2
1000768	PetGear	猫咪背囊服装	Peddler Cat Outfit	PetArmor_backpack_Armor_Cat	59	1
1000769	Helmet	秋日森林礼服板金头盔	Autumn Banquet Plate Helm	Demian_PlateArmor_Helm_VI	4	1
1000770	TwoHandWeapon	德雷西亚贡献度旗帜	Delesyian Contribution Banner Pike	Delesyian_Contribution_Flag	23	1
1000771	Helmet	海盗王帽	Pirate King Hat	Pirate_King_Leather_Helm	4	1
1000772	Misc	坠落的热气球	Crashed Cloudcart	Visione_Chip_FallenBallon	65535	2
1000773	HorseGear	连接马车的马甲II	Wagon Barding II	Wagon_HorseArmor_Armor_II	60	1
1000774	Misc	星座研究日志	Constellation Research Journal	Anamorphic_Book	65535	2
1000775	Recipe	烹饪：五彩炒蔬菜	Recipe: Pan-Fried Vegetables	Recipe_Japchae	65535	2
1000776	Quest	乌尔佐克的秘密场所	Ulzok's Hideout	Quest_Ulzok_Stolen_Map	65535	2
1000777	ChestArmor	监狱俘虏布制盔甲	Captive's Cloth Armor	Prisoner_Fabric_Armor	5	1
1000778	ChestArmor	监狱俘虏布制盔甲	Captive's Cloth Armor	Prisoner_Fabric_Armor_I	5	1
1000779	ChestArmor	监狱俘虏布制盔甲	Captive's Cloth Armor	Prisoner_Fabric_Armor_II	5	1
1000780	ChestArmor	监狱俘虏布制盔甲	Captive's Cloth Armor	Prisoner_Fabric_Armor_III	5	1
1000781	ChestArmor	监狱俘虏布制盔甲	Captive's Cloth Armor	Prisoner_Fabric_Armor_IV	5	1
1000782	ChestArmor	监狱俘虏布制盔甲	Captive's Cloth Armor	Prisoner_Fabric_Armor_V	5	1
1000783	ChestArmor	监狱俘虏布制盔甲	Captive's Cloth Armor	Prisoner_Fabric_Armor_VI	5	1
1000784	ChestArmor	监狱俘虏布制盔甲	Captive's Cloth Armor	Prisoner_Fabric_Armor_VII	5	1
1000785	ChestArmor	监狱俘虏布制盔甲	Captive's Cloth Armor	Prisoner_Fabric_Armor_VIII	5	1
1000786	ChestArmor	监狱俘虏布制盔甲	Captive's Cloth Armor	Prisoner_Fabric_Armor_IX	5	1
1000787	Boots	监狱俘虏布制鞋子	Captive's Cloth Boots	Prisoner_Fabric_Boots	7	1
1000788	Helmet	监狱俘虏布制头盔	Captive's Cloth Headband	Prisoner_Fabric_Helm	4	1
1000789	Helmet	监狱俘虏布制头盔	Captive's Cloth Helm	Prisoner_Fabric_Helm_I	4	1
1000790	Helmet	监狱俘虏布制头盔	Captive's Cloth Helm	Prisoner_Fabric_Helm_II	4	1
1000791	Helmet	监狱俘虏布制头盔	Captive's Cloth Helm	Prisoner_Fabric_Helm_III	4	1
1000792	Helmet	监狱俘虏布制头盔	Captive's Cloth Helm	Prisoner_Fabric_Helm_IV	4	1
1000793	Gloves	皮制半指手套	Leather Half-Gloves	Prisoner_Leather_Gloves	6	1
1000794	Gloves	德伦皮制手套	Darren Leather Gloves	Prisoner_Leather_Gloves_I	6	1
1000795	TwoHandWeapon	贝路亚海盗团小型旗帜	Small Vellua Pirates Banner Pike	Storm_Cliff_Flag	23	1
1000796	Bow	虚无者之弓	Bow of the Fleeting	Hexe_Archer_OneHandBow	3	1
1000797	Misc	凤尾女王蝶	Tiger Mimic Queen Butterfly	Item_Tiger_Mimic_Queen	65535	2
1000798	Misc	德雷西亚监狱钥匙	Delesyia Prison Key	Del_Prison_Room_Key	65535	2
1000799	Helmet	芦苇恶魔追随者布制头盔	Reed Devil Minion's Cloth Helm	Reeddevil_Fabric_Helm_I	4	1
1000800	Helmet	芦苇恶魔追随者布制头盔	Reed Devil Minion's Cloth Helm	Reeddevil_Fabric_Helm_II	4	1
1000801	Helmet	芦苇恶魔追随者布制头盔	Reed Devil Minion's Cloth Helm	Reeddevil_Fabric_Helm_III	4	1
1000802	Helmet	王国正式骑士板金头盔	Official Knight's Plate Helm	Demian_PlateArmor_Helm_VII	4	1
1000803	Misc	烟雾炸弹	Smoke Bomb	Bomb_Smoke	65535	2
1000804	Food	蛋衣烤肉	Battered Meat	Pan_fried_Meat_Pancake	65535	2
1000805	Helmet	战场之光板金头盔	Light of the Battlefield Plate Helm	Demian_PlateArmor_Helm_VIII	4	1
1000806	FaceAccessory	面罩	Mask	Kliff_Mask	72	1
1000807	Food	烤鱼串	Fish Skewers	Fish_Sanjeok	65535	2
1000808	Gloves	德伦皮制手套	Darren Leather Gloves	Prisoner_Leather_Gloves_II	6	1
1000809	Helmet	监狱俘虏皮制头盔	Captive's Leather Helm	Prisoner_Leather_Helm	4	1
1000810	Helmet	折叠监狱俘虏皮制头盔	Captive's Folded Leather Helm	Prisoner_Leather_Helm_I	4	1
1000811	Document	通缉泥浆怪物	Bounty on the Mud Monster	NoticePaper_MudWalkerLutemir	65535	2
1000812	AbyssGear	被封印的阿比斯神器	Sealed Abyss Artifact	Sealed_Abyss_Artifact_0011	65535	2
1000813	Gloves	豺狗干部皮制手套	Jackal Officer's Leather Gloves	MiddleBoss_Pailoon_Ludvig_Leather_Gloves	6	1
1000814	AbyssGear	被封印的阿比斯神器	Sealed Abyss Artifact	Sealed_Abyss_Artifact_0012	65535	2
1000815	Document	知识的负重调查日志	Investigative Log: The Weight of Knowledge	Book_WeightOfKnowledge	65535	2
1000816	Document	废墟中的欲望调查日志	Investigative Log: Ambition in the Ruins	Book_Misappropriation_Log	65535	2
1000817	Document	阿泽里安的密信	Countess Azerian's Secret Letter	Letter_Azureian_Secret	65535	2
1000818	Cloak	鲁温板金披风	Luon Plate Cloak	Luon_PlateArmor_Cloak	69	1
1000819	Recipe	烹饪：晚餐套餐	Recipe: Grand Meal	Recipe_Surasang_00	65535	2
1000820	AbyssGear	被封印的阿比斯神器	Sealed Abyss Artifact	Sealed_Abyss_Artifact_0101	65535	2
1000821	ChestArmor	威廉·米德勒布制盔甲	Williem Middler Cloth Armor	Hernand_William_Middler_Fabric_Armor	5	1
1000822	AbyssGear	被封印的阿比斯神器	Sealed Abyss Artifact	Sealed_Abyss_Artifact_0001	65535	2
1000823	AbyssGear	被封印的阿比斯神器	Sealed Abyss Artifact	Sealed_Abyss_Artifact_0002	65535	2
1000824	AbyssGear	被封印的阿比斯神器	Sealed Abyss Artifact	Sealed_Abyss_Artifact_0102	65535	2
1000825	AbyssGear	被封印的阿比斯神器	Sealed Abyss Artifact	Sealed_Abyss_Artifact_0103	65535	2
1000826	AbyssGear	被封印的阿比斯神器	Sealed Abyss Artifact	Sealed_Abyss_Artifact_0104	65535	2
1000827	AbyssGear	被封印的阿比斯神器	Sealed Abyss Artifact	Sealed_Abyss_Artifact_0105	65535	2
1000828	AbyssGear	被封印的阿比斯神器	Sealed Abyss Artifact	Sealed_Abyss_Artifact_0106	65535	2
1000829	AbyssGear	被封印的阿比斯神器	Sealed Abyss Artifact	Sealed_Abyss_Artifact_0107	65535	2
1000830	AbyssGear	被封印的阿比斯神器	Sealed Abyss Artifact	Sealed_Abyss_Artifact_0013	65535	2
1000831	AbyssGear	被封印的阿比斯神器	Sealed Abyss Artifact	Sealed_Abyss_Artifact_0014	65535	2
1000832	AbyssGear	被封印的阿比斯神器	Sealed Abyss Artifact	Sealed_Abyss_Artifact_0015	65535	2
1000833	AbyssGear	被封印的阿比斯神器	Sealed Abyss Artifact	Sealed_Abyss_Artifact_0016	65535	2
1000834	AbyssGear	被封印的阿比斯神器	Sealed Abyss Artifact	Sealed_Abyss_Artifact_0017	65535	2
1000835	AbyssGear	被封印的阿比斯神器	Sealed Abyss Artifact	Sealed_Abyss_Artifact_0018	65535	2
1000836	AbyssGear	被封印的阿比斯神器	Sealed Abyss Artifact	Sealed_Abyss_Artifact_0019	65535	2
1000837	Misc	古老的坟墓	Timeworn Graves	Visione_Chip_OldGrave	65535	2
1000838	Document	贪婪之果调查日志	Investigative Log: Harvest of Greed	Book_FruitofGreed	65535	2
1000839	ChestArmor	巴斯提尔盔甲	Bastier Armor	Bastion_PlateArmor_Armor	5	1
1000840	Gloves	日蚀之索拉斯板金手套	Eclipsed Solas Plate Gloves	Solas_PlateArmor_Gloves_I	6	1
1000841	Recipe	稻草人披风制作方法	Scarecrow Cloak Blueprint	Recipe_Book_Scarecrow_Camouflage_Cloak	65535	2
1000842	Helmet	暗黑执行者板金头盔	Executioner of Darkness Plate Helm	Demian_PlateArmor_Helm_XI	4	1
1000843	TwoHandWeapon	逐暗指引	Guidance of Dark Pursuit	DarkLeader_TwoHandWarHammer	20	1
1000844	TwoHandWeapon	乌鸦兄弟团战锤	Crow Brothers Warhammer	Tynion_TwoHandWarHammer	20	1
1000845	Backpack	嘟嘟鸟昆虫采集背囊	Kuku Insect Gatherer's Pack	Insect_Collect_BackPack	66	1
1000846	Cloak	黑熊布制披风	Black Bears' Cloth Cloak	Tibbletanus_Fabric_Cloak	69	1
1000847	AbyssGear	被封印的阿比斯神器	Sealed Abyss Artifact	Sealed_Abyss_Artifact_0020	65535	2
1000848	AbyssGear	被封印的阿比斯神器	Sealed Abyss Artifact	Sealed_Abyss_Artifact_0021	65535	2
1000849	AbyssGear	被封印的阿比斯神器	Sealed Abyss Artifact	Sealed_Abyss_Artifact_0022	65535	2
1000850	AbyssGear	被封印的阿比斯神器	Sealed Abyss Artifact	Sealed_Abyss_Artifact_0023	65535	2
1000851	AbyssGear	被封印的阿比斯神器	Sealed Abyss Artifact	Sealed_Abyss_Artifact_0024	65535	2
1000852	AbyssGear	被封印的阿比斯神器	Sealed Abyss Artifact	Sealed_Abyss_Artifact_0025	65535	2
1000853	Misc	利齿	Fang	Fang	65535	2
1000854	Misc	[QA] 埃尔南德市内循环移动(速度 15)	[QA] Repeated movement within Hernand (Speed 15)	Dev_QA_her_loop	65535	2
1000855	VehicleGear	A.T.A.G.足部 Mk III	A.T.A.G. Boots Mk III	WarRobot_Foot_03	82	1
1000856	Quest	光明之引渡	Light's Guidance	Quest_Paper_HowToRemoveCrime	65535	2
1000857	Consumable	瘟疫特效药	Plague Remedy	BeggarLeader_FindPotion	65535	2
1000858	Tool	萤火虫提灯	Firefly Lantern	FireFly_Lantern	55	1
1000859	Document	利贝坦修道院高级文书	Reventine Monastery Exclusive Document	Paper_ReventineMonastery_Document	65535	2
1000860	Recipe	烹饪：佳肴套餐	Recipe: Extravagant Meal	Recipe_Surasang_01	65535	2
1000861	AbyssGear	挚友II	Companionship II	Item_Skill_AbyssGear_Equip_AddPetFriendly_LV2	65535	2
1000862	Quest	神秘的松茸	Mystical Pine Mushroom	Quest_Legend_Songyi	65535	2
1000863	Misc	荆棘地下监狱的钥匙	Thornbriar Dungeon Key	WellsDungeon_Key	65535	2
1000864	Quest	浸泡在毒液中的香菇	Poison-Soaked Oakwood Mushroom	Quest_Poison_Pyogo	65535	2
1000865	ChestArmor	古代人弗里斯克斯的布制盔甲	Priscus's Cloth Armor	Ancient_Fabric_Armor_I	5	1
1000866	ChestArmor	古代人弗雷沃斯的布制盔甲	Praevus's Cloth Armor	Ancient_Fabric_Armor_II	5	1
1000867	Cloak	埃尔南德警卫队长布制披风	Hernandian Guard Captain's Cloth Cloak	Soldier_General_Fabric_Cloak	69	1
1000868	Helmet	警备队长板金头盔	Guard Captain's Plate Helm	Soldier_General_PlateArmor_Helm	4	1
1000869	ChestArmor	警卫队长板金盔甲	Guard Captain's Plate Armor	Soldier_General_PlateArmor_Armor	5	1
1000870	Gloves	埃尔南德警卫队长板金手套	Hernandian Guard Captain's Plate Gloves	Soldier_General_PlateArmor_Gloves	6	1
1000871	Boots	警卫队长板金鞋子	Guard Captain's Plate Boots	Soldier_General_Plate_Boots	7	1
1000872	Boots	勇武之步板金鞋子	Valortread Plate Boots	Oongka_PlateArmor_Boots_II	7	1
1000873	ChestArmor	醉酒黑熊皮制盔甲	Black Bear Leather Armor	Drunk_BlackBears_Leather_Armor	5	1
1000874	Boots	贝尔坎德板金鞋子	Belkandor Plate Boots	Oongka_PlateArmor_Boots_III	7	1
1000875	Food	花蟹	Blue Crab	Food_BlueCrab	65535	2
1000876	TwoHandWeapon	泰坦长枪	Titan's Spear	Titan_Spear	65535	2
1000877	Misc	烟雾炸弹	Smoke Bomb	Smoke_Bomb	65535	2
1000878	Misc	花篮	Flower Basket	Collection_Prop_FlowerPot_0001	65535	2
1000879	Gloves	黑熊皮制手套	Black Bear Leather Gloves	Drunk_BlackBears_Leather_Gloves	6	1
1000880	Misc	铁蒺藜炸弹	Caltrop Explosive	Caltrop_Bomb	65535	2
1000881	Recipe	烹饪：宴席套餐	Recipe: Lavish Meal	Recipe_Surasang_02	65535	2
1000882	ChestArmor	齐格拉特皮制盔甲	Ziggurat Leather Armor	Deshret_Leather_Armor	5	1
1000883	Misc	大斑豹纹蝶	Regal Fritillary Butterfly	Item_Regal_Fritillary	65535	2
1000884	ChestArmor	暗红礼服皮制盔甲	Elegant Carmine Leather Armor	Demian_Leather_Armor_V	5	1
1000885	Cloak	暗红礼服皮制披风	Elegant Carmine Leather Cloak	Demian_Leather_Cloak_I	69	1
1000886	Gloves	暗红礼服板金手套	Elegant Carmine Plate Gloves	Demian_PlateArmor_Gloves_VI	6	1
1000887	Boots	暗红礼服板金鞋子	Elegant Carmine Plate Boots	Demian_Plate_Boots_IV	7	1
1000888	Misc	斯特伦大宅衣柜的钥匙	Stellen Manor Closet Key	StellenManor_ClosetKey	65535	2
1000889	ChestArmor	安图布拉铋元素防护服	Antumbra Bismuth Protection Suit	Protective_Leather_Armor	5	1
1000890	AbyssGear	挚友III	Companionship III	Item_Skill_AbyssGear_Equip_AddPetFriendly_LV3	65535	2
1000891	Helmet	暗红礼服板金头盔	Elegant Carmine Plate Helm	Demian_PlateArmor_Helm_XIII	4	1
1000892	ChestArmor	信念流浪者皮制盔甲	Wanderer of Faith Leather Armor	Demian_Leather_Armor_VI	5	1
1000893	Cloak	信念流浪者皮制披风	Wanderer of Faith Leather Cloak	Demian_Leather_Cloak_II	69	1
1000894	Gloves	信念流浪者皮制手套	Wanderer of Faith Leather Gloves	Demian_Leather_Gloves_IV	6	1
1000895	Boots	信念流浪者皮制鞋子	Wanderer of Faith Leather Boots	DamianOnly_Leather_Boots_VI	7	1
1000896	Cloak	德雷西亚警卫队长布制披风	Delesyian Guard Captain's Cloth Cloak	Delesian_Soldier_General_Fabric_Cloak	69	1
1000897	ChestArmor	德雷西亚警卫队长盔甲	Delesyian Guard Captain's Armor	Delesian_Soldier_General_PlateArmor_Armor	5	1
1000898	Misc	岁月的记忆	Memory of Tide	Puzzle_Reward_TreasureMap_Her_Second	65535	2
1000899	Document	格莱斯伯爵的日志	Count Grace's Journal	Book_Grace_Diary_Journal	65535	2
1000900	Boots	冰冷之心板金鞋子	Frozen Heart Plate Boots	Legendary_MarniGolem_Plate_Boots	7	1
1000901	ChestArmor	鹿王追随者皮制盔甲	Staglord Acolyte's Leather Armor	Deer_King_Follower_Leather_Armor_IV	5	1
1000902	ChestArmor	巴尔尼亚警卫队长布制盔甲	Varnian Guard Captain's Cloth Armor	Barnia_Soldier_General_Fabric_Armor	5	1
1000903	Cloak	巴尔尼亚警卫队长布制披风	Varnian Guard Captain's Cloth Cloak	Barnia_Soldier_General_Fabric_Cloak	69	1
1000904	Helmet	巴尔尼亚警卫队长板金头盔	Varnian Guard Captain's Plate Helm	Barnia_Soldier_General_PlateArmor_Helm	4	1
1000905	Misc	北风的记忆	Memories of the Northern Winds	Puzzle_Reward_TreasureMap_Kwe	65535	2
1000906	Helmet	金色欲望板金头盔	Golden Greed Plate Helm	Golden_PlateArmor_Helm	4	1
1000907	Helmet		Abidon Fabric Helm T5 QA	Abidon_Fabric_Helm_T5_QA	4	1
1000908	Helmet		Scalaphynion Fabric Helm T4 QA	Scalaphynion_Fabric_Helm_T4_QA	4	1
1000909	ChestArmor		Tychaon Fabric Armor T5 QA	Tychaon_Fabric_Armor_T5_QA	5	1
1000910	Cloak		Tychaon Fabric Cloak T5 QA	Tychaon_Fabric_Cloak_T5_QA	69	1
1000911	ChestArmor		Scalaphynion Fabric Armor T4 QA	Scalaphynion_Fabric_Armor_T4_QA	5	1
1000912	Cloak		Scalaphynion Fabric Cloak T4 QA	Scalaphynion_Fabric_Cloak_T4_QA	69	1
1000913	Cloak		Heisellen Fabric Cloak T1 QA	Heisellen_Fabric_Cloak_T1_QA	69	1
1000914	Gloves		Reeddevil Fabric Gloves T5 QA	Reeddevil_Fabric_Gloves_T5_QA	6	1
1000915	Gloves		Tarif Fabric Gloves T4 QA	Tarif_Fabric_Gloves_T4_QA	6	1
1000916	Gloves		Tarif Fabric Gloves T3 QA	Tarif_Fabric_Gloves_T3_QA	6	1
1000917	Gloves		Hanbok Fabric Gloves T1 QA	Hanbok_Fabric_Gloves_T1_QA	6	1
1000918	Boots		Reeddevil Fabric Boots T5 QA	Reeddevil_Fabric_Boots_T5_QA	7	1
1000919	Boots		Tarif Fabric Boots T4 QA	Tarif_Fabric_Boots_T4_QA	7	1
1000920	Boots		Tarif Fabric Boots T3 QA	Tarif_Fabric_Boots_T3_QA	7	1
1000921	Helmet		Deer King Leather Helm T4 QA	Deer_King_Leather_Helm_T4_QA	4	1
1000922	Helmet		Tesslit Leather Helm T2 QA	Tesslit_Leather_Helm_T2_QA	4	1
1000923	ChestArmor		Douglas Leather Armor T5 QA	Douglas_Leather_Armor_T5_QA	5	1
1000924	ChestArmor		Deerking Leather Armor T4 QA	Deerking_Leather_Armor_T4_QA	5	1
1000925	Gloves		Douglas Leather Gloves T5 QA	Douglas_Leather_Gloves_T5_QA	6	1
1000926	Gloves		Legendary Deer Leather Gloves T4 QA	Legendary_Deer_Leather_Gloves_T4_QA	6	1
1000927	Boots		Bainian Leather Boots T5 QA	Bainian_Leather_Boots_T5_QA	7	1
1000928	Boots		Ludvic Leather Boots T4 QA	Ludvic_Leather_Boots_T4_QA	7	1
1000929	AbyssGear	被封印的阿比斯神器	Sealed Abyss Artifact	Sealed_Abyss_Artifact_0108	65535	2
1000930	AbyssGear	被封印的阿比斯神器	Sealed Abyss Artifact	Sealed_Abyss_Artifact_0109	65535	2
1000931	AbyssGear	被封印的阿比斯神器	Sealed Abyss Artifact	Sealed_Abyss_Artifact_0110	65535	2
1000932	AbyssGear	被封印的阿比斯神器	Sealed Abyss Artifact	Sealed_Abyss_Artifact_0111	65535	2
1000933	AbyssGear	被封印的阿比斯神器	Sealed Abyss Artifact	Sealed_Abyss_Artifact_0112	65535	2
1000934	AbyssGear	被封印的阿比斯神器	Sealed Abyss Artifact	Sealed_Abyss_Artifact_0113	65535	2
1000935	AbyssGear	被封印的阿比斯神器	Sealed Abyss Artifact	Sealed_Abyss_Artifact_0114	65535	2
1000936	AbyssGear	被封印的阿比斯神器	Sealed Abyss Artifact	Sealed_Abyss_Artifact_0115	65535	2
1000937	AbyssGear	被封印的阿比斯神器	Sealed Abyss Artifact	Sealed_Abyss_Artifact_0116	65535	2
1000938	AbyssGear	被封印的阿比斯神器	Sealed Abyss Artifact	Sealed_Abyss_Artifact_0117	65535	2
1000939	AbyssGear	被封印的阿比斯神器	Sealed Abyss Artifact	Sealed_Abyss_Artifact_0118	65535	2
1000940	AbyssGear	被封印的阿比斯神器	Sealed Abyss Artifact	Sealed_Abyss_Artifact_0119	65535	2
1000941	AbyssGear	被封印的阿比斯神器	Sealed Abyss Artifact	Sealed_Abyss_Artifact_0120	65535	2
1000942	AbyssGear	被封印的阿比斯神器	Sealed Abyss Artifact	Sealed_Abyss_Artifact_0121	65535	2
1000943	AbyssGear	被封印的阿比斯神器	Sealed Abyss Artifact	Sealed_Abyss_Artifact_0122	65535	2
1000944	AbyssGear	被封印的阿比斯神器	Sealed Abyss Artifact	Sealed_Abyss_Artifact_0123	65535	2
1000945	AbyssGear	被封印的阿比斯神器	Sealed Abyss Artifact	Sealed_Abyss_Artifact_0124	65535	2
1000946	AbyssGear	被封印的阿比斯神器	Sealed Abyss Artifact	Sealed_Abyss_Artifact_0125	65535	2
1000947	AbyssGear	被封印的阿比斯神器	Sealed Abyss Artifact	Sealed_Abyss_Artifact_0126	65535	2
1000948	AbyssGear	被封印的阿比斯神器	Sealed Abyss Artifact	Sealed_Abyss_Artifact_0127	65535	2
1000949	AbyssGear	被封印的阿比斯神器	Sealed Abyss Artifact	Sealed_Abyss_Artifact_0128	65535	2
1000950	AbyssGear	被封印的阿比斯神器	Sealed Abyss Artifact	Sealed_Abyss_Artifact_0129	65535	2
1000951	AbyssGear	被封印的阿比斯神器	Sealed Abyss Artifact	Sealed_Abyss_Artifact_0130	65535	2
1000952	Misc	破旧的铜币口袋	Paltry Copper Pouch	Very_Small_Copper_Pack	65535	2
1000953	ChestArmor	勇武之步板金盔甲	Valortread Plate Armor	Oongka_PlateArmor_Armor_II	5	1
1000954	Recipe	烹饪：长角汤料理	Recipe: Longhorn Soup	Recipe_DeerAntler_Soup	65535	2
1000955	Misc	阔根藏身之地	Wide Roots Hideout	Visione_Chip_GiantRoots	65535	2
1000956	Recipe	烹饪：特色套餐	Recipe: Fine Meal	Recipe_Surasang_03	65535	2
1000957	TwoHandWeapon	电弧机长枪	Electro-Mecha Spear	Marni_MachineKnight_TwoHandSpear	21	1
1000958	Document	村子里的阴影调查日志	Investigative Log: Shadows in the Village	Book_Investigation_Log	65535	2
1000959	Quest	来自外国的信函	Letter from Abroad	Quest_ByronMyurdin_Letter	65535	2
1000960	Quest	匿名信	Anonymous Letter	Quest_ByronBastier_Letter	65535	2
1000961	Quest	势力招揽进展报告	Alliance Progress Report	Quest_ByronBastier_Letter_1	65535	2
1000962	Quest	马尔塞的书信	Marshell's Letter	Quest_MarchellBastier_Letter	65535	2
1000963	Misc	鲜美的肉	Lean Meat	Meat_I	65535	2
1000964	Misc	大块的肉	Fine Meat	Meat_II	65535	2
1000965	Misc	柔嫩的肉	Tender Meat	Meat_III	65535	2
1000966	Misc	肥美的肉	Marbled Meat	Meat_IV	65535	2
1000967	Tool	巴尔尼亚大祭司权杖	Varnian Priest's Big Staff	PriestWand_Big_III	101	1
1000968	Recipe	烹饪：风味套餐	Recipe: Special Meal	Recipe_Surasang_04	65535	2
1000969	Quest	B的密函	B's Secret Letter	Quest_MarchellByron_Letter	65535	2
1000970	Backpack	电磁干扰器	Disruptor	EMP_BackPack	66	1
1000971	Cloak	牛披风	Cow Cloak	Camouflage_Bull_Cloak	69	1
1000972	Necklace	圣者项链	Saint's Necklace	Optionary_Monk_Necklace	9	1
1000973	Misc	起重机驾驶室的钥匙	Crane Control Room Key	GantryCrane_Big_Key	65535	2
1000974	Food	肉干	Jerky	Jerky_Pieces	65535	2
1000975	Helmet	嘟嘟鸟火箭头盔 - 主要装备	KuKu Rocket Helmet - Equipped by Default	Oongka_Rocket_Helm	11	1
1000976	Recipe	烹饪：果酒	Recipe: Wine	Recipe_Fruit_Wine	65535	2
1000977	Recipe	烹饪：德雷西亚果酒	Recipe: Delesyian Wine	Recipe_High_Wine	65535	2
1000978	ChestArmor	贝尔坎德板金盔甲	Belkandor Plate Armor	Oongka_PlateArmor_Armor_III	5	1
1000979	Misc	高级连衣裙玩偶	Fine Dress Doll	Collection_Prop_Doll_0007	65535	2
1000980	Recipe	飘零的纯白板金鞋子	Fluttering Radiance Plate Boots	CraftingRecipe_Demian_Pure_White_Plate_Boots_II	65535	2
1000981	Cloak	勇武之步板金披风	Valortread Plate Cloak	Oongka_PlateArmor_Cloak_II	69	1
1000982	Cloak	贝尔坎德板金披风	Belkandor Plate Cloak	Oongka_PlateArmor_Cloak_III	69	1
1000983	Recipe	贝尔坎德盔甲制作配方	Belkandor Armor Blueprint	CraftingRecipe_Oongka_PlateArmor_Armor_III	65535	2
1000984	Recipe	贝尔坎德披风制作配方	Belkandor Cloak Blueprint	CraftingRecipe_Oongka_PlateArmor_Cloak_III	65535	2
1000985	Gloves	勇武之步板金手套	Valortread Plate Gloves	Oongka_PlateArmor_Gloves_II	6	1
1000986	Recipe	烹饪：盐烤鱼	Recipe: Salt-Roasted Fish	Recipe_Roast_Fish	65535	2
1000987	Gloves	贝尔坎德板金手套	Belkandor Plate Gloves	Oongka_PlateArmor_Gloves_III	6	1
1000988	Recipe	贝尔坎德手套制作配方	Belkandor Gloves Blueprint	CraftingRecipe_Oongka_PlateArmor_Gloves_III	65535	2
1000989	Misc	贪婪之印 - 金风商会	Seal of Greed - Goldleaf Merchant Guild	Boss_Reward_MerchantKing_GoldleafGuildhouse	65535	2
1000990	Recipe	贝尔坎德鞋子制作配方	Belkandor Boots Blueprint	CraftingRecipe_Oongka_PlateArmor_Boots_III	65535	2
1000991	Misc	满满一份烤鸡蛋	Hearty Smoked Eggs	Baked_Egg_XLarge	65535	2
1000992	Helmet	勇武之步板金头盔	Valortread Plate Helm	Oongka_PlateArmor_Helm_II	4	1
1000993	Helmet	贝尔坎德板金头盔	Belkandor Plate Helm	Oongka_PlateArmor_Helm_III	4	1
1000995	Boots	醉酒黑熊皮制鞋子	Black Bear Leather Boots	Drunk_BlackBears_Leather_Boots	7	1
1000996	Gloves	乌布拉的化身皮制手套	Umbra's Hierophany Leather Gloves	Possesion_Myurdin_Leather_Gloves	6	1
1000997	Misc	生命之果	Fruit of Life	GuardianTree_Pear	65535	2
1000998	ChestArmor	乌布拉的化身皮制盔甲	Umbra's Hierophany Leather Armor	Possesion_Myurdin_Leather_Armor	5	1
1000999	Recipe	贝尔坎德头盔制作配方	Belkandor Helm Blueprint	CraftingRecipe_Oongka_PlateArmor_Helm_III	65535	2
1001000	Gloves	苍穹之缰	Reins of Open Sky	Optionary_NonSlip_Gloves	6	1
1001001	Helmet	拉比伦布制头盔	Ravirun Cloth Helm	Laviren_Fabric_Helm	4	1
1001002	Document	夕阳谷传说集	Tales of Sunset Valley	Book_Hernand_story	65535	2
1001003	Misc	戴安娜豹纹蝶	Diana Fritillary Butterfly	Item_Diana_Fritillary	65535	2
1001004	Misc	红纹蝶	Crimson Patch Butterfly	Item_Crimson_Patch	65535	2
1001005	Misc	白孔雀蝶	White Peacock Butterfly	Item_White_Peacock	65535	2
1001006	Misc	孔雀纹蝶	Banded Peacock Butterfly	Item_Banded_Peacock	65535	2
1001007	Misc	绿帘蝶	Malachite Butterfly	Item_Malachite	65535	2
1001008	Misc	埃帕福斯四足蝶	Rusty Tipped Page Butterfly	Item_Rusty_Tipped_Page	65535	2
1001009	Gloves	科技手套	Tech Gloves	Gadget_Gloves	6	1
1001010	Quest	悬赏通缉令 - 西蒙·德·蒙福尔	Bounty Notice - Simon de Montfort	Quest_WantedPaper_0001	65535	2
1001011	Quest	悬赏通缉令 - 乌尔佐克	Bounty Notice - Ulzok	Quest_WantedPaper_0002	65535	2
1001012	Quest	悬赏通缉令 - 哈尔丁	Bounty Notice - Haldin	Quest_WantedPaper_0003	65535	2
1001013	Quest	悬赏通缉令 - 阿莱西奥	Bounty Notice - Alessio	Quest_WantedPaper_0004	65535	2
1001014	Quest	悬赏通缉令 - 布里克斯	Bounty Notice - Blix	Quest_WantedPaper_0005	65535	2
1001015	Quest	悬赏通缉令 - 维安卡	Bounty Notice - Bianca	Quest_WantedPaper_0006	65535	2
1001016	Quest	悬赏通缉令 - 萨尔瓦托雷	Bounty Notice - Salvatore	Quest_WantedPaper_0007	65535	2
1001017	Quest	悬赏通缉令 - 丹特	Bounty Notice - Dante	Quest_WantedPaper_0008	65535	2
1001018	Quest	悬赏通缉令 - 沃伦	Bounty Notice - Warren	Quest_WantedPaper_0009	65535	2
1001019	OneHandWeapon	碎骨锯刃	Savage Sawblade	Gias_OneHandSword	0	1
1001020	Quest	悬赏通缉令 - 格鲁尔	Bounty Notice - Grull	Quest_WantedPaper_0011	65535	2
1001021	Quest	悬赏通缉令 - 帕布里奇奥	Bounty Notice - Fabrizio	Quest_WantedPaper_0012	65535	2
1001022	Quest	悬赏通缉令 - 格鲁塔尔	Bounty Notice - Garth	Quest_WantedPaper_0013	65535	2
1001023	Quest	悬赏通缉令 - 塞勒涅	Bounty Notice - Selene	Quest_WantedPaper_0014	65535	2
1001024	Quest	悬赏通缉令 - 希兹尔	Bounty Notice - Cecil	Quest_WantedPaper_0015	65535	2
1001025	Quest	悬赏通缉令 - 布勒特	Bounty Notice - Blair	Quest_WantedPaper_0016	65535	2
1001026	Quest	悬赏通缉令 - 博格尔	Bounty Notice - Bo	Quest_WantedPaper_0017	65535	2
1001027	Shield	金轮盾牌	Golden Kerria Shield	Damian_OneHandShield_VIII	2	1
1001028	Quest	悬赏通缉令 - 乌尔加	Bounty Notice - Ursula	Quest_WantedPaper_0019	65535	2
1001029	Quest	悬赏通缉令 - 赫尔娅	Bounty Notice - Helia	Quest_WantedPaper_0020	65535	2
1001030	Quest	悬赏通缉令 - 艾拉拉	Bounty Notice - Elara	Quest_WantedPaper_0021	65535	2
1001031	Quest	悬赏通缉令 - 斯鲁戈尔	Bounty Notice - Sigor	Quest_WantedPaper_0022	65535	2
1001032	Quest	悬赏通缉令 - 杜林	Bounty Notice - Duran	Quest_WantedPaper_0023	65535	2
1001033	Quest	悬赏通缉令 - 博尔扎克	Bounty Notice - Borzak	Quest_WantedPaper_0024	65535	2
1001034	Quest	悬赏通缉令 - 乔瓦尼	Bounty Notice - Giovanni	Quest_WantedPaper_0025	65535	2
1001035	Quest	悬赏通缉令 - 摩尔加	Bounty Notice - Morga	Quest_WantedPaper_0026	65535	2
1001036	Quest	悬赏通缉令 - 里尔辛德	Bounty Notice - Lilith	Quest_WantedPaper_0027	65535	2
1001037	Quest	悬赏通缉令 - 兹莉拉	Bounty Notice - Zelia	Quest_WantedPaper_0028	65535	2
1001038	Quest	悬赏通缉令 - 塔尔格里姆	Bounty Notice - Talgrim	Quest_WantedPaper_0029	65535	2
1001039	OneHandWeapon	西奥尔手炮	Sior Blaster	Legendary_Abyss_OneHandCannon	37	1
1001040	Quest	悬赏通缉令 - 托尔芬	Bounty Notice - Torfinn	Quest_WantedPaper_0031	65535	2
1001041	Quest	悬赏通缉令 - 西格里德	Bounty Notice - Sigrid	Quest_WantedPaper_0032	65535	2
1001042	Quest	悬赏通缉令 - 斯勒克	Bounty Notice - Throk	Quest_WantedPaper_0033	65535	2
1001043	Quest	悬赏通缉令 - 罗尔夫	Bounty Notice - Rolf	Quest_WantedPaper_0034	65535	2
1001044	Quest	悬赏通缉令 - 乌尔夫	Bounty Notice - Wolfe	Quest_WantedPaper_0035	65535	2
1001045	Quest	悬赏通缉令 - 埃伊拉	Bounty Notice - Aera	Quest_WantedPaper_0036	65535	2
1001046	Quest	悬赏通缉令 - 克伦克	Bounty Notice - Kronk	Quest_WantedPaper_0037	65535	2
1001047	Quest	悬赏通缉令 - 伊瓦尔	Bounty Notice - Ivar	Quest_WantedPaper_0038	65535	2
1001048	Quest	悬赏通缉令 - 斯内格尔	Bounty Notice - Snaggle	Quest_WantedPaper_0039	65535	2
1001049	Quest	悬赏通缉令 - 斯尼拉	Bounty Notice - Sienna	Quest_WantedPaper_0040	65535	2
1001050	Quest	悬赏通缉令 - 克里扎尔	Bounty Notice - Caesar	Quest_WantedPaper_0041	65535	2
1001051	Quest	悬赏通缉令 - 巴里克	Bounty Notice - Barrick	Quest_WantedPaper_0042	65535	2
1001052	Quest	悬赏通缉令 - 西格伦	Bounty Notice - Sigrun	Quest_WantedPaper_0043	65535	2
1001053	Quest	悬赏通缉令 - 塔里克	Bounty Notice - Tarik	Quest_WantedPaper_0044	65535	2
1001054	Quest	悬赏通缉令 - 扎希尔	Bounty Notice - Zahir	Quest_WantedPaper_0045	65535	2
1001055	OneHandWeapon	赤针	Red Needle	Magnet_OneHandSword	0	1
1001056	Quest	悬赏通缉令 - 娜比拉	Bounty Notice - Nabila	Quest_WantedPaper_0047	65535	2
1001057	Quest	悬赏通缉令 - 布罗加尔	Bounty Notice - Brogar	Quest_WantedPaper_0048	65535	2
1001058	Quest	悬赏通缉令 - 巴尔卡	Bounty Notice - Varka	Quest_WantedPaper_0049	65535	2
1001059	Quest	悬赏通缉令 - 哈基姆	Bounty Notice - Hakim	Quest_WantedPaper_0050	65535	2
1001060	Recipe	烹饪：高级套餐	Recipe: Meal	Recipe_Surasang_05	65535	2
1001061	Cloak	闪耀箭头布制披风	Blinding Arrow Cloth Cloak	Light_Arrowhead_Fabric_Cloak_I	69	1
1001062	TwoHandWeapon	电弧机剑	Electro-Mecha Longsword	Marni_MachineKnight_TwoHandSword	17	1
1001063	OneHandWeapon	盐路单手钝器	Saltroad Mace	Goorba_OneHandMace	19	1
1001064	Shield	光辉之盾	Shield of Radiance	Damian_OneHandShield_VII	2	1
1001065	Misc	小红蝶	Painted Lady Butterfly	Item_Painted_Lady	65535	2
1001066	Misc	吉安的日志	Jian's Journal	Ziane_Diary	65535	2
1001067	AbyssGear	连击	Relentless	Item_Skill_AbyssGear_Combo_LV1	65535	2
1001068	VehicleGear	A.T.A.G.推进器 Mk III	A.T.A.G. Thrusterpack Mk III	WarRobot_Backpack_03	81	1
1001069	Backpack	松茸背囊	Pine Mushroom Pack	Songyi_Mushroom_BackPacK	66	1
1001070	HorseGear	德尔马尔马鞍	Delmar Saddle	Delmar_HorseArmor_Saddle	62	1
1001071	Shield		TestShield	TestShield	1	1
1001072	ChestArmor		Testarmor	Testarmor	5	1
1001073	Shield	扭曲的荆棘	Twisted Thorns	Desert_Abyss_Wraith_OneHandShield	1	1
1001074	Misc	被遗弃在森林中的船锚	Abandoned Anchor	Visione_Chip_AnchorForest	65535	2
1001075	Misc	破损的风车叶片	Broken Windmill Blade	Visione_Chip_BrokenWindmill	65535	2
1001076	Misc	地下监狱	Dungeon	Visione_Chip_Dungeon	65535	2
1001077	Recipe	烹饪：海鲜汤料理	Recipe: Seafood Soup	Recipe_Seafood_Soup	65535	2
1001078	Misc	桥下居住者	Someone Living Under a Bridge	Visione_Chip_HumanUnderBridge	65535	2
1001079	Misc	福罗林洞窟	Pororin Cave	Visione_Chip_PororinCave	65535	2
1001080	Misc	屋顶被掀飞的房屋	Roofless House	Visione_Chip_Roofless	65535	2
1001081	Material	荒凉的巨石祭坛	Desolate Monolith Altar	Visione_Chip_StoneAltar	65535	2
1001082	Helmet	帕尔斯泰普布制头盔	Falstaff Cloth Helm	Falstaff_Fabric_Helm	4	1
1001083	TwoHandWeapon	受损的卡尔佩德中型旗帜	Damaged Medium Calphadean Banner Pike	Shield_Flag_IV	23	1
1001084	TwoHandWeapon	贝路亚海盗团小型旗帜	Small Vellua Pirates Banner Pike	Storm_Cliff_Flag_I	23	1
1001085	Backpack	香菇背囊	Oakwood Mushroom Pack	Pyogo_Mushroom_BackPack	66	1
1001086	Backpack	珊瑚菇背囊	Coral Mushroom Pack	Ssari_Mushroom_BackPack	66	1
1001087	ChestArmor	原教旨主义者哥布林布制盔甲	Fundamentalist Goblin Cloth Armor	Regglin_Fabric_Armor_MiddleBoss_I	5	1
1001088	TwoHandWeapon	卡利班小型旗帜	Small Caliburn's Banner Pike	Caliburn_Flag_I	23	1
1001089	Misc	动物园的狗洞	Wildlife Park Passageway	Visione_Chip_ZooHole	65535	2
1001090	Misc	冒险者食物背包 D型	Adventurer's Cooking Inventory Type D	Item_Set_D_RestArea	65535	2
1001091	Material	深渊融合物	Abyssal Fusion	Dragon_Armor_Material	65535	2
1001092	Misc	开花仙人掌盆栽	Flower-Decorated Cactus Pot	Collection_Prop_FlowerPot_0029	65535	2
1001093	Misc	紫色仙人掌盆栽	Purple Cactus Pot	Collection_Prop_FlowerPot_0023	65535	2
1001094	VehicleGear	A.T.A.G.手套 Mk II	A.T.A.G. Plating Mk II	WarRobot_Body_02	80	1
1001095	VehicleGear	A.T.A.G.推进器 Mk II	A.T.A.G. Thrusterpack Mk II	WarRobot_Backpack_02	81	1
1001096	VehicleGear	A.T.A.G.足部 Mk II	A.T.A.G. Boots Mk II	WarRobot_Foot_02	82	1
1001097	Necklace	超现实项链	Surreal Necklace	Abyss_Surreal_Wolf_Necklace	9	1
1001098	HorseGear	塞尔巴诺马鞍	Servano Saddle	Servano_HorseArmor_Saddle	62	1
1001099	Necklace	巴朗汀项链	Varantin Necklace	Varantine_Necklace	9	1
1001100	Necklace	塔里布项链	Tarivian Necklace	Tarif_Necklace	9	1
1001101	Necklace	生命岔路项链	Crossroads Necklace	Ludvic_Necklace	9	1
1001102	Recipe	毒箭制作方法	Poison Arrow Blueprint	Recipe_Book_Posion_Aroww	65535	2
1001103	Necklace	黑布林项链	Helfryn Necklace	Hailbrin_Necklace	9	1
1001104	Necklace	红色守卫项链	Crimson Warden's Necklace	Redsentinel_Necklace	9	1
1001105	Helmet	豺狗帽	Jackals' Leather Helm	Jackal_Leather_Helm_II	4	1
1001106	Necklace		TestNeck 1 1	TestNeck_1_1	9	1
1001107	Necklace		TestNeck 1 2	TestNeck_1_2	9	1
1001108	Necklace		TestNeck 2 1	TestNeck_2_1	9	1
1001109	Necklace		TestNeck 2 2	TestNeck_2_2	9	1
1001110	Necklace		TestNeck 3 1	TestNeck_3_1	9	1
1001111	Necklace		TestNeck 3 2	TestNeck_3_2	9	1
1001112	Necklace		TestNeck 4 1	TestNeck_4_1	9	1
1001113	Necklace		TestNeck 4 2	TestNeck_4_2	9	1
1001114	Necklace		TestNeck 5 1	TestNeck_5_1	9	1
1001115	Necklace		TestNeck 5 2	TestNeck_5_2	9	1
1001116	Necklace		TestNeck 5 3	TestNeck_5_3	9	1
1001117	Misc	羊毛	Fleece	Wool	65535	2
1001118	Ring	埃尔南德之印	Hernandian Signet	Hernand_Nobility_Degree_I	10	1
1001119	HeadAccessory	埃尔南德王冠	Hernandian Crown	Hernand_Crown	71	1
1001120	Cloak	埃尔南德高级披风	Hernandian Noble's Cloak	Hernand_Cloak	69	1
1001121	Misc	花篮	Flower Basket	Collection_Prop_FlowerPot_0002	65535	2
1001122	Misc	雏菊花篮	Daisy Flower Basket	Collection_Prop_FlowerPot_0003	65535	2
1001123	HeadAccessory	德梅尼斯王冠	Demenissian Crown	Demeniss_Crown	71	1
1001124	Cloak	德梅尼斯高级披风	Demenissian Noble's Cloak	Demeniss_Cloak	69	1
1001125	HeadAccessory	德雷西亚王冠	Delesyian Crown	Delesyian_Crown	71	1
1001126	Cloak	德雷西亚高级披风	Delesyian Noble's Cloak	Delesyian_Cloak	69	1
1001127	HeadAccessory	巴尔尼亚王冠	Varnian Crown	Varnia_Crown	71	1
1001128	Cloak	巴尔尼亚高级披风	Varnian Noble's Cloak	Varnia_Cloak	69	1
1001129	Bracelet	法则手镯	Axiom Bracelet	Daeil_Band	70	1
1001130	Recipe	烹饪：炖海鲜	Recipe: Steamed Seafood	Recipe_Haemuljjim	65535	2
1001131	Cloak	秋日森林礼服布制披风	Autumn Banquet Cloth Cloak	Demian_Fabric_Cloak_III	69	1
1001132	Misc	黄菖蒲花篮	Yellow Blue-Eyed Grass Basket	Collection_Prop_FlowerPot_0004	65535	2
1001133	Cloak	王国正式骑士布制披风	Official Knight's Cloth Cloak	Demian_Fabric_Cloak_IV	69	1
1001134	Misc	蝎子	Scorpion	scorpion	65535	2
1001135	Misc	蜈蚣	Centipede	centipede	65535	2
1001136	OneHandWeapon	野心之锤	Mace of Ambition	Bastion_OneHandMace	19	1
1001137	Helmet	谢因的布制头盔	Shane's Cloth Headband	Greyfur_Fabric_Helm_IV	4	1
1001138	Quest	悬赏通缉令 - 里纳尔多	Bounty Notice - Rinaldo	Quest_WantedPaper_0052	65535	2
1001139	Misc	石榴种子	Pomegranate Seed	Pomegranate_Seed	65535	2
1001140	Misc	无花果种子	Fig Seed	Figs_Seed	65535	2
1001141	ChestArmor	巴德尔的布制盔甲	Balder's Cloth Armor	Greyfur_Fabric_Armor	5	1
1001142	ChestArmor	马蒂尔达的布制盔甲	Matilda's Cloth Armor	Greyfur_Fabric_Armor_I	5	1
1001143	ChestArmor	德班的布制盔甲	Devan's Cloth Armor	Greyfur_Fabric_Armor_III	5	1
1001144	ChestArmor	泰瑞的布制盔甲	Terry's Cloth Armor	Greyfur_Fabric_Armor_IV	5	1
1001145	Boots	苍穹马镫	Stirrups of the Open Sky	Optionary_NonSlip_Boots	7	1
1001146	OneHandWeapon	橡子单手钝器	Acorn Mace	Cecilia_Kokes_OneHandMace	19	1
1001147	Shield	灰狼木盾	Grey Wolf Wooden Shield	Wood_OneHandShield	1	1
1001148	OneHandWeapon	神木之刺	The Grove's Thorn	Turden_OneHandMace	19	1
1001149	OneHandWeapon	欧德克硬木单手钝器	Odeck Wooden Club Mace	Archsyan_OneHandMace	19	1
1001150	OneHandWeapon	森魂噬者	Savage Woodland Spirit Killer	Pailoon_OneHandMace	19	1
1001151	Document	日志本	Journal	Book_Beighen_Diary	65535	2
1001152	OneHandWeapon	空气手持火炮	Air Blaster	Air_OneHandCannon	37	1
1001153	Misc	汤锅	Pot	Collection_Prop_Tool_0002	65535	2
1001154	Misc	毒蛙	Poison Frog	frog	65535	2
1001155	Misc	树蛙	Tree Frog	greenfrog	65535	2
1001156	Misc	蟾蜍	Toad	toad	65535	2
1001157	Misc	洞穴蟾蜍	Burrowing Toad	burrowingtoad	65535	2
1001158	Misc	丰盛的烤鸡蛋	Satisfying Smoked Eggs	Baked_Egg_Large	65535	2
1001159	Misc	大份的烤鸡蛋	Filling Smoked Eggs	Baked_Egg_Medium	65535	2
1001160	Food	满满一份烤肉	Hearty Grilled Meat	Grilled_Meat_XLarge	65535	2
1001161	Food	丰盛的烤肉	Satisfying Grilled Meat	Grilled_Meat_Large	65535	2
1001162	Document	关于知识头盔的故事	The Knowledge Helm	Book_ScholarLibrary_Knowledge_Knowledge_PlateArmor_Helm	65535	2
1001163	TwoHandWeapon	闪电长枪	Lightning Spear	Lightning_TwoHandSpear	21	1
1001164	ChestArmor	莱恩的布制盔甲	Ryan's Cloth Armor	Greyfur_Fabric_Armor_V	5	1
1001165	Food	大份的烤肉	Filling Grilled Meat	Grilled_Meat_Medium	65535	2
1001166	Ring	灰鬃之印	Greymane Signet	Greymane_Nobility_Degree_I	10	1
1001167	Ring	德梅尼斯之印	Demenissian Signet	Demeniss_Nobility_Degree_I	10	1
1001168	Ring	德雷西亚之印	Delesyian Signet	Delesyian_Nobility_Degree_I	10	1
1001169	ChestArmor	沙漠掠夺者板金盔甲	Desert Marauder's Plate Armor	Desert_Harrier_PlateArmor_Armor_III	5	1
1001170	Trade	黄金剑	Golden Sword	Trade_Golden_Sword_Unpack	65535	2
1001171	ChestArmor	拉斯的布制盔甲	Lars's Cloth Armor	Greyfur_Fabric_Armor_VI	5	1
1001172	Helmet	威尔斯叛军板金头盔	Turncoat Plate Helm	Redknight_PlateArmor_Helm_II	4	1
1001173	Misc	桃子种子	Peach Seed	Peach_Seed	65535	2
1001174	ChestArmor	鹿王追随者皮制盔甲	Staglord Acolyte's Leather Armor	Deer_King_Follower_Leather_Armor_V	5	1
1001175	Misc	纯白色染料	Pure White Dye	Collection_Prop_Dyewater_Grey_0001	65535	2
1001176	Misc	女巫的仓库钥匙	Witch's Storehouse Key	WitchWarehouse_Key	65535	2
1001177	ChestArmor	火枪要塞边境守备队制式盔甲	Musket Border Guard Standard Armor	Hymns_of_Dusk_Fabric_Armor_I	5	1
1001178	ChestArmor	吟唱黄昏皮制盔甲	Dusksongs Leather Armor	Hymns_of_Dusk_Leather_Armor_I	5	1
1001179	Boots	吟唱黄昏皮制鞋子	Dusksongs Leather Boots	Hymns_of_Dusk_Leather_Boots_I	7	1
1001180	ChestArmor	吟唱黄昏板金盔甲	Dusksongs Plate Armor	Hymns_of_Dusk_PlateArmor_Armor_I	5	1
1001181	Gloves	吟唱黄昏板金手套	Dusksongs Plate Gloves	Hymns_of_Dusk_PlateArmor_Gloves_I	6	1
1001182	Necklace	风雨项链	Rainstorm Necklace	WeatherWeaver_Necklace	9	1
1001183	TwoHandWeapon	激光炮长枪	Laser Cannon Spear	YamatoCannon_TwoHandSpear	21	1
1001184	Helmet	六点钟信使	Herald of Six O'Clock	Chicken_Helm	4	1
1001185	Backpack	监视者背囊	Watcher Pack	Watcher_BackPack	66	1
1001186	AbyssGear	被封印的阿比斯神器	Sealed Abyss Artifact	Sealed_Abyss_Artifact_0026	65535	2
1001187	Misc	芦笋	Asparagus	Asparagus	65535	2
1001188	TwoHandWeapon	噬魂枪	Soul Spear	Soul_TwoHandSpear	21	1
1001189	Misc	芦苇恶魔的玩偶	Devil of the Reed Field's Doll	ReedDevil_Doll	65535	2
1001190	Misc	山葱	Wild Garlic	Victorialis	65535	2
1001191	Boots	火焰步履鞋子	Fire Walk Boots	Fire_Boots	7	1
1001192	Shield	风力盾牌	Gale Shield	Wind_Power_OneHandShield	1	1
1001193	TwoHandWeapon	风力长枪	Propeller Spear	Wind_TwoHandSpear	21	1
1001194	Misc	繁荣的记忆	Memories of Prosperity	Puzzle_Reward_TreasureMap_Dem_First	65535	2
1001195	ChestArmor	原教旨主义者哥布林布制盔甲	Fundamentalist Goblin Cloth Armor	Regglin_Fabric_Armor_MiddleBoss_II	5	1
1001196	Tool	魔法镰刀	Magic Scythe	Equip_Magic_Scythe	91	1
1001197	Quest	星之塔的钥匙	Spire of the Stars Key	Quest_TrolluniversityTower_Key	65535	2
1001198	Misc	蝼蛄	Camel Cricket	Item_Camel_Cricket	65535	2
1001199	Boots	撼地之靴	Giant's Boots	Colossus_Boots	7	1
1001200	TwoHandWeapon	巫师法杖	Sorcerer's Staff	Tartis_TwoHandSpear	21	1
1001201	TwoHandWeapon	古树长杆	Ancient Wood Pole	Troom_TwoHandSpear	21	1
1001202	TwoHandWeapon	安图布拉之眼	Antumbra's Eye	Legendary_Antumbra_TwoHandedWarHammer	20	1
1001203	TwoHandWeapon	黑暗崇拜者的法杖	Dark Worshiper's Staff	Pietisus_TwoHandedWarHammer	20	1
1001204	TwoHandWeapon	仪式战锤	Ceremonial Warhammer	Deshret_Ceremonial_TwoHandedWarHammer	20	1
1001205	TwoHandWeapon	影叶魂枝	Shadowleaf Soul Branch	ForestFairy_TwoHandedWarHammer	20	1
1001206	Misc	黄金镜子	Gilded Mirror	Collection_Prop_Tool_0003	65535	2
1001207	TwoHandWeapon	乌鸦引路者	Crow Whisperer	WhiteCrow_Witch_TwoHandedWarHammer	20	1
1001208	TwoHandWeapon	往昔的遗忘	Oblivion of the Past	Mask_Liberator_TwoHandedWarHammer	20	1
1001209	TwoHandWeapon	巫师法杖	Shaman's Staff	Shaman_TwoHandedWarHammer	20	1
1001210	OneHandWeapon	贪欲之刃	Sword of Greed	GoldArmor_OneHandSword	0	1
1001211	Shield	黑太阳	Black Sun	Bastion_OneHandShield	1	1
1001212	TwoHandWeapon	电磁干扰长枪	Disruptor Spear	EMP_TwoHandSpear	21	1
1001213	Food	炖鱼	Braised Fish	Braised_Fish	65535	2
1001214	Food	鱼肉粥	Fish Porridge	Fish_Porridge	65535	2
1001215	Food	蛋衣烤鱼	Battered Fish	Pan_fried_Fish_Pancake	65535	2
1001216	Food	腌蔬菜	Pickled Vegetables	Braised_Vegetable	65535	2
1001217	Food	蔬菜粥	Vegetable Porridge	Vegetable_Porridge	65535	2
1001218	Food	蛋衣烤蔬菜	Battered Vegetables	Pan_fried_Vegetable_Pancake	65535	2
1001219	Food	颗粒果肉饮料	Fruit Punch	Fruit_Porridge	65535	2
1001220	Food	糖渍水果	Pickled Fruit	Pan_fried_Fruit_Pancake	65535	2
1001221	Food	蛋衣烤谷物	Battered Grains	Pan_fried_Grain_Pancake	65535	2
1001222	Food	鱼肉烤串	Meat and Fish Skewers	Meat_Fish_Sanjeok	65535	2
1001223	Food	炖鱼肉	Braised Meat and Fish	Braised_Meat_Fish	65535	2
1001224	Food	鱼肉谷物粥	Meat and Fish Porridge	Meat_Fish_Porridge	65535	2
1001225	Food	蛋衣烤鱼肉	Battered Meat and Fish	Pan_fried_Meat_Fish_Pancake	65535	2
1001226	Food	红烧排骨	Braised Ribs	Braised_Meat_Vegetable	65535	2
1001227	Food	蔬菜肉粥	Meat and Vegetable Porridge	Meat_Vegetable_Porridge	65535	2
1001228	Food	鸡蛋羹	Steamed Eggs	Pan_fried_Meat_Vegetable_Pancake	65535	2
1001229	Food	调味炒肉	Pan-Fried Marinated Meat	Meat_Fruit_Porridge	65535	2
1001230	Food	调味炖肉	Marinated Meat	Pan_fried_Meat_Fruit_Pancake	65535	2
1001231	Misc	蚰蜒	House Centipede	Item_House_Centipede	65535	2
1001232	Quest	悬赏通缉令 - 杰弗里	Bounty Notice - Jeffrey	Quest_WantedPaper_0059	65535	2
1001233	Misc	黑蜈蚣	Black Centipede	Item_Black_Centipede	65535	2
1001234	Backpack	福罗林戴尔鲜花炸弹背囊	Florindale Flower Bomb Pack	Flolin_BackPack_FlowerDrone_I	66	1
1001235	Misc	西红柿种子	Tomato Seed	Tomato_Seed	65535	2
1001236	Helmet	生命探测装置	Health Detection Device	Scouter_HP_PlateArmor_Helm	4	1
1001237	Misc	田野蝴蝶	Meadow Butterfly	Item_Butterfly	65535	2
1001238	Misc	苍蝇	Fruit Fly	Item_Gnat	65535	2
1001239	Misc	蟑螂	Cockroach	Item_Cockroach	65535	2
1001240	Trade	营地口粮	Camp Food	Trade_Camp_Food	65535	2
1001241	Food	稻田鱼	Ricefish	Food_Ricefish	65535	2
1001242	Food	淡水蟹	Freshwater Crab	Food_river_Crab	65535	2
1001243	Misc	海蟑螂	Wharf Roach	Item_Sea_Siater	65535	2
1001244	Misc	飞蛾	Mountain Moth	Item_Moth	65535	2
1001245	Misc	蜻蜓	Dragonfly	Item_dragonfly	65535	2
1001246	Shield	黄金盾牌	Golden Shield	Gold_Armor_OneHandShield	1	1
1001247	Misc	葡萄种子	Grape Seed	grape_Seed	65535	2
1001248	Misc	枪炮兵器箱	Firearms Box	Collection_Prop_WeaponBox_0001	65535	2
1001249	Quest	书	Book	Quest_Book_Mansion_I	65535	2
1001250	Gloves	大盗手套	Great Thief's Gloves	ThiefGloves	6	1
1001251	TwoHandWeapon	铋元素长枪	Bismuth Spear	Bismuth_TwoHandSpear	21	1
1001252	Misc	黄金鹅蛋	Golden Goose Egg	GoldenGoose_Egg	65535	2
1001253	Misc	森林蝴蝶	Commander Butterfly	Item_Viceroy	65535	2
1001254	Misc	帝王蝶	Monarch Butterfly	Item_Monarch	65535	2
1001255	Quest	情报员的第一封信	Informant's First Letter	Quest_Bloodcoronation_CampDocument_I	65535	2
1001256	ChestArmor	卢塞兰的布制盔甲	Luther's Cloth Armor	Greyfur_Fabric_Armor_VII	5	1
1001257	Gloves		Socket Test Gloves	Socket_Test_Gloves	6	1
1001258	Helmet	鲶鱼板金头盔	Catfish Plate Helm	Catfish_Helm	4	1
1001259	Cloak	白色腥风布制披风	White Bloodwind Cloth Cloak	Demian_Fabric_Cloak_II	69	1
1001260	Misc	浅灰色染料	Bright Grey Dye	Collection_Prop_Dyewater_Grey_0002	65535	2
1001261	ChestArmor	科尔顿的布制盔甲	Colton's Cloth Armor	Greyfur_Fabric_Armor_VIII	5	1
1001262	ChestArmor	法尔斯塔夫的布制盔甲	Falstaff's Cloth Armor	Greyfur_Fabric_Armor_IX	5	1
1001263	ChestArmor	阿诺德的布制盔甲	Arnold's Cloth Armor	Greyfur_Fabric_Armor_X	5	1
1001264	ChestArmor	洛库斯的布制盔甲	Lucius's Cloth Armor	Greyfur_Fabric_Armor_XI	5	1
1001265	ChestArmor	邓肯的布制盔甲	Duncan's Cloth Armor	Greyfur_Fabric_Armor_XII	5	1
1001266	ChestArmor	安德斯的布制盔甲	Anders's Cloth Armor	Greyfur_Fabric_Armor_XX	5	1
1001267	ChestArmor	弗雷德的布制盔甲	Fred's Cloth Armor	Greyfur_Fabric_Armor_XXX	5	1
1001268	ChestArmor	瓦伊伯特的布制盔甲	Wybert's Cloth Armor	Greyfur_Fabric_Armor_XL	5	1
1001269	ChestArmor	布雷南的布制盔甲	Brennan's Cloth Armor	Greyfur_Fabric_Armor_L	5	1
1001270	ChestArmor	尼尔的布制盔甲	Niall's Cloth Armor	Greyfur_Fabric_Armor_LX	5	1
1001271	ChestArmor	卢克的布制盔甲	Luke's Cloth Armor	Greyfur_Fabric_Armor_LXX	5	1
1001272	ChestArmor	贝尔农的布制盔甲	Vernon's Cloth Armor	Greyfur_Fabric_Armor_LXXX	5	1
1001273	ChestArmor	萨维尔的布制盔甲	Xavier's Cloth Armor	Greyfur_Fabric_Armor_XC	5	1
1001274	ChestArmor	罗纳德的布制盔甲	Ronald's Cloth Armor	Greyfur_Fabric_Armor_C	5	1
1001275	ChestArmor	弗里茨的布制盔甲	Fritz's Cloth Armor	Greyfur_Fabric_Armor_D	5	1
1001276	ChestArmor	奥托的布制盔甲	Otto's Cloth Armor	Greyfur_Fabric_Armor_M	5	1
1001277	ChestArmor	吉安的布制盔甲	Jian's Cloth Armor	Greyfur_Fabric_Armor_MI	5	1
1001278	ChestArmor	马里乌斯的布制盔甲	Marius's Cloth Armor	Greyfur_Fabric_Armor_MII	5	1
1001279	Gloves	灰鬃布制手套	Greymane Cloth Gloves	Greyfur_Fabric_Gloves	6	1
1001280	Helmet	科尔顿的布制头盔	Colton's Cloth Helm	Greyfur_Fabric_Helm	4	1
1001281	Helmet	阿诺德的布制头盔	Arnold's Cloth Helm	Greyfur_Fabric_Helm_I	4	1
1001282	Helmet	瓦伊伯特的布制头盔	Wybert's Cloth Helm	Greyfur_Fabric_Helm_II	4	1
1001283	Helmet	弗里茨的布制头盔	Fritz's Cloth Helm	Greyfur_Fabric_Helm_III	4	1
1001284	ChestArmor	毛罗的皮制盔甲	Morrow's Leather Armor	Greyfur_Leather_Armor_V	5	1
1001285	ChestArmor	洛伦特的皮制盔甲	Laurent's Leather Armor	Greyfur_Leather_Armor_VI	5	1
1001286	ChestArmor	布兰特的皮制盔甲	Brant's Leather Armor	Greyfur_Leather_Armor_VII	5	1
1001287	ChestArmor	约瑟夫的皮制盔甲	Joseph's Leather Armor	Greyfur_Leather_Armor_VIII	5	1
1001288	ChestArmor	吉尔伯特的皮制盔甲	Gilbert's Leather Armor	Greyfur_Leather_Armor_IX	5	1
1001289	ChestArmor	麦克斯的皮制盔甲	Max's Leather Armor	Greyfur_Leather_Armor_X	5	1
1001290	ChestArmor	斯尔万的皮制盔甲	Silvan's Leather Armor	Greyfur_Leather_Armor_XI	5	1
1001291	Document	神秘的陶罐制作委托书	Mysterious Pot Crafting Contract	Paper_Kuku_Pot	65535	2
1001292	Misc	萤火虫	Firefly	Item_Firefly	65535	2
1001293	Food	黄金腔棘鱼	Golden Coelacanth	Food_Golden_Coelacanth	65535	2
1001294	OneHandWeapon	采石手钻	Mining Knuckledrill	Mining_Drill	30	1
1001295	OneHandWeapon	狼牙	Wolf's Fang	Ziane_OneHandSword	0	1
1001296	Boots	窃贼的皮制鞋子	Pillager's Leather Boots	Robbery_Boots	7	1
1001297	Misc	红色香料碗	Red Spice Bowl	Collection_Prop_Bowl_0016	65535	2
1001298	Misc	变色龙	Chameleon	Item_Chameleon	65535	2
1001299	Boots	嘟嘟鸟风之特技鞋子	Kuku Breeze-Step Boots	JumpUp_Boots	7	1
1001300	Gloves	强弓手套	Strongbow Gloves	PowerDraw_Gloves	6	1
1001301	Gloves		MastKey Gloves	MastKey_Gloves	6	1
1001302	Quest	情报员的第二封信	Informant's Second Letter	Quest_Bloodcoronation_CampDocument_II	65535	2
1001303	Quest	情报员的第三封信	Informant's Third Letter	Quest_Bloodcoronation_CampDocument_III	65535	2
1001304	Quest	马戏团邀请函	Circus Invitation	Quest_Paper_Circus3	65535	2
1001305	Shield	霰弹盾牌	Shotgun Shield	Gun_OneHandShield	1	1
1001306	ChestArmor	皮尔斯的皮制盔甲	Pierce's Leather Armor	Greyfur_Leather_Armor_XII	5	1
1001307	Misc	止静金龟子	Palmar Beetle	Item_JijeongLeaf_Insect	65535	2
1001308	Misc	银灰色染料	Silver Grey Dye	Collection_Prop_Dyewater_Grey_0003	65535	2
1001309	Quest	刻着图案的石头	Engraved Stone	Quest_TrollCube_I	65535	2
1001310	Quest	刻着图案的石头	Engraved Stone	Quest_TrollCube_III	65535	2
1001311	Quest	刻着图案的石头	Engraved Stone	Quest_TrollCube_IV	65535	2
1001312	Misc	蜘蛛	Spider	Spider	65535	2
1001313	ChestArmor	凯洛克的破旧布制盔甲	Kailok's Cloth Armor	Kailok_Fabric_Armor	5	1
1001314	Ammo	寒气箭	Chill Arrow	Ice_Arrow	65535	2
1001315	Ammo	电击箭	Blitz Arrow	Lightning_Arrow	65535	2
1001316	Ammo	火焰箭	Fire Arrow	Fire_Arrow	65535	2
1001317	ChestArmor	埃贝林的皮制盔甲	Evelyn's Leather Armor	Greyfur_Leather_Armor_XX	5	1
1001318	ChestArmor	安德鲁的皮制盔甲	Andrew's Leather Armor	Greyfur_Leather_Armor_XXX	5	1
1001319	Quest	雷特的告示	Rhett's Poster	Quest_Paper_Her_Rhett	65535	2
1001320	OneHandWeapon	霰弹	Buckshot Bullet	Shotgun_Bullet	65535	2
1001321	Ammo	爆炸箭	Explosive Arrow	Bomb_Arrow	65535	2
1001322	Gloves	博尔柯皮制手套	Vulker Leather Gloves	Volcker_Leather_Gloves	6	1
1001323	Misc	中型苍蝇	Medium Fly	Item_GnatWide	65535	2
1001324	Misc	中灰色染料	Medium Grey Dye	Collection_Prop_Dyewater_Grey_0004	65535	2
1001325	Helmet	雷电板金头盔	Lightning Bolt Plate Helm	Titan_PlateArmor_Helm	4	1
1001326	ChestArmor	雷电板金盔甲	Lightning Bolt Plate Armor	Titan_PlateArmor_Armor	5	1
1001327	Gloves	雷电板金手套	Lightning Bolt Plate Gloves	Titan_PlateArmor_Gloves	6	1
1001328	Boots	雷电板金鞋子	Lightning Bolt Plate Boots	Titan_Plate_Boots	7	1
1001329	Misc	动态艺术平衡器	Kinetic Counterweight	gimmick_tool_kinetic_barbell_0001	65535	2
1001330	Misc	劲绿草	Palmar Leaf	Item_Rare_Collect_jijeongta_leaf	65535	2
1001331	Food	肉汤料理	Meat Soup	Pan_fried_Meat_Grain_Pancake	65535	2
1001332	Food	炖蔬菜鱼	Braised Fish and Vegetables	Braised_Fish_Vegetable	65535	2
1001333	Food	蔬菜海鲜粥	Vegetable and Seafood Porridge	Fish_Vegetable_Porridge	65535	2
1001334	Food	蛋衣烤海鲜	Battered Seafood	Pan_fried_Fish_Vegetable_Pancake	65535	2
1001335	Misc	田鼠	Rat	Item_Rat	65535	2
1001336	Misc	灰色染料	Grey Dye	Collection_Prop_Dyewater_Grey_0005	65535	2
1001337	Quest	致弟弟的信	Letter to Younger Brother	Quest_PendantInSnow_Letter	65535	2
1001338	Misc	麝鼠	Muskrat	Item_Muskrat	65535	2
1001339	Misc	[大作] 丰饶下的贫穷	Masterpiece - Poverty Amidst Plenty	Collection_Prop_Picture_0008	65535	2
1001340	Misc	[习作] 密信的处理	Study - Hiding the Evidence	Collection_Prop_Picture_0009	65535	2
1001341	Misc	[习作] 埃尔南德城之路	Study - Hernand Castle	Collection_Prop_Picture_0010	65535	2
1001342	Misc	[习作] 圣人格莱茵	Study - Saint Grein	Collection_Prop_Picture_0011	65535	2
1001343	Misc	[习作] 受祝福的王后	Study - The Blessed Queen	Collection_Prop_Picture_0012	65535	2
1001344	Misc	[名作] 圣巴塔利	Magnum Opus - Saint Bartali	Collection_Prop_Picture_0013	65535	2
1001345	Misc	[平作] 圣女利贝坦	Notable - Saint Reventine	Collection_Prop_Picture_0014	65535	2
1001346	Misc	[平作] 无名	Notable - Nameless	Collection_Prop_Picture_0015	65535	2
1001347	Misc	[临摹] 等待活儿的人们	Replica - Idle Hands	Collection_Prop_Picture_0016	65535	2
1001348	Misc	[临摹] 战争的序幕	Replica - Prelude to War	Collection_Prop_Picture_0017	65535	2
1001349	Misc	[平作] 庆祝丰收节的人们	Notable - Those Who Celebrate the Harvest Festival	Collection_Prop_Picture_0018	65535	2
1001350	Misc	[平作] 前往小教堂的人们	Notable - Those Headed to the Chapel	Collection_Prop_Picture_0019	65535	2
1001351	Misc	[杰作] 黎明的寂静	Acclaimed - Silence of Dawn	Collection_Prop_Picture_0020	65535	2
1001352	Misc	[大作] 黎明的寂静	Masterpiece - Silence of Dawn	Collection_Prop_Picture_0021	65535	2
1001353	Misc	[习作] 德雷西亚	Study - Delesyia	Collection_Prop_Picture_0022	65535	2
1001354	Misc	[平作] 往昔荣光	Notable - Glory of Days Past	Collection_Prop_Picture_0023	65535	2
1001355	Misc	[习作] 伊戈德帝王	Study - Eghod the Great	Collection_Prop_Picture_0024	65535	2
1001356	Misc	[平作] 决斗 - 宿敌	Notable - Duel Between Rivals	Collection_Prop_Picture_0025	65535	2
1001357	Misc	[杰作] 金色大地	Acclaimed - Golden Lands	Collection_Prop_Picture_0026	65535	2
1001358	Misc	[平作] 决斗 - 战场回响	Notable - Duel - Echoes of the Battlefield	Collection_Prop_Picture_0027	65535	2
1001359	Misc	[平作] 处刑仪式	Notable - Execution	Collection_Prop_Picture_0028	65535	2
1001360	Misc	[平作] 色彩之森	Notable - Fields of Color	Collection_Prop_Picture_0029	65535	2
1001361	Misc	[杰作] 丰饶下的贫穷	Acclaimed - Poverty Amidst Plenty	Collection_Prop_Picture_0030	65535	2
1001362	Misc	[习作] 猫与鸟	Study - The Cat and the Bird	Collection_Prop_Picture_0031	65535	2
1001363	Misc	[习作] 兔与花	Study - Blooming Rabbit	Collection_Prop_Picture_0032	65535	2
1001364	Misc	[习作] 赌桌上的老鼠	Study - The Rat's Roll	Collection_Prop_Picture_0033	65535	2
1001365	Misc	[杰作] 山岳大角羊	Acclaimed - Bighorn Sheep	Collection_Prop_Picture_0034	65535	2
1001366	Misc	[大作] 山岳大角羊	Masterpiece - Bighorn Sheep	Collection_Prop_Picture_0035	65535	2
1001367	Misc	[杰作] 小绵羊	Acclaimed - The Lamb	Collection_Prop_Picture_0036	65535	2
1001368	Misc	[杰作] 地狱之门守卫	Acclaimed - Gatekeeper of Death	Collection_Prop_Picture_0037	65535	2
1001369	Misc	[大作] 地狱之门守卫	Masterpiece - Gatekeeper of Death	Collection_Prop_Picture_0038	65535	2
1001370	Misc	[杰作] 破晓之声	Acclaimed - Dawnbreak	Collection_Prop_Picture_0039	65535	2
1001371	Misc	[大作] 破晓之声	Masterpiece - Dawnbreak	Collection_Prop_Picture_0040	65535	2
1001372	Misc	[杰作] 奶牛	Acclaimed - A Dairy Cow	Collection_Prop_Picture_0041	65535	2
1001373	Misc	[大作] 奶牛	Masterpiece - A Dairy Cow	Collection_Prop_Picture_0042	65535	2
1001374	Misc	[杰作] 守墓犬	Acclaimed - Man's Best Friend	Collection_Prop_Picture_0043	65535	2
1001375	Misc	[大作] 守墓犬	Masterpiece - Man's Best Friend	Collection_Prop_Picture_0044	65535	2
1001376	Misc	[杰作] 狮之威严	Acclaimed - Lion's Majesty	Collection_Prop_Picture_0045	65535	2
1001377	Misc	[习作] 黑羊长角	Study - A Sheep with Horns	Collection_Prop_Picture_0046	65535	2
1001378	Misc	[习作] 猎犬	Study - The Hound	Collection_Prop_Picture_0047	65535	2
1001379	Misc	[大作] 死亡之王	Masterpiece - King of Death	Collection_Prop_Picture_0048	65535	2
1001380	Misc	[习作]  红色山岳大角羊	Study - Red Bighorn Sheep	Collection_Prop_Picture_0049	65535	2
1001381	Misc	[平作] 鸡头之王	Notable - King of Hens	Collection_Prop_Picture_0050	65535	2
1001382	Misc	[名作] 牛头祭司	Magnum Opus - Priest of Bulls	Collection_Prop_Picture_0051	65535	2
1001383	Misc	[名作] 虎将军	Magnum Opus - The Tiger General	Collection_Prop_Picture_0052	65535	2
1001384	Misc	[平作] 狐狸之翼	Notable - Winged Fox	Collection_Prop_Picture_0053	65535	2
1001385	Misc	[习作] 我的爱马	Study - My Beloved Steed	Collection_Prop_Picture_0054	65535	2
1001386	Misc	[习作] 山岳大角羊	Study - Bighorn Sheep	Collection_Prop_Picture_0055	65535	2
1001387	Misc	[平作] 狐狸	Notable - The Fox	Collection_Prop_Picture_0056	65535	2
1001388	Misc	[平作] 雪狐	Notable - Snowfield Fox	Collection_Prop_Picture_0057	65535	2
1001389	Misc	[大作] 爱德华·托雷尔王储	Masterpiece - Crown Prince Edward Thorel	Collection_Prop_Picture_0058	65535	2
1001390	Misc	[平作] 马罗尼的肖像	Notable - Marni's Portrait	Collection_Prop_Picture_0059	65535	2
1001391	Misc	[习作] 天才的肖像 - 威严	Study - Dignified Genius	Collection_Prop_Picture_0060	65535	2
1001392	Misc	[习作] 马罗尼的房间	Study - Marni's Room	Collection_Prop_Picture_0061	65535	2
1001393	Misc	[杰作] 色彩之森	Acclaimed - Fields of Color	Collection_Prop_Picture_0062	65535	2
1001394	Misc	[平作] 金色大地	Notable - Golden Lands	Collection_Prop_Picture_0063	65535	2
1001395	Misc	[平作] 无名	Notable - Nameless	Collection_Prop_Picture_0064	65535	2
1001396	Misc	[习作] 虚无的肖像	Study - Emptiness	Collection_Prop_Picture_0066	65535	2
1001397	Misc	橙子种子	Orange Seed	orange_Seed	65535	2
1001398	Misc	咖啡果实种子	Coffee Cherry Seed	Coffee_Seed	65535	2
1001399	Misc	可可豆种子	Cacao Seed	cacao_Seed	65535	2
1001400	Helmet	马罗尼激光头盔	Marni Laser Helm	Marni_Laser_Helm	4	1
1001401	Gloves	贵族私兵皮制手套	Noble Private Soldier's Leather Gloves	Noble_Retainer_Leather_Gloves	6	1
1001402	ChestArmor	日光树林制式板金盔甲	Sungrove Standard Plate Armor	Noble_Retainer_PlateArmor_Armor	5	1
1001403	ChestArmor	马尔塞私兵板金盔甲	Marshell Soldier's Plate Armor	Noble_Retainer_PlateArmor_Armor_I	5	1
1001404	ChestArmor	马尔塞私兵板金盔甲	Marshell Soldier's Plate Armor	Noble_Retainer_PlateArmor_Armor_II	5	1
1001405	ChestArmor	阿泽里安士兵板金盔甲	Azerian Soldier's Plate Armor	Noble_Retainer_PlateArmor_Armor_III	5	1
1001406	ChestArmor	阿泽里安士兵板金盔甲	Azerian Soldier's Plate Armor	Noble_Retainer_PlateArmor_Armor_IV	5	1
1001407	ChestArmor	阿泽里安士兵板金盔甲	Azerian Soldier's Plate Armor	Noble_Retainer_PlateArmor_Armor_V	5	1
1001408	ChestArmor	艾利摩尔士兵板金盔甲	Elemore Soldier's Plate Armor	Noble_Retainer_PlateArmor_Armor_VI	5	1
1001409	ChestArmor	艾利摩尔士兵板金盔甲	Elemore Soldier's Plate Armor	Noble_Retainer_PlateArmor_Armor_VII	5	1
1001410	ChestArmor	艾利摩尔士兵板金盔甲	Elemore Soldier's Plate Armor	Noble_Retainer_PlateArmor_Armor_VIII	5	1
1001411	Misc	负鼠	Opossum	Item_Possum	65535	2
1001412	ChestArmor	拜伦士兵板金盔甲	Byron's Soldier Plate Armor	Noble_Retainer_PlateArmor_Armor_X	5	1
1001413	ChestArmor	温德米尔制式板金盔甲	Windmere Standard Plate Armor	Noble_Retainer_PlateArmor_Armor_XI	5	1
1001414	ChestArmor	拜伦士兵板金盔甲	Byron's Soldier Plate Armor	Noble_Retainer_PlateArmor_Armor_XII	5	1
1001415	ChestArmor	拜伦士兵板金盔甲	Byron's Soldier Plate Armor	Noble_Retainer_PlateArmor_Armor_XIII	5	1
1001416	Misc	松鼠	Chipmunk	Item_Squirrel	65535	2
1001417	TowerShield	北风盾牌	North Wind Shield	North_Warrior_OneHandTowerShield	32	1
1001418	Misc	关于H.A.L.L.的思考	Careful Observation of H.A.L.L.	MarniDragon_MarniRen	65535	2
1001419	HorseGear	罗斯巴尔马面	Rosbar Champron	Rosvar_HorseArmor_Helm	61	1
1001420	Recipe	嘟嘟鸟锅特殊制作配方	Kuku Pot Special Blueprint	CraftingRecipe_Kuku_Pot_Book	65535	2
1001421	Misc	犀甲虫	Rhinoceros Beetle	Item_Rhinoceros_Beetle	65535	2
1001422	Shield	卡尔莱德盾牌	Khaled Shield	Gregor_OneHandShield	1	1
1001423	Recipe	齿轮制作方法：大地轰鸣	Gear Blueprint: Groundsurge	Recipe_Item_Skill_AbyssGear_LandMash_LV1	65535	2
1001424	AbyssGear	火焰帷帐I	Flameward I	Item_Stat_AbyssGear_FireResistance_LV1	65535	2
1001425	AbyssGear	火焰帷帐II	Flameward II	Item_Stat_AbyssGear_FireResistance_LV2	65535	2
1001426	AbyssGear	火焰帷帐III	Flameward III	Item_Stat_AbyssGear_FireResistance_LV3	65535	2
1001427	TowerShield	祭品盾牌	Shield of Sacrifice	Legendary_Soulknight_OneHandTowerShield	32	1
1001428	Shield	灵魂之盾	Shield of the Phantom	Soulknight_Sprit_OneHandTowerShield	1	1
1001429	VehicleGear	A.T.A.G.足部 Mk I	A.T.A.G. Boots Mk I	WarRobot_Foot_01	82	1
1001430	AbyssGear	被封印的阿比斯神器	Sealed Abyss Artifact	Sealed_Abyss_Artifact_0027	65535	2
1001431	Misc	雪松鼠	Snowfield Chipmunk	Item_Snow_Chipmunk	65535	2
1001432	Misc	红松鼠	Red Squirrel	Item_Red_Squirrel	65535	2
1001433	Misc	暗灰色染料	Shadow Grey Dye	Collection_Prop_Dyewater_Grey_0006	65535	2
1001434	Misc	飞鼠	Flying Squirrel	Item_Flying_Squirrel	65535	2
1001435	Backpack	火箭背囊	Kuku Rocket Pack	Oongka_Rocket_BackPack	66	1
1001436	Recipe	齿轮制作方法：切割	Gear Blueprint: Rend	Recipe_Item_Skill_AbyssGear_AddCriticalRateByMaterialKey_LeatherArmor_LV1	65535	2
1001437	PetGear	救援队小狗服装	Rescue Puppy Outfit	PetArmor_Rescue_Armor_Dog	59	1
1001438	Misc	红玫瑰花盆	Red Rose Flower Pot	Collection_Prop_FlowerPot_0005	65535	2
1001439	Misc	黄玫瑰花盆	Yellow Rose Flower Pot	Collection_Prop_FlowerPot_0006	65535	2
1001440	Misc	海芋花盆	Ornamental Plant Pot	Collection_Prop_FlowerPot_0007	65535	2
1001441	Misc	扶郎花花盆	Colorful Gerbera Pot	Collection_Prop_FlowerPot_0008	65535	2
1001442	Misc	香堇菜花盆	Violet Flower Pot	Collection_Prop_FlowerPot_0009	65535	2
1001443	Misc	紫色扶郎花花盆	Purple Gerbera Flower Pot	Collection_Prop_FlowerPot_0010	65535	2
1001444	Misc	深棕色扶郎花花盆	Dark Brown Gerbera Flower Pot	Collection_Prop_FlowerPot_0011	65535	2
1001445	Misc	浅棕色扶郎花花盆	Light Brown Gerbera Flower Pot	Collection_Prop_FlowerPot_0012	65535	2
1001446	Misc	圆形花朵形状的金盏花花盆	Flower-Shaped Marigold Pot	Collection_Prop_FlowerPot_0013	65535	2
1001447	Misc	杯形雏菊花盆	Chalice Flower Pot	Collection_Prop_FlowerPot_0014	65535	2
1001448	Misc	白花造型的金杯花盆	White Flower-Shaped Marigold Pot	Collection_Prop_FlowerPot_0015	65535	2
1001449	Misc	青绿玻璃水瓶	Blue-Green Glass Water Bottle	Collection_Prop_Bottle_0001	65535	2
1001450	Misc	木制水瓶	Wooden Container	Collection_Prop_Bottle_0002	65535	2
1001451	Misc	便携木制水瓶	Portable Wooden Container	Collection_Prop_Bottle_0003	65535	2
1001452	Misc	绿色圆形水瓶	Blue Round Water Bottle	Collection_Prop_Bottle_0004	65535	2
1001453	Misc	陶瓷水瓶	Ceramic Container	Collection_Prop_Bottle_0005	65535	2
1001454	Misc	短颈陶瓷水瓶	Short-Necked Ceramic Container	Collection_Prop_Bottle_0006	65535	2
1001455	Misc	酒瓶	Liquor Bottle	Collection_Prop_Bottle_0007	65535	2
1001456	Misc	结实的陶土水瓶	Sturdy Clay Container	Collection_Prop_Bottle_0008	65535	2
1001457	Misc	锡石水瓶	Tin Water Bottle	Collection_Prop_Bottle_0009	65535	2
1001458	Misc	青釉圆形水瓶	Round Blue Container	Collection_Prop_Bottle_0010	65535	2
1001459	Misc	青釉圆形水瓶	Round Blue Container	Collection_Prop_Bottle_0011	65535	2
1001460	Misc	蓝色玻璃葫芦瓶	Slim Indigo Glass Bottle	Collection_Prop_Bottle_0012	65535	2
1001461	Misc	瓢形瓶	Gourd Bottle	Collection_Prop_Bottle_0013	65535	2
1001462	Misc	青灰色水瓶	Pale Blue Container	Collection_Prop_Bottle_0014	65535	2
1001463	Misc	皮革水瓶	Waterskin	Collection_Prop_Bottle_0015	65535	2
1001464	Misc	蓝色便携水瓶	Portable Blue Water Bottle	Collection_Prop_Bottle_0016	65535	2
1001465	Misc	患者专用水瓶	Water Bottle for Patients	Collection_Prop_Bottle_0017	65535	2
1001466	Misc	白色单耳水瓶	White-Handled Water Bottle	Collection_Prop_Bottle_0018	65535	2
1001467	Misc	紫色单耳水瓶	Purple-Handled Water Bottle	Collection_Prop_Bottle_0019	65535	2
1001468	Misc	铁制渗滤壶	Iron Distiller	Collection_Prop_Bottle_0020	65535	2
1001469	Misc	生锈的铁制水瓶	Rusty Iron Water Bottle	Collection_Prop_Bottle_0021	65535	2
1001470	Misc	铜制水瓶	Copper Water Bottle	Collection_Prop_Bottle_0022	65535	2
1001471	Misc	黄铜水瓶	Brass Container	Collection_Prop_Bottle_0023	65535	2
1001472	Misc	黏土水瓶	Clay Container	Collection_Prop_Bottle_0024	65535	2
1001473	Misc	装饰用铁制水瓶	Iron Container	Collection_Prop_Bottle_0025	65535	2
1001474	Misc	铁制装饰水瓶	Decorative Iron Water Bottle	Collection_Prop_Bottle_0026	65535	2
1001475	Misc	黄铜装饰水瓶	Decorative Brass Water Bottle	Collection_Prop_Bottle_0027	65535	2
1001476	Misc	双耳铁制水瓶	Two-Handled Iron Water Bottle	Collection_Prop_Bottle_0028	65535	2
1001477	Misc	古老的双耳铁制水瓶	Old Two-Handled Iron Water Bottle	Collection_Prop_Bottle_0029	65535	2
1001478	Misc	双耳黄铜水瓶	Two-Handled Brass Container	Collection_Prop_Bottle_0030	65535	2
1001479	Misc	沉思者水瓶	Water Bottle of the Agonized	Collection_Prop_Bottle_0031	65535	2
1001480	Misc	渗滤壶	Distiller	Collection_Prop_Bottle_0032	65535	2
1001481	Misc	蓝色瓮形水瓶	Blue Jar-Shaped Water Bottle	Collection_Prop_Bottle_0033	65535	2
1001482	Misc	白色瓮形水瓶	White Jar-Shaped Water Bottle	Collection_Prop_Bottle_0034	65535	2
1001483	Misc	绿色瓮形水瓶	Green Jar-Shaped Water Bottle	Collection_Prop_Bottle_0035	65535	2
1001484	Misc	红色长水瓶	Long Crimson Water Bottle	Collection_Prop_Bottle_0036	65535	2
1001485	Misc	白色长水瓶	Long White Water Bottle	Collection_Prop_Bottle_0037	65535	2
1001486	Misc	黄色长水瓶	Long Yellow Water Bottle	Collection_Prop_Bottle_0038	65535	2
1001487	Misc	蓝色长水瓶	Long Blue Water Bottle	Collection_Prop_Bottle_0039	65535	2
1001488	Misc	鼹鼠	Mole	Item_Mole	65535	2
1001489	Misc	青花瓷器	Blue Patterned Ceramic	Collection_Prop_Ceramic_0001	65535	2
1001490	Misc	青瓷葫芦瓶	Slim Celadon Bottle	Collection_Prop_Ceramic_0002	65535	2
1001491	Misc	刚出炉的葫芦瓶	Freshly Fired Celadon Vase	Collection_Prop_Ceramic_0003	65535	2
1001492	Misc	药材用陶器	Medicine Ceramic Jar	Collection_Prop_Ceramic_0004	65535	2
1001493	Misc	多功能陶罐	Multipurpose Jar	Collection_Prop_Ceramic_0005	65535	2
1001494	Misc	药材用陶罐	Medicine Jar	Collection_Prop_Ceramic_0006	65535	2
1001495	Misc	鼓腹陶罐	Round Jar	Collection_Prop_Ceramic_0007	65535	2
1001496	Misc	老旧的宽口双耳陶罐	Worn Two-Handled Jar	Collection_Prop_Ceramic_0008	65535	2
1001497	Misc	发光的瓷器	Shiny Ceramic Vase	Collection_Prop_Ceramic_0009	65535	2
1001498	Misc	灰色双耳陶罐	Gray Two-Handled Jar	Collection_Prop_Ceramic_0010	65535	2
1001499	Misc	棕色双耳陶罐	Brown Two-Handled Jar	Collection_Prop_Ceramic_0011	65535	2
1001500	Misc	红色单耳陶罐	Red One-Handled Jar	Collection_Prop_Ceramic_0012	65535	2
1001501	Misc	灰色陶罐	Gray Jar	Collection_Prop_Ceramic_0013	65535	2
1001502	Misc	黄土陶罐	Ocher Jar	Collection_Prop_Ceramic_0014	65535	2
1001503	Misc	小型储物罐	Small Storage Jar	Collection_Prop_Ceramic_0015	65535	2
1001504	Misc	大型陶药罐	Large Medicine Jar	Collection_Prop_Ceramic_0016	65535	2
1001505	Misc	圆筒陶罐	Cylindrical Jar	Collection_Prop_Ceramic_0017	65535	2
1001506	Misc	木纹高级瓷器	Ornate Tree Pattern Vase	Collection_Prop_Ceramic_0018	65535	2
1001507	Misc	水罐	Water Pot	Collection_Prop_Ceramic_0019	65535	2
1001508	Misc	谷物罐	Grain Jar	Collection_Prop_Ceramic_0020	65535	2
1001509	Misc	奖杯 - 综合决斗	Trophy - All-Out Duel	Collection_Prop_Trophy_0001	65535	2
1001510	Misc	奖杯 - 赤手决斗	Trophy - Unarmed Duel	Collection_Prop_Trophy_0002	65535	2
1001511	Misc	奖杯 - 投技决斗	Trophy - Wrestling Match	Collection_Prop_Trophy_0003	65535	2
1001512	Misc	金饰葫芦瓶	Gilded Slim Bottle	Collection_Prop_Ceramic_0024	65535	2
1001513	Misc	小型水罐	Water Jug	Collection_Prop_Ceramic_0025	65535	2
1001514	Misc	素白扁罐	Wide White Jar	Collection_Prop_Ceramic_0026	65535	2
1001515	Misc	扁罐	Wide Jar	Collection_Prop_Ceramic_0027	65535	2
1001516	Misc	深棕色罐	Dark Brown Jar	Collection_Prop_Ceramic_0028	65535	2
1001517	Misc	银酒瓶	Silver Carafe	Collection_Prop_Ceramic_0029	65535	2
1001518	Misc	金酒瓶	Golden Carafe	Collection_Prop_Ceramic_0030	65535	2
1001519	Misc	储物陶罐	Storage Jar	Collection_Prop_Ceramic_0031	65535	2
1001520	Misc	金饰瓷器	Gilded Vase	Collection_Prop_Ceramic_0032	65535	2
1001521	Misc	奖杯 - 枪术决斗	Trophy - Spear Duel	Collection_Prop_Trophy_0004	65535	2
1001522	Misc	奖杯 - 剑术决斗	Trophy - Sword Duel	Collection_Prop_Trophy_0005	65535	2
1001523	OneHandWeapon	普通的手套	Ordinary Gloves	Item_Fist_Kliff	29	1
1001524	OneHandWeapon	黄金剑	Golden Sword	Golden_OneHandSword	0	1
1001525	Recipe	制作方法：褪色的阿比斯神器	Blueprint: Faded Abyss Artifact	Recipe_Deactived_Abyss_Artifact	65535	2
1001526	ChestArmor	安托尼板金盔甲	Antoni Plate Armor	Antony_PlateArmor_Armor	5	1
1001527	Helmet	安托尼板金头盔	Antoni Plate Helm	Antony_PlateArmor_Helm	4	1
1001528	Document	雅恩的信	Yann's Letter	Paper_FromYann	65535	2
1001529	Misc	血色加冕仪式	The Blood Coronation	Visione_Chip_Bloodcoronation	65535	2
1001530	Backpack	沙漠专用背囊	Desert Pack	Desert_BackPack_I	66	1
1001531	Cloak	熊皮披风	Bear Hide Cloak	Bear_Leather_cloak	69	1
1001532	ChestArmor	德梅尼斯精英军服皮制盔甲	Demenissian Elite Uniform Leather Armor	Damian_Demeniss_Elite_Uniform_Leather_Armor	5	1
1001533	Misc	金杯	Golden Goblet	Collection_Prop_Cup_0001	65535	2
1001534	Misc	银杯	Silver Goblet	Collection_Prop_Cup_0002	65535	2
1001535	Misc	青铜杯	Bronze Goblet	Collection_Prop_Cup_0003	65535	2
1001536	Misc	木制啤酒杯	Wooden Mug	Collection_Prop_Cup_0004	65535	2
1001537	Misc	黄铜杯	Brass Goblet	Collection_Prop_Cup_0005	65535	2
1001538	Misc	坚固的木制啤酒杯	Sturdy Wooden Beer Mug	Collection_Prop_Cup_0006	65535	2
1001539	Misc	老旧的木制啤酒杯	Worn Wooden Beer Mug	Collection_Prop_Cup_0007	65535	2
1001540	Misc	古老的木制啤酒杯	Old Wooden Beer Mug	Collection_Prop_Cup_0008	65535	2
1001541	Misc	装饰银杯	Decorative Silver Mug	Collection_Prop_Cup_0009	65535	2
1001542	Misc	装饰黄铜杯	Decorative Brass Goblet	Collection_Prop_Cup_0010	65535	2
1001543	Misc	大型装饰酒杯	Large Decorative Goblet	Collection_Prop_Cup_0011	65535	2
1001544	Misc	老旧的装饰银杯	Worn Decorative Silver Mug	Collection_Prop_Cup_0012	65535	2
1001545	Misc	大型多功能容器	Large Multipurpose Vessel	Collection_Prop_Cup_0013	65535	2
1001546	Misc	高级金杯	Fine Gold Goblet	Collection_Prop_Cup_0014	65535	2
1001547	Misc	工匠的金属酒杯	Artisan's Metal Goblet	Collection_Prop_Cup_0015	65535	2
1001548	Misc	华丽的金杯	Ornate Gold Goblet	Collection_Prop_Cup_0016	65535	2
1001549	Misc	普通木制啤酒杯	Plain Wooden Beer Mug	Collection_Prop_Cup_0017	65535	2
1001550	AbyssGear	被封印的阿比斯神器	Sealed Abyss Artifact	Sealed_Abyss_Artifact_0131	65535	2
1001551	Misc	面包盘	Bread Plate	Collection_Prop_Bowl_0001	65535	2
1001552	Misc	深口碗	Deep Bowl	Collection_Prop_Bowl_0002	65535	2
1001553	Misc	平口碗	Storage Bowl	Collection_Prop_Bowl_0003	65535	2
1001554	Misc	宽口碗	Wide Bowl	Collection_Prop_Bowl_0004	65535	2
1001555	Misc	坚果碗	Nut Bowl	Collection_Prop_Bowl_0005	65535	2
1001556	Misc	谷物碗	Grain Bowl	Collection_Prop_Bowl_0006	65535	2
1001557	Boots	德梅尼斯精英军服皮制鞋子	Demeniss Elite Uniform Leather Boots	Damian_Demeniss_Elite_Uniform_Leather_Boots	7	1
1001558	Misc	奶酪盘	Cheese Plate	Collection_Prop_Bowl_0008	65535	2
1001559	ChestArmor	德梅尼斯军服皮制盔甲	Demenissian Uniform Leather Armor	Damian_Demeniss_Uniform_Leather_Armor	5	1
1001560	Cloak	德梅尼斯军服皮制披风	Demenissian Uniform Leather Cloak	Damian_Demeniss_Uniform_Leather_Cloak	69	1
1001561	Misc	小型石臼碗	Small Mortar Bowl	Collection_Prop_Bowl_0011	65535	2
1001562	Misc	香草石臼碗	Herb Mortar Bowl	Collection_Prop_Bowl_0012	65535	2
1001563	Misc	破损的碗	Damaged Bowl	Collection_Prop_Bowl_0013	65535	2
1001564	Misc	铁碗	Iron Bowl	Collection_Prop_Bowl_0014	65535	2
1001565	Misc	黄金碗	Golden Bowl	Collection_Prop_Bowl_0015	65535	2
1001566	Misc	黄瓜	Cucumber	Cucumber	65535	2
1001567	Misc	芜菁	Turnip	Navet	65535	2
1001568	Misc	甜菜	Beet	Redbeet	65535	2
1001569	Misc	红扁豆	Lentils	Lentils	65535	2
1001570	Misc	香芹	Parsley	Parsley	65535	2
1001571	Misc	蓝龙鳞奇石	Blue Dragon Scale Decorative Stone	Collection_Prop_viewingstone_0001	65535	2
1001572	Misc	古代人的奇石	Ancient's Decorative Stone	Collection_Prop_viewingstone_0002	65535	2
1001573	Misc	红色火焰奇石	Red Fire Decorative Stone	Collection_Prop_viewingstone_0003	65535	2
1001574	Cloak	杜黑文制式布制披风	Dewhaven Standard Cloth Cloak	Harald_Fabric_Cloak	69	1
1001575	Misc	大木盘	Large Wooden Plate	Collection_Prop_Plate_0001	65535	2
1001576	Misc	浅色木碗	Bright Wooden Plate	Collection_Prop_Plate_0002	65535	2
1001577	Misc	凹陷的木碗	Concave Wooden Plate	Collection_Prop_Plate_0003	65535	2
1001578	Misc	结实的木盘	Sturdy Wooden Plate	Collection_Prop_Plate_0004	65535	2
1001579	Boots	德梅尼斯军服皮制鞋子	Demenissian Uniform Leather Boots	Damian_Demeniss_Uniform_Leather_Boots	7	1
1001580	Misc	凹底木盘	Deep Wooden Plate	Collection_Prop_Plate_0006	65535	2
1001581	Misc	光滑的木盘	Soft Wooden Plate	Collection_Prop_Plate_0007	65535	2
1001582	Misc	深色木碗	Dark Wooden Plate	Collection_Prop_Plate_0008	65535	2
1001583	Misc	削薄的木盘	Thinly Carved Wooden Plate	Collection_Prop_Plate_0009	65535	2
1001584	Misc	黄铜碗	Brass Bowl	Collection_Prop_Plate_0010	65535	2
1001585	Misc	仪式用碗	Ritual Copper Plate	Collection_Prop_Plate_0011	65535	2
1001586	Misc	方形碗	Square Tray	Collection_Prop_Plate_0012	65535	2
1001587	Misc	装饰盘	Decorative Plate	Collection_Prop_Plate_0013	65535	2
1001588	Misc	陶碗	Ceramic Bowl	Collection_Prop_Plate_0014	65535	2
1001589	Misc	水果盘	Fruit Bowl	Collection_Prop_Plate_0015	65535	2
1001590	Misc	凹底铁碗	Deep Iron Plate	Collection_Prop_Plate_0016	65535	2
1001591	Misc	宽口铁盘	Wide Iron Plate	Collection_Prop_Plate_0017	65535	2
1001592	Misc	圆形铁盘	Round Iron Plate	Collection_Prop_Plate_0018	65535	2
1001593	Misc	双生蜡烛	Twin Candles	Collection_Prop_Candle_0001	65535	2
1001594	Misc	蜡烛	Candle	Collection_Prop_Candle_0002	65535	2
1001595	Misc	普通蜡烛	Plain Candle	Collection_Prop_Candle_0003	65535	2
1001596	Misc	五叉蜡烛	Five-Candle Candelabra	Collection_Prop_Candle_0004	65535	2
1001597	Misc	铜辉蜡烛	Copper Candlestick	Collection_Prop_Candle_0005	65535	2
1001598	Misc	三叉蜡烛	Three-Candle Candelabra	Collection_Prop_Candle_0006	65535	2
1001599	Misc	铁盏蜡烛	Iron Cup Candle	Collection_Prop_Candle_0007	65535	2
1001600	Misc	铁制蜡烛	Iron Candle	Collection_Prop_Candle_0008	65535	2
1001601	Misc	三脚架蜡烛	Tripod Candle	Collection_Prop_Candle_0009	65535	2
1001602	Misc	四叉蜡烛	Four-Candle Candelabra	Collection_Prop_Candle_0010	65535	2
1001603	Misc	锈迹斑斑的四叉蜡烛	Tarnished Four Candle Candelabra	Collection_Prop_Candle_0011	65535	2
1001604	Document	穆亦肯村罪犯清剿委托书	Request to Punish Outlaws in Muiquun	NoticePaper_Village_Muiquun	65535	2
1001605	Misc	德米安基础发型券	Damiane's Basic Hair Ticket	CharacterCustomize_Damian_DefultHair	65535	2
1001606	Misc	绿色香料碗	Green Spice Bowl	Collection_Prop_Bowl_0017	65535	2
1001607	Misc	蓝色香料碗	Blue Spice Bowl	Collection_Prop_Bowl_0018	65535	2
1001608	Misc	灰色香料碗	Ashen Spice Bowl	Collection_Prop_Bowl_0019	65535	2
1001609	Misc	釉面石臼	Glazed Mortar	Collection_Prop_Bowl_0020	65535	2
1001610	Misc	釉面碗	Glazed Bowl	Collection_Prop_Bowl_0021	65535	2
1001611	Misc	釉面碗堆	Stacked Glazed Bowls	Collection_Prop_Bowl_0022	65535	2
1001612	Misc	木制圆桶	Wooden Beaker	Collection_Prop_Bowl_0023	65535	2
1001613	Misc	栎木圆桶	Oak Beaker	Collection_Prop_Bowl_0024	65535	2
1001614	Misc	青铜把手圆桶	Two-Handled Bronze Cup	Collection_Prop_Bowl_0025	65535	2
1001615	Misc	亮红色染料	Bright Red Dye	Collection_Prop_Dyewater_0001	65535	2
1001616	Misc	深红色染料	Rich Red Dye	Collection_Prop_Dyewater_0002	65535	2
1001617	Misc	红色染料	Red Dye	Collection_Prop_Dyewater_0003	65535	2
1001618	Misc	暗红色染料	Dark Red Dye	Collection_Prop_Dyewater_0004	65535	2
1001619	Misc	黑红色染料	Deep Red Dye	Collection_Prop_Dyewater_0005	65535	2
1001620	Misc	亮紫红色染料	Bright Violet Dye	Collection_Prop_Dyewater_0006	65535	2
1001621	Misc	深紫红色染料	Rich Violet Dye	Collection_Prop_Dyewater_0007	65535	2
1001622	Misc	紫红色染料	Violet Dye	Collection_Prop_Dyewater_0008	65535	2
1001623	Misc	暗紫红色染料	Dark Violet Dye	Collection_Prop_Dyewater_0009	65535	2
1001624	Misc	黑紫红色染料	Deep Violet Dye	Collection_Prop_Dyewater_0010	65535	2
1001625	Misc	亮紫色染料	Bright Purple Dye	Collection_Prop_Dyewater_0011	65535	2
1001626	Misc	深紫色染料	Rich Purple Dye	Collection_Prop_Dyewater_0012	65535	2
1001627	Misc	紫色染料	Purple Dye	Collection_Prop_Dyewater_0013	65535	2
1001628	Misc	暗紫色染料	Dark Purple Dye	Collection_Prop_Dyewater_0014	65535	2
1001629	Misc	黑紫色染料	Deep Purple Dye	Collection_Prop_Dyewater_0015	65535	2
1001630	Misc	亮蓝色染料	Bright Blue Dye	Collection_Prop_Dyewater_0016	65535	2
1001631	Misc	深蓝色染料	Rich Blue Dye	Collection_Prop_Dyewater_0017	65535	2
1001632	Misc	蓝色染料	Blue Dye	Collection_Prop_Dyewater_0018	65535	2
1001633	Misc	暗蓝色染料	Dark Blue Dye	Collection_Prop_Dyewater_0019	65535	2
1001634	Misc	黑蓝色染料	Deep Blue Dye	Collection_Prop_Dyewater_0020	65535	2
1001635	Misc	亮天蓝色染料	Bright Sky Blue Dye	Collection_Prop_Dyewater_0021	65535	2
1001636	Misc	深天蓝色染料	Rich Sky Blue Dye	Collection_Prop_Dyewater_0022	65535	2
1001637	Misc	天蓝色染料	Sky Blue Dye	Collection_Prop_Dyewater_0023	65535	2
1001638	Misc	暗天蓝色染料	Dark Sky Blue Dye	Collection_Prop_Dyewater_0024	65535	2
1001639	Misc	黑天蓝色染料	Deep Sky Blue Dye	Collection_Prop_Dyewater_0025	65535	2
1001640	Misc	亮青绿色染料	Bright Teal Dye	Collection_Prop_Dyewater_0026	65535	2
1001641	Misc	深青绿色染料	Rich Teal Dye	Collection_Prop_Dyewater_0027	65535	2
1001642	Misc	青绿色染料	Teal Dye	Collection_Prop_Dyewater_0028	65535	2
1001643	Misc	暗青绿色染料	Dark Teal Dye	Collection_Prop_Dyewater_0029	65535	2
1001644	Misc	黑青绿色染料	Deep Teal Dye	Collection_Prop_Dyewater_0030	65535	2
1001645	Misc	亮绿色染料	Bright Green Dye	Collection_Prop_Dyewater_0031	65535	2
1001646	Misc	深绿色染料	Rich Green Dye	Collection_Prop_Dyewater_0032	65535	2
1001647	Misc	绿色染料	Green Dye	Collection_Prop_Dyewater_0033	65535	2
1001648	Misc	暗绿色染料	Dark Green Dye	Collection_Prop_Dyewater_0034	65535	2
1001649	Misc	黑绿色染料	Deep Green Dye	Collection_Prop_Dyewater_0035	65535	2
1001650	Misc	亮豆绿色染料	Bright Spring Green Dye	Collection_Prop_Dyewater_0036	65535	2
1001651	Misc	深豆绿色染料	Rich Spring Green Dye	Collection_Prop_Dyewater_0037	65535	2
1001652	Misc	豆绿色染料	Spring Green Dye	Collection_Prop_Dyewater_0038	65535	2
1001653	Misc	暗豆绿色染料	Dark Spring Green Dye	Collection_Prop_Dyewater_0039	65535	2
1001654	Misc	黑豆绿色染料	Deep Spring Green Dye	Collection_Prop_Dyewater_0040	65535	2
1001655	Misc	亮黄色染料	Bright Yellow Dye	Collection_Prop_Dyewater_0041	65535	2
1001656	Misc	深黄色染料	Rich Yellow Dye	Collection_Prop_Dyewater_0042	65535	2
1001657	Misc	黄色染料	Yellow Dye	Collection_Prop_Dyewater_0043	65535	2
1001658	Misc	暗黄色染料	Dark Yellow Dye	Collection_Prop_Dyewater_0044	65535	2
1001659	Misc	黑黄色染料	Deep Yellow Dye	Collection_Prop_Dyewater_0045	65535	2
1001660	Misc	亮橙红色染料	Bright Orange Dye	Collection_Prop_Dyewater_0046	65535	2
1001661	Misc	深橙红色染料	Rich Orange Dye	Collection_Prop_Dyewater_0047	65535	2
1001662	Misc	橙红色染料	Orange Dye	Collection_Prop_Dyewater_0048	65535	2
1001663	Misc	暗橙红色染料	Dark Orange Dye	Collection_Prop_Dyewater_0049	65535	2
1001664	Misc	黑橙红色染料	Deep Orange Dye	Collection_Prop_Dyewater_0050	65535	2
1001665	Misc	碎裂铋元素装饰品	Broken Bismuth Ornament	Collection_Prop_Bismuthornament_0001	65535	2
1001666	Misc	棱角铋元素装饰品	Angular Bismuth Ornament	Collection_Prop_Bismuthornament_0002	65535	2
1001667	Misc	圆形铋元素装饰品	Round Bismuth Ornament	Collection_Prop_Bismuthornament_0003	65535	2
1001668	Misc	茴香	Fennel	Fennel	65535	2
1001669	TwoHandWeapon	裂齿斧	Split Tooth	WhiteBear_TwoHandAxe	15	1
1001670	Misc	大麦	Barley	Barley	65535	2
1001671	Misc	草莓	Strawberry	Strawberry	65535	2
1001672	Misc	接骨木莓	Elderberry	Elderberry	65535	2
1001673	Misc	石榴	Pomegranate	Pomegranate	65535	2
1001674	Misc	无花果	Fig	Figs	65535	2
1001675	Misc	菠萝	Pineapple	Pineapple	65535	2
1001676	Misc	咖啡果实	Coffee Cherry	Coffee	65535	2
1001677	Misc	可可豆	Cacao	Cacao	65535	2
1001678	Misc	银饰水瓶	Silver-Decorated Water Bottle	Collection_Prop_Bottle_0040	65535	2
1001679	Misc	宽口瓷器水瓶	Wide-Mouthed Water Bottle	Collection_Prop_Bottle_0041	65535	2
1001680	Misc	小型烧水壶	Small Pot for Boiling	Collection_Prop_Bottle_0042	65535	2
1001681	Misc	青釉水瓶	Blue-Glazed Container	Collection_Prop_Bottle_0043	65535	2
1001682	Misc	黑色陶瓷水瓶	Black Ceramic Water Bottle	Collection_Prop_Bottle_0044	65535	2
1001683	Tool	高级镐头	Fine Pickaxe	Equip_Pickaxe_I	84	1
1001684	Misc	黄釉水瓶	Yellow-Glazed Water Bottle	Collection_Prop_Bottle_0046	65535	2
1001685	Misc	豆青釉水瓶	Light Green-Glazed Water Bottle	Collection_Prop_Bottle_0047	65535	2
1001686	Misc	黏土单耳水瓶	Clay-Handled Water Bottle	Collection_Prop_Bottle_0048	65535	2
1001687	Misc	汤锅	Pot	Collection_Prop_Bowl_0026	65535	2
1001688	Misc	剑类兵器箱	Swords Box	Collection_Prop_WeaponBox_0002	65535	2
1001689	Misc	兵器箱	Weapons Box	Collection_Prop_WeaponBox_0003	65535	2
1001690	Misc	茶壶	Teapot	Collection_Prop_Tool_0004	65535	2
1001691	Misc	铁盆	Iron Basin	Collection_Prop_Tool_0005	65535	2
1001692	Misc	沙漏	Hourglass	Collection_Prop_Tool_0006	65535	2
1001693	Misc	华丽的放大镜	Ornate Magnifying Glass	Collection_Prop_Tool_0007	65535	2
1001694	Misc	粗糙的放大镜	Magnifying Glass	Collection_Prop_Tool_0008	65535	2
1001695	Misc	秤	Scales	Collection_Prop_Tool_0009	65535	2
1001696	Misc	保险箱	Strongbox	Collection_Prop_Chest_0001	65535	2
1001697	Misc	文件盒	Document Storage	Collection_Prop_Chest_0002	65535	2
1001698	Misc	结实的木箱	Sturdy Wooden Box	Collection_Prop_Chest_0003	65535	2
1001699	Misc	木箱	Wooden Box	Collection_Prop_Chest_0004	65535	2
1001700	Misc	刻着图案的木箱	Engraved Wooden Box	Collection_Prop_Chest_0005	65535	2
1001701	Misc	铁饰保管箱	Iron-Adorned Storage	Collection_Prop_Chest_0006	65535	2
1001702	Misc	珍贵首饰盒	Jewelry Storage	Collection_Prop_Chest_0007	65535	2
1001703	Misc	宝石箱	Jewel Box	Collection_Prop_Chest_0008	65535	2
1001704	Misc	多功能木箱	Multipurpose Wooden Box	Collection_Prop_Chest_0009	65535	2
1001705	Misc	夹竹桃	Rosebay	Oleander	65535	2
1001706	Misc	豌豆	Peas	peas	65535	2
1001707	AbyssGear	被封印的阿比斯神器	Sealed Abyss Artifact	Sealed_Abyss_Artifact_0028	65535	2
1001708	Misc	蓝色葫芦瓶	Indigo Bottle	Collection_Prop_Bottle_0049	65535	2
1001709	Misc	宽底水瓶	Wide-Bottomed Water Bottle	Collection_Prop_Bottle_0050	65535	2
1001710	Misc	带盖装饰水瓶	Decorative Water Bottle with Lid	Collection_Prop_Bottle_0051	65535	2
1001711	Misc	上釉黏土水瓶	Glazed Clay Water Bottle	Collection_Prop_Bottle_0052	65535	2
1001712	Misc	深灰色染料	Cloud Grey Dye	Collection_Prop_Dyewater_Grey_0007	65535	2
1001713	Misc	衣料堆	Pile of Clothing Materials	Collection_Prop_Tool_0010	65535	2
1001714	Misc	布料堆	Pile of Cloth	Collection_Prop_Tool_0011	65535	2
1001715	Trade	包装瓷器	Packaged Ceramic	Trade_Ceramics_PackedInVehicle	65535	2
1001716	Trade	包装玻璃	Packaged Glass	Trade_Glass_PackedInVehicle	65535	2
1001717	Trade	包装地毯	Packaged Carpets	Trade_Carpet_PackedInVehicle	65535	2
1001718	Trade	包装羊毛	Packaged Wool	Trade_Wool_PackedInVehicle	65535	2
1001719	Trade	包装丝绸	Packaged Silk	Trade_Silk_PackedInVehicle	65535	2
1001720	Trade	包装好的果酒	Packaged Wine	Trade_Wine_PackedInVehicle	65535	2
1001721	Trade	包装烟草	Packaged Tobacco	Trade_Tobacco_PackedInVehicle	65535	2
1001722	Trade	包装象牙	Packaged Ivory	Trade_Ivory_PackedInVehicle	65535	2
1001723	Trade	包装玉	Packaged Jade	Trade_Jade_PackedInVehicle	65535	2
1001724	Trade	包装火药	Packaged Gunpowder	Trade_Gunpowder_PackedInVehicle	65535	2
1001725	Trade	包装奶酪	Packaged Cheese	Trade_Cheese_PackedInVehicle	65535	2
1001726	Trade	包装鱼肉	Packaged Fish Meat	Trade_FishMeat_PackedInVehicle	65535	2
1001727	Trade	包装书画	Packaged Calligraphic Paintings	Trade_Caligraphy_PackedInVehicle	65535	2
1001728	Trade	包装红参	Packaged Red Ginseng	Trade_Ginseng_PackedInVehicle	65535	2
1001729	Trade	包装仪仗剑	Packaged Ceremonial Sword	Trade_Sword_PackedInVehicle	65535	2
1001730	Trade	包装仪仗盔甲	Packaged Ceremonial Armor	Trade_Armor_PackedInVehicle	65535	2
1001731	Trade	包装枪械	Packaged Packaged Gun	Trade_Gun_PackedInVehicle	65535	2
1001732	Trade	包装螺钿漆器	Packaged Nacre Lacquer	Trade_PearlLacquerware_PackedInVehicle	65535	2
1001733	Trade	包装毛皮	Packaged Pelt	Trade_Fur_PackedInVehicle	65535	2
1001734	Trade	包装糖	Packaged Sugar	Trade_Sugar_PackedInVehicle	65535	2
1001735	Trade	包装蜂蜜	Packaged Honey	Trade_Honey_PackedInVehicle	65535	2
1001736	Trade	包装面粉	Packaged Flour	Trade_Flour_PackedInVehicle	65535	2
1001737	Trade	包装食盐	Packaged Salt	Trade_Salt_PackedInVehicle	65535	2
1001738	Trade	包装好的胡椒	Packaged Black Pepper	Trade_Pepper_PackedInVehicle	65535	2
1001739	Trade	包装硫磺	Packaged Brimstone	Trade_Sulfur_PackedInVehicle	65535	2
1001740	Misc	德米安束发发型券	Damiane's Ponytail Ticket	CharacterCustomize_Damian_TieHair	65535	2
1001741	Misc	蜗牛	Snail	Item_Snail	65535	2
1001742	ChestArmor	灰鬃皮制盔甲	Greymanes' Leather Armor	Greyfur_Leather_Armor_I	5	1
1001743	ChestArmor	灰鬃皮制盔甲	Greymanes' Leather Armor	Greyfur_Leather_Armor_II	5	1
1001744	Misc	银制水罐	Silver Water Pot	Collection_Prop_Ceramic_0045	65535	2
1001745	Quest	塞莱斯特的密信	Celeste's Confidential Letter	Quest_CelesterToBarden	65535	2
1001746	Recipe	高级伐木斧制作方法	Fine Logging Axe Blueprint	Recipe_Book_Equip_Felling_Axe_I	65535	2
1001747	OneHandWeapon	斯宾塞手枪	Spencer Pistol	Damian_OneHandPistol	34	1
1001748	Food	红烧鱼	Steamed Fish	Fish_Fruit_Porridge	65535	2
1001749	Misc	浓灰色染料	Deep Grey Dye	Collection_Prop_Dyewater_Grey_0008	65535	2
1001750	Backpack	声音共鸣器	Sonic Resonator	Aggro_Backpack	66	1
1001751	Misc	小偷留下的第二张纸条	The Thief's Second Note	Memo_Serkis_FalseEvidence_2	65535	2
1001752	Misc	小偷留下的第三张纸条	The Thief's Third Note	Memo_Serkis_FalseEvidence_3	65535	2
1001753	Misc	德梅尼斯贡献度	Demenissian Contribution	Contribution_Demenissian	65535	2
1001754	Misc	埃尔南德贡献度	Hernandian Contribution	Contribution_Hernandian	65535	2
1001755	Misc	佩伦贡献度	Pailunese Contribution	Contribution_Pailunese	65535	2
1001756	Helmet	头盔族黄牛头盔	Helms Bull Helm	Desert_Harrier_PlateArmor_Helm_VII	4	1
1001757	ChestArmor	佐安的皮制盔甲	Joan's Leather Armor	Greyfur_Leather_Armor_XL	5	1
1001758	ChestArmor	凯尼斯的皮制盔甲	Kenneth's Leather Armor	Greyfur_Leather_Armor_L	5	1
1001759	Misc	德雷西亚贡献度	Delesyian Contribution	Contribution_Delesyian	65535	2
1001760	ChestArmor	阿德里克的皮制盔甲	Aldric's Leather Armor	Greyfur_Leather_Armor_LX	5	1
1001761	HorseGear	布拉尼克马鞍	Branique Saddle	Branik_HorseArmor_Saddle	62	1
1001762	Misc	金库开设许可证	Personal Strongbox Permit	License_Operation_HernandBank	65535	2
1001763	Misc	银木陶罐	Long-Necked Silver Jar	Collection_Prop_Ceramic_0046	65535	2
1001764	Misc	守阀屏障要塞的钥匙	Valvegard Garrison Key	Installation_01_key	65535	2
1001765	Misc	马罗尼实验室的钥匙	Marni's Laboratorium Key	Installation_02_key	65535	2
1001766	Misc	飞行术研究基地的钥匙	Aeronautical Research Base Key	Installation_03_key	65535	2
1001767	AbyssGear	被封印的阿比斯神器	Sealed Abyss Artifact	Sealed_Abyss_Artifact_0029	65535	2
1001768	Misc	来历不明的武功秘笈	Secret Book of Unknown Source	MartialArts_Secret_Manual	65535	2
1001769	Misc	马罗尼钻头零件	Marni Drill Component	MarniMachineDrill	65535	2
1001770	ChestArmor	灰鬃皮制盔甲	Greymanes' Leather Armor	Greyfur_Leather_Armor_III	5	1
1001771	ChestArmor	灰鬃皮制盔甲	Greymanes' Leather Armor	Greyfur_Leather_Armor_IV	5	1
1001772	TwoHandWeapon	巴尔尼亚贡献度旗帜	Varnian Contribution Banner Pike	Varnia_Contribution_Flag	23	1
1001773	Ammo	电磁干扰炮弹	Disruptor Cannonball	Marni_Special_CannonBall	65535	2
1001774	Document	用鲜血书写的警告	Warning Written in Blood	NoticePaper_Finale_Byron	65535	2
1001775	Misc	冠蓝鸦	Blue Jay	Item_BlueJay	65535	2
1001776	Misc	来历不明的纸条	Mysterious Note	Memo_RuinedChapel	65535	2
1001777	Misc	发光的果实	Shineberry	Glow_Fruit	65535	2
1001778	Misc	埃尔南德种子供货合同	Seed Supply Contract - Hernand	Permit_Her_Seed	65535	2
1001779	Ammo	麻雀	Sparrow	Item_Sparrow	65535	2
1001780	Misc	黄鹂	Black-Naped Oriole	Item_Oriole	65535	2
1001781	Misc	环颈鸻	Kentish Plover	Item_Snowy_Plover	65535	2
1001782	Misc	三道眉	Meadow Bunting	Item_Bunting_Bird	65535	2
1001783	Food	蔬菜汁	Vegetable Juice	Vegetable_Juice	65535	2
1001784	Misc	刺猬幼崽	Baby Hedgehog	Item_Baby_Hedgehog	65535	2
1001785	Misc	银饰尖顶陶罐	Ornate Silver Conical Jar	Collection_Prop_Ceramic_0047	65535	2
1001786	Cloak	托卡特布制披风	Toggart Cloth Cloak	Tokart_Fabric_Cloak	69	1
1001787	Gloves	哥布林格斗板金手套	Goblin Dueling Plate Gloves	Goblin_Fight_PlateArmor_Gloves	6	1
1001788	OneHandWeapon		Test OneHandAxe	Test_OneHandAxe	16	1
1001789	Misc	黑灰色染料	Dark Grey Dye	Collection_Prop_Dyewater_Grey_0009	65535	2
1001790	Boots	鬣蜥骑手皮制鞋子	Iguana Rider Leather Boots	Iguana_Rider_Leather_Boots	7	1
1001791	Document	讨伐白角的消息	News of White Horn's Defeat	NoticePaper_Finale_WhiteHorn	65535	2
1001792	Document	白骨坑竞技场的消息	News of the Bonepit	NoticePaper_Finale_Muscan	65535	2
1001793	Document	讨伐黑暗之王贝洛斯的消息	News of Beloth, the Darksworn's Defeat	NoticePaper_Finale_DarkKing	65535	2
1001794	Misc	水黾	Water Strider	Item_WaterStrider	65535	2
1001795	Document	骷髅骑士覆灭的消息	News of Skull Knight's Demise	NoticePaper_Finale_SkullKnight	65535	2
1001796	Document	讨伐沙牙盗贼团的消息	News of the Sandfang Marauders' Defeat	NoticePaper_Finale_GoblinSandfang	65535	2
1001797	Document	讨伐尸王斯凯瓦尔德的消息	News of Skevald the Carrion King's Defeat	NoticePaper_Finale_HyenabossSkevald	65535	2
1001798	Document	讨伐黑牙的消息	News of the Black Fang's Defeat	NoticePaper_Finale_LeeburtheShadowWolf	65535	2
1001799	Trade	营地木材	Camp Timber	Trade_Camp_Wood	65535	2
1001800	ChestArmor	杰勒尔德的皮制盔甲	Gerald's Leather Armor	Greyfur_Leather_Armor_LXX	5	1
1001801	Trade	营地石材	Camp Stone	Trade_Camp_Stone	65535	2
1001802	Trade	营地兵器	Camp Weapons	Trade_Camp_Weapon	65535	2
1001803	Misc	审判预告书	Warning of Judgment	Memo_Judgment	65535	2
1001804	TwoHandWeapon	托马索贡献度旗帜	Tommasoan Contribution Banner Pike	Tashkalp_Contribution_Flag	23	1
1001805	Misc	炸弹	Bomb	Fire_Bomb	65535	2
1001806	ChestArmor	德韦恩的皮制盔甲	Duane's Leather Armor	Greyfur_Leather_Armor_LXXX	5	1
1001807	ChestArmor	谢因的皮制盔甲	Shane's Leather Armor	Greyfur_Leather_Armor_LXXXI	5	1
1001808	Food	海鲜汤料理	Seafood Soup	Seafood_Soup	65535	2
1001809	Boots	埃贝林的皮制鞋子	Evelyn's Leather Boots	Greyfur_Leather_Boots	7	1
1001810	Helmet	哈特曼板金头盔	Hartmann Plate Helm	Hartman_PlateArmor_Helm	4	1
1001811	Misc	炖海鲜	Steamed Seafood	Haemuljjim	65535	2
1001812	HorseGear	威尔斯军用马鞍	Wells Military Saddle	Troopers_HorseArmor_Saddle_I	62	1
1001813	AbyssGear	被封印的阿比斯神器	Sealed Abyss Artifact	Sealed_Abyss_Artifact_0030	65535	2
1001814	Food	温润草本茶	Mild Herbal Tea	Herbal_Tea	65535	2
1001815	Misc	乌鸦炸弹	Crow Bomb	Crow_Bomb	65535	2
1001816	Necklace	灰鬃项链	Greymane Necklace	Greyfur_Necklace	9	1
1001817	Misc	满满一份烤鸟肉	Hearty Grilled Bird Meat	Freshly_Grilled_Bird_XLarge	65535	2
1001818	TwoHandWeapon	紫翼孔雀	Small Halberd of Carnage's Banner Pike	Fort_Flag_02	23	1
1001819	Misc	佩尔文炸弹	Perwin Explosive	Pervin_Bomb	65535	2
1001820	TwoHandWeapon	佩伦小型旗帜	Small Pailunese Banner Pike	pailloon_Flag_I	23	1
1001821	TwoHandWeapon	火焰飞龙团小型旗帜	Small Wyvernflames Banner Pike	Wyvern_Flag_I	23	1
1001822	TwoHandWeapon	托马索小型旗帜	Small Tommaso Banner Pike	tommaso_Flag_I	23	1
1001823	TwoHandWeapon	巴尔尼亚小型旗帜	Small Varnian Banner Pike	barnia_Flag_I	23	1
1001824	TwoHandWeapon	晓月使者小型旗帜	Small Twilight Messengers Banner Pike	fort_Flag_III	23	1
1001825	TwoHandWeapon	铁火半兽人团小型旗帜	Small Ironflame Orcs Banner Pike	Orc_Flag_I	23	1
1001826	TwoHandWeapon	马罗尼小型旗帜	Small Marni Banner Pike	marni_Flag_I	23	1
1001827	TwoHandWeapon	火焰骑士团小型旗帜	Small Flame Knights Banner Pike	dragonkiller_Flag_I	23	1
1001828	TwoHandWeapon	布利德小型旗帜	Small Bleed Bandits Banner Pike	Bleed_Flag_II	23	1
1001829	TwoHandWeapon	鹿王小型旗帜	Small Staglord Banner Pike	deerking_Flag_I	23	1
1001830	TwoHandWeapon	埃尔南德小型旗帜	Small Hernandian Banner Pike	Hernand_Flag_I	23	1
1001831	TwoHandWeapon	德梅尼斯贵族小型旗帜	Small Demenissian Noble's Banner	demenissnobility_Flag_I	23	1
1001832	TwoHandWeapon	德梅尼斯贵族小型旗帜	Small Demenissian Noble's Banner	demenissnobility_Flag_II	23	1
1001833	TwoHandWeapon	德梅尼斯贵族小型旗帜	Small Demenissian Noble's Banner	demenissnobility_Flag_III	23	1
1001834	TwoHandWeapon	灰鬃超小型旗帜	Tiny Greymane Banner Pike	graymane_Flag_I	23	1
1001835	Misc	福罗林圣物	Pororin Relic	Pororin_Sacred	65535	2
1001836	Misc	梨树种子	Pear Tree Seed	PearTree_Seed	65535	2
1001837	Misc	野山参种子	Wild Ginseng Seed	Ginseng_Seed	65535	2
1001838	AbyssGear	被封印的阿比斯神器	Sealed Abyss Artifact	Sealed_Abyss_Artifact_0031	65535	2
1001839	Misc	阿比斯石之种	Abyssal Seed	AbyssStone_Seed	65535	2
1001840	Misc	发光草种子	Luminous Seed	GlowFlower_Seed	65535	2
1001841	Misc	硫磺炸弹	Brimstone Bomb	Brimstone_Bomb	65535	2
1001842	Food	水炸弹	Water Bomb	Water_Bomb	65535	2
1001843	Misc	梨	Pear	Pear	65535	2
1001844	Misc	藤蔓炸弹	Vine Bomb	Vine_Bomb	65535	2
1001845	Misc	镖	Dart	Dart	65535	2
1001846	Document	哈里斯的信	Harris's Letter	NoticePaper_Finale_Timberton	65535	2
1001847	Document	乌尔加的藏宝图	Ursula's Treasure Map	TreasureMap_TreasureBuried	65535	2
1001848	ChestArmor	灰鬃布制盔甲	Greymane Cloth Armor	Greyfur_Fabric_Armor_MIII	5	1
1001849	Tool	木制提灯	Wooden Lantern	Wood_Lantern	55	1
1001850	Misc	猫鼬	Meerkat	Item_Meerkat	65535	2
1001851	Misc	黑寿带鸟	Desert Wheatear	Item_BlackTail_Flycatcher	65535	2
1001852	Misc	黄嘴牛椋鸟	Yellow-Billed Oxpecker	Item_Oxpecker	65535	2
1001853	Boots	毛罗的皮制鞋子	Morrow's Leather Boots	Greyfur_Leather_Boots_I	7	1
1001854	Recipe	烹饪：蔬菜汁	Recipe: Vegetable Juice	Recipe_Vegetable_Juice	65535	2
1001855	Misc	三趾啄木鸟	Three-Toed Woodpecker	Item_Wood_Pecker	65535	2
1001856	Misc	白喉红尾鸲	White-winged Redstart	Item_WhiteWing_Flycatcher	65535	2
1001857	Misc	地图制作者的纸条	Mapmaker's Note	Memo_SebastianMemo	65535	2
1001858	Misc	黑色染料	Black Dye	Collection_Prop_Dyewater_Grey_0010	65535	2
1001859	Misc	蜜蜂	Honeybee	Item_Bee	65535	2
1001860	Misc	马蜂	Hornet	Item_Hornet	65535	2
1001861	Misc	熊蜂	Bumblebee	Item_Bumblebee	65535	2
1001862	Misc	魔弹	Magic Bullet	MagicBullet	65535	2
1001863	Boots	卢塞兰的皮制鞋子	Luther's Leather Boots	Greyfur_Leather_Boots_II	7	1
1001864	Boots	安德鲁的皮制鞋子	Andrew's Leather Boots	Greyfur_Leather_Boots_III	7	1
1001865	Misc	洞螈	Burrowing Salamander	Item_Giant_Salamander	65535	2
1001866	Misc	蝾螈	Salamander	Item_Salamander	65535	2
1001867	Misc	六角恐龙	Axolotl	Item_Axolotl	65535	2
1001868	Misc	沙漠巨蜥	Goanna	Item_Goanna	65535	2
1001869	Misc	鬣蜥	Iguana	Item_Iguana	65535	2
1001870	Misc	毒蜥蜴	Heloderma Lizard	Item_Hila_Lizard	65535	2
1001871	Boots	阿诺德的皮制鞋子	Arnold's Leather Boots	Greyfur_Leather_Boots_IV	7	1
1001872	Misc	褶伞蜥	Frilled-neck Lizard	Item_Frilled_Lizard	65535	2
1001873	Boots	佐安的皮制鞋子	Joan's Leather Boots	Greyfur_Leather_Boots_V	7	1
1001874	Helmet	流浪者皮制头盔	Wandering Leather Helm	Wandering_Leather_Helm	4	1
1001875	Necklace	永恒的黑暗	Eternal Darkness	Umbra_Necklace	9	1
1001876	ChestArmor	灰鬃皮制盔甲	Greymanes' Leather Armor	Greyfur_Leather_Armor_LXXXII	5	1
1001877	Misc	丰盛的烤鸟肉	Satisfying Grilled Bird Meat	Freshly_Grilled_Bird_Large	65535	2
1001878	Boots	邓肯的皮制鞋子	Duncan's Leather Boots	Greyfur_Leather_Boots_VI	7	1
1001879	Document	卡尔佩德的感谢	Letter of Gratitude from Calphade	NoticePaper_Finale_Calphade	65535	2
1001880	Boots	罗纳德的皮制鞋子	Ronald's Leather Boots	Greyfur_Leather_Boots_VII	7	1
1001881	Gloves	布兰特的皮制手套	Brant's Leather Gloves	Greyfur_Leather_Gloves	6	1
1001882	Misc	云粉蝶	Red-spotted Purple Butterfly	Item_Red_Spotted_Purple	65535	2
1001883	Gloves	贝尔农的皮制手套	Vernon's Leather Gloves	Greyfur_Leather_Gloves_I	6	1
1001884	Ammo	地雷蜘蛛炮弹	Mine Spider Cannonball	BombSpider_CannonBall	65535	2
1001885	Recipe	烹饪：温润草本茶	Recipe: Mild Herbal Tea	Recipe_Herbal_Tea	65535	2
1001886	ChestArmor	影叶皮制盔甲	Shadowleaf Leather Armor	EntHunter_Leather_Armor	5	1
1001887	Quest	莱内的告示	Renee's Poster	Quest_Paper_Her_Raine	65535	2
1001888	Quest	阿尔弗雷德的告示	Alfred's Poster	Quest_Paper_Her_Alfred	65535	2
1001889	Quest	达莉娅的告示	Dahlia's Poster	Quest_Paper_Her_Dahlia	65535	2
1001890	Quest	安贝拉的告示	Annabella's Poster	Quest_Paper_Her_Anbella	65535	2
1001891	Cloak	影叶皮制披风	Shadowleaf Leather Cloak	EntHunter_Leather_Cloak	69	1
1001892	Misc	巧克力	Chocolate	Item_Chocolate	65535	2
1001893	AbyssGear	盐水逆流	Rising Torrent	Item_Skill_AbyssGear_Catfish_BodySlam_LV1	65535	2
1001894	Quest	玛丽安娜的告示	Mariana's Poster	Quest_Paper_Dem_Mariana	65535	2
1001895	Quest	帕尔加的告示	Palgar's Poster	Quest_Paper_Dem_Palga	65535	2
1001896	Quest	埃德摩尔的告示	Eldon's Poster	Quest_Paper_Dem_Eldmor	65535	2
1001897	Quest	卡塔的告示	Kathor's Poster	Quest_Paper_Dem_Kata	65535	2
1001898	Quest	隆哈尔特的告示	Ronnard's Poster	Quest_Paper_Kwe_RonHardt	65535	2
1001899	Quest	特里南德的告示	Terianne's Poster	Quest_Paper_Kwe_Terinand	65535	2
1001900	Quest	埃娃的告示	Ava's Poster	Quest_Paper_Kwe_Aeba	65535	2
1001901	Quest	巴里斯的告示	Varis's Poster	Quest_Paper_Kwe_Baris	65535	2
1001902	Quest	雷纳德的告示	Leonard's Poster	Quest_Paper_Kwe_Lenard	65535	2
1001903	Quest	卡丁的告示	Caden's Poster	Quest_Paper_Crim_Khadin	65535	2
1001904	Quest	格温多琳的告示	Gwendolyn's Poster	Quest_Paper_Crim_Gwendolyn	65535	2
1001905	Quest	罗万的告示	Rowan's Poster	Quest_Paper_Crim_Elowen	65535	2
1001906	Quest	布鲁纳尔的告示	Brookner's Poster	Quest_Paper_Crim_Bruknar	65535	2
1001907	Quest	蒂博的告示	Tibo's Poster	Quest_Paper_Crim_Thibault	65535	2
1001908	Quest	楠的告示	Anne's Poster	Quest_Paper_Del_Inn	65535	2
1001909	Quest	玛琳的告示	Marin's Poster	Quest_Paper_Del_Marin	65535	2
1001910	Quest	格伦达克的告示	Grond's Poster	Quest_Paper_Del_Grundak	65535	2
1001911	Quest	赫伯特的告示	Herbert's Poster	Quest_Paper_Del_Herbert	65535	2
1001912	Quest	南西的告示	Nancy's Poster	Quest_Paper_Del_Nancy	65535	2
1001913	Misc	红刃蝶	Ruddy Daggerwing Butterfly	Item_Ruddy_Daggerwing	65535	2
1001914	Misc	小森林萨提罗斯蝶	Little Wood Satyr Butterfly	Item_Little_Wood_Satyr	65535	2
1001915	Misc	番石榴弄蝶	Guava Skipper Butterfly	Item_Guava_Skipper	65535	2
1001916	Misc	诱饵召唤球	Decoy Summon Ball	Trap_Summon_Decoy_Ball_I	65535	2
1001917	Misc	紫王蝶	Purple Emperor Butterfly	Item_Purple_Emperor	65535	2
1001918	Misc	蓝南孔雀蝶	Southern Blue Peacock Butterfly	Item_Blue_Pansy_Butterfly	65535	2
1001919	Misc	纳瓦布绢蝶	Nawab Butterfly	Item_Common_Nawab	65535	2
1001920	Misc	绿鸟翼蝶	Green Birdwing Butterfly	Item_Common_Green_Birdwing	65535	2
1001921	Misc	八字蝶	Eighty-eight Butterfly	Item_88_Butterfly	65535	2
1001922	Boots	红色守卫皮制鞋子	Crimson Warden's Leather Boots	Scarlet_Excecutioner_Leather_Boots	7	1
1001923	VehicleGear	A.T.A.G.钳子	A.T.A.G. Pincers	WarRobot_RepairTool_01_L	78	1
1001924	Document	通缉血色怪物	Bounty on the Bloodied Monster	NoticePaper_BloodWalkerCrussis	65535	2
1001925	TwoHandWeapon	醉酒黑熊附酒旗帜	Black Bears Banner Pike with Tassel	Blackbear_Flag_IV	23	1
1001926	Cloak	特鲁坎布制披风	Trukan Cloth Cloak	OrcuMer_Fabric_Cloak	69	1
1001927	Helmet	火焰骑士团板金头盔	Flame Knight's Plate Helm	Flame_Knights_PlateArmor_Helm	4	1
1001928	Misc	白蝴蝶	White Butterfly	Item_Neophasia_Terlooii	65535	2
1001929	Misc	绿硫磺蝶	Green Sulphur Butterfly	Item_Colias_Nastes	65535	2
1001930	Misc	绒纹蝶	Violet Hairstreak Butterfly	Item_Hypaurotis_Crysalus	65535	2
1001931	Misc	橙灰蝶	Spotted Lycaenid Butterfly	Item_Lycaena_Phlaeas	65535	2
1001932	Misc	蓝翅蝶	Bluewing Butterfly	Item_Myscelia_Ethusa	65535	2
1001933	Misc	落叶蝶	Orange Oakleaf Butterfly	Item_Kallima_Inachus	65535	2
1001934	Misc	陷阱炸弹	Trap Bomb	Trap_Bomb	65535	2
1001935	Ammo	伊塔诺炮弹	Itano Cannonball	Itano_CannonBall	65535	2
1001936	Earring	绿色珊瑚耳环	Green Coral Reef Earring	Earring_Tier3_I	8	1
1001937	Misc	光拳魔弹	Light Fist Magic Bullet	MagicBullet_LightFist	65535	2
1001938	HorseGear	德雷西亚士兵布制马甲	Delesyian Soldier's Cloth Barding	Delesian_Soldier_HorseArmor_Armor	60	1
1001939	Misc	雪魔弹	Snow Magic Bullet	MagicBullet_Snow	65535	2
1001940	Cloak	斯图姆布制披风	Schtump Cloth Cloak	Schtump_Fabric_Cloak	69	1
1001941	Gloves	博尔柯皮制手套	Vulker Leather Gloves	Volcker_Leather_Gloves_I	6	1
1001942	Gloves	拉夫提皮制手套	Leffri's Leather Gloves	Lafty_Leather_Gloves	6	1
1001943	Gloves	拉夫提皮制手套	Leffri's Leather Gloves	Lafty_Leather_Gloves_I	6	1
1001944	Gloves	洛伦特的皮制手套	Laurent's Leather Gloves	Greyfur_Leather_Gloves_II	6	1
1001945	Gloves	哈尔基亚斯皮制手套	Harkias Leather Gloves	Halkias_Leather_Gloves	6	1
1001946	ChestArmor	伽尔迪安板金盔甲	Guardian Plate Armor	Guardian_PlateArmor_Armor	5	1
1001947	Misc	皮革绳葫芦瓶	Leather Strap Gourd Bottle	Collection_Prop_Bottle_0054	65535	2
1001948	Misc	格纹葫芦瓶	Plaid Gourd Bottle	Collection_Prop_Bottle_0055	65535	2
1001949	Gloves	格斗之神板金手套	Combat God's Plate Gloves	Muscan_PlateArmor_Gloves	6	1
1001950	Cloak	罗斯查尔布制披风	Ruschar Cloth Cloak	Ruschar_Fabric_Cloak	69	1
1001951	Helmet	迷雾猫头鹰板金头盔	Mistcloaked Owl Plate Helm	Owls_of_the_Mist_PlateArmor_Helm	4	1
1001952	Food	赫尔赛陶罐鱼	Hexe Earthen Fish	Food_HexeFish	65535	2
1001953	TwoHandWeapon	嘟嘟鸟铋元素长枪	Kuku Bismuth Spear	KuKu_Bismuth_TwoHandSpear	21	1
1001954	Misc	埃尔南德服装供货合同	Outfit Supply Contract - Hernand	Permit_Her_Costume	65535	2
1001955	Helmet	马蒂尔达的皮制头盔	Matilda's Leather Headband	Greyfur_Leather_Helm	4	1
1001956	Helmet	吉安的皮制头盔	Jian's Leather Helm	Greyfur_Leather_Helm_I	4	1
1001957	Food	鱼干	Dried Fish	Food_Dried_Fish	65535	2
1001958	Gloves	德伦板金手套	Darren Plate Gloves	Greyfur_PlateArmor_Gloves_I	6	1
1001959	Misc	止静丹	Palmar Pill	RevivalItemPartialRecovery	65535	2
1001960	AbyssGear	被封印的阿比斯神器	Sealed Abyss Artifact	Sealed_Abyss_Artifact_0032	65535	2
1001961	AbyssGear	被封印的阿比斯神器	Sealed Abyss Artifact	Sealed_Abyss_Artifact_0033	65535	2
1001962	AbyssGear	被封印的阿比斯神器	Sealed Abyss Artifact	Sealed_Abyss_Artifact_0034	65535	2
1001963	AbyssGear	被封印的阿比斯神器	Sealed Abyss Artifact	Sealed_Abyss_Artifact_0035	65535	2
1001964	AbyssGear	被封印的阿比斯神器	Sealed Abyss Artifact	Sealed_Abyss_Artifact_0036	65535	2
1001965	AbyssGear	被封印的阿比斯神器	Sealed Abyss Artifact	Sealed_Abyss_Artifact_0037	65535	2
1001966	AbyssGear	被封印的阿比斯神器	Sealed Abyss Artifact	Sealed_Abyss_Artifact_0038	65535	2
1001967	AbyssGear	被封印的阿比斯神器	Sealed Abyss Artifact	Sealed_Abyss_Artifact_0039	65535	2
1001968	AbyssGear	被封印的阿比斯神器	Sealed Abyss Artifact	Sealed_Abyss_Artifact_0040	65535	2
1001969	AbyssGear	被封印的阿比斯神器	Sealed Abyss Artifact	Sealed_Abyss_Artifact_0041	65535	2
1001970	AbyssGear	被封印的阿比斯神器	Sealed Abyss Artifact	Sealed_Abyss_Artifact_0042	65535	2
1001971	AbyssGear	被封印的阿比斯神器	Sealed Abyss Artifact	Sealed_Abyss_Artifact_0043	65535	2
1001972	AbyssGear	被封印的阿比斯神器	Sealed Abyss Artifact	Sealed_Abyss_Artifact_0044	65535	2
1001973	AbyssGear	被封印的阿比斯神器	Sealed Abyss Artifact	Sealed_Abyss_Artifact_0045	65535	2
1001974	AbyssGear	被封印的阿比斯神器	Sealed Abyss Artifact	Sealed_Abyss_Artifact_0046	65535	2
1001975	AbyssGear	被封印的阿比斯神器	Sealed Abyss Artifact	Sealed_Abyss_Artifact_0047	65535	2
1001976	AbyssGear	被封印的阿比斯神器	Sealed Abyss Artifact	Sealed_Abyss_Artifact_0048	65535	2
1001977	AbyssGear	被封印的阿比斯神器	Sealed Abyss Artifact	Sealed_Abyss_Artifact_0049	65535	2
1001978	AbyssGear	被封印的阿比斯神器	Sealed Abyss Artifact	Sealed_Abyss_Artifact_0050	65535	2
1001979	AbyssGear	被封印的阿比斯神器	Sealed Abyss Artifact	Sealed_Abyss_Artifact_0051	65535	2
1001980	AbyssGear	被封印的阿比斯神器	Sealed Abyss Artifact	Sealed_Abyss_Artifact_0052	65535	2
1001981	AbyssGear	被封印的阿比斯神器	Sealed Abyss Artifact	Sealed_Abyss_Artifact_0053	65535	2
1001982	AbyssGear	被封印的阿比斯神器	Sealed Abyss Artifact	Sealed_Abyss_Artifact_0054	65535	2
1001983	AbyssGear	被封印的阿比斯神器	Sealed Abyss Artifact	Sealed_Abyss_Artifact_0055	65535	2
1001984	AbyssGear	被封印的阿比斯神器	Sealed Abyss Artifact	Sealed_Abyss_Artifact_0056	65535	2
1001985	AbyssGear	被封印的阿比斯神器	Sealed Abyss Artifact	Sealed_Abyss_Artifact_0057	65535	2
1001986	AbyssGear	被封印的阿比斯神器	Sealed Abyss Artifact	Sealed_Abyss_Artifact_0058	65535	2
1001987	AbyssGear	被封印的阿比斯神器	Sealed Abyss Artifact	Sealed_Abyss_Artifact_0059	65535	2
1001988	AbyssGear	被封印的阿比斯神器	Sealed Abyss Artifact	Sealed_Abyss_Artifact_0060	65535	2
1001989	AbyssGear	被封印的阿比斯神器	Sealed Abyss Artifact	Sealed_Abyss_Artifact_0061	65535	2
1001990	AbyssGear	被封印的阿比斯神器	Sealed Abyss Artifact	Sealed_Abyss_Artifact_0062	65535	2
1001991	AbyssGear	被封印的阿比斯神器	Sealed Abyss Artifact	Sealed_Abyss_Artifact_0063	65535	2
1001992	AbyssGear	被封印的阿比斯神器	Sealed Abyss Artifact	Sealed_Abyss_Artifact_0064	65535	2
1001993	AbyssGear	被封印的阿比斯神器	Sealed Abyss Artifact	Sealed_Abyss_Artifact_0065	65535	2
1001994	AbyssGear	被封印的阿比斯神器	Sealed Abyss Artifact	Sealed_Abyss_Artifact_0066	65535	2
1001995	AbyssGear	被封印的阿比斯神器	Sealed Abyss Artifact	Sealed_Abyss_Artifact_0067	65535	2
1001996	AbyssGear	被封印的阿比斯神器	Sealed Abyss Artifact	Sealed_Abyss_Artifact_0068	65535	2
1001997	AbyssGear	被封印的阿比斯神器	Sealed Abyss Artifact	Sealed_Abyss_Artifact_0069	65535	2
1001998	AbyssGear	被封印的阿比斯神器	Sealed Abyss Artifact	Sealed_Abyss_Artifact_0070	65535	2
1001999	AbyssGear	被封印的阿比斯神器	Sealed Abyss Artifact	Sealed_Abyss_Artifact_0071	65535	2
1002000	AbyssGear	被封印的阿比斯神器	Sealed Abyss Artifact	Sealed_Abyss_Artifact_0072	65535	2
1002001	AbyssGear	被封印的阿比斯神器	Sealed Abyss Artifact	Sealed_Abyss_Artifact_0073	65535	2
1002002	AbyssGear	被封印的阿比斯神器	Sealed Abyss Artifact	Sealed_Abyss_Artifact_0074	65535	2
1002003	AbyssGear	被封印的阿比斯神器	Sealed Abyss Artifact	Sealed_Abyss_Artifact_0075	65535	2
1002004	AbyssGear	被封印的阿比斯神器	Sealed Abyss Artifact	Sealed_Abyss_Artifact_0076	65535	2
1002005	AbyssGear	被封印的阿比斯神器	Sealed Abyss Artifact	Sealed_Abyss_Artifact_0077	65535	2
1002006	AbyssGear	被封印的阿比斯神器	Sealed Abyss Artifact	Sealed_Abyss_Artifact_0078	65535	2
1002007	AbyssGear	被封印的阿比斯神器	Sealed Abyss Artifact	Sealed_Abyss_Artifact_0079	65535	2
1002008	AbyssGear	被封印的阿比斯神器	Sealed Abyss Artifact	Sealed_Abyss_Artifact_0080	65535	2
1002009	AbyssGear	被封印的阿比斯神器	Sealed Abyss Artifact	Sealed_Abyss_Artifact_0081	65535	2
1002010	AbyssGear	被封印的阿比斯神器	Sealed Abyss Artifact	Sealed_Abyss_Artifact_0082	65535	2
1002011	AbyssGear	被封印的阿比斯神器	Sealed Abyss Artifact	Sealed_Abyss_Artifact_0083	65535	2
1002012	AbyssGear	被封印的阿比斯神器	Sealed Abyss Artifact	Sealed_Abyss_Artifact_0084	65535	2
1002013	AbyssGear	被封印的阿比斯神器	Sealed Abyss Artifact	Sealed_Abyss_Artifact_0085	65535	2
1002014	AbyssGear	被封印的阿比斯神器	Sealed Abyss Artifact	Sealed_Abyss_Artifact_0086	65535	2
1002015	AbyssGear	被封印的阿比斯神器	Sealed Abyss Artifact	Sealed_Abyss_Artifact_0087	65535	2
1002016	AbyssGear	被封印的阿比斯神器	Sealed Abyss Artifact	Sealed_Abyss_Artifact_0088	65535	2
1002017	AbyssGear	被封印的阿比斯神器	Sealed Abyss Artifact	Sealed_Abyss_Artifact_0089	65535	2
1002018	AbyssGear	被封印的阿比斯神器	Sealed Abyss Artifact	Sealed_Abyss_Artifact_0090	65535	2
1002019	AbyssGear	被封印的阿比斯神器	Sealed Abyss Artifact	Sealed_Abyss_Artifact_0091	65535	2
1002020	AbyssGear	被封印的阿比斯神器	Sealed Abyss Artifact	Sealed_Abyss_Artifact_0092	65535	2
1002021	AbyssGear	被封印的阿比斯神器	Sealed Abyss Artifact	Sealed_Abyss_Artifact_0093	65535	2
1002022	AbyssGear	被封印的阿比斯神器	Sealed Abyss Artifact	Sealed_Abyss_Artifact_0094	65535	2
1002023	AbyssGear	被封印的阿比斯神器	Sealed Abyss Artifact	Sealed_Abyss_Artifact_0095	65535	2
1002024	AbyssGear	被封印的阿比斯神器	Sealed Abyss Artifact	Sealed_Abyss_Artifact_0096	65535	2
1002025	AbyssGear	被封印的阿比斯神器	Sealed Abyss Artifact	Sealed_Abyss_Artifact_0097	65535	2
1002026	AbyssGear	被封印的阿比斯神器	Sealed Abyss Artifact	Sealed_Abyss_Artifact_0098	65535	2
1002027	AbyssGear	被封印的阿比斯神器	Sealed Abyss Artifact	Sealed_Abyss_Artifact_0099	65535	2
1002028	AbyssGear	被封印的阿比斯神器	Sealed Abyss Artifact	Sealed_Abyss_Artifact_0100	65535	2
1002029	AbyssGear	被封印的阿比斯神器	Sealed Abyss Artifact	Sealed_Abyss_Artifact_0132	65535	2
1002030	AbyssGear	被封印的阿比斯神器	Sealed Abyss Artifact	Sealed_Abyss_Artifact_0133	65535	2
1002031	AbyssGear	被封印的阿比斯神器	Sealed Abyss Artifact	Sealed_Abyss_Artifact_0134	65535	2
1002032	AbyssGear	被封印的阿比斯神器	Sealed Abyss Artifact	Sealed_Abyss_Artifact_0135	65535	2
1002033	AbyssGear	被封印的阿比斯神器	Sealed Abyss Artifact	Sealed_Abyss_Artifact_0136	65535	2
1002034	AbyssGear	被封印的阿比斯神器	Sealed Abyss Artifact	Sealed_Abyss_Artifact_0137	65535	2
1002035	AbyssGear	被封印的阿比斯神器	Sealed Abyss Artifact	Sealed_Abyss_Artifact_0138	65535	2
1002036	AbyssGear	被封印的阿比斯神器	Sealed Abyss Artifact	Sealed_Abyss_Artifact_0139	65535	2
1002037	AbyssGear	被封印的阿比斯神器	Sealed Abyss Artifact	Sealed_Abyss_Artifact_0140	65535	2
1002038	AbyssGear	被封印的阿比斯神器	Sealed Abyss Artifact	Sealed_Abyss_Artifact_0141	65535	2
1002039	AbyssGear	被封印的阿比斯神器	Sealed Abyss Artifact	Sealed_Abyss_Artifact_0142	65535	2
1002040	AbyssGear	被封印的阿比斯神器	Sealed Abyss Artifact	Sealed_Abyss_Artifact_0143	65535	2
1002041	AbyssGear	被封印的阿比斯神器	Sealed Abyss Artifact	Sealed_Abyss_Artifact_0144	65535	2
1002042	AbyssGear	被封印的阿比斯神器	Sealed Abyss Artifact	Sealed_Abyss_Artifact_0145	65535	2
1002043	AbyssGear	被封印的阿比斯神器	Sealed Abyss Artifact	Sealed_Abyss_Artifact_0146	65535	2
1002044	AbyssGear	被封印的阿比斯神器	Sealed Abyss Artifact	Sealed_Abyss_Artifact_0147	65535	2
1002045	AbyssGear	被封印的阿比斯神器	Sealed Abyss Artifact	Sealed_Abyss_Artifact_0148	65535	2
1002046	AbyssGear	被封印的阿比斯神器	Sealed Abyss Artifact	Sealed_Abyss_Artifact_0149	65535	2
1002047	AbyssGear	被封印的阿比斯神器	Sealed Abyss Artifact	Sealed_Abyss_Artifact_0150	65535	2
1002048	PetGear	狗狗板金头盔	Puppy Plate Helm	PetArmor_Plate_Helm_Dog	58	1
1002049	PetGear	狗狗板金盔甲	Puppy Plate Armor	PetArmor_Plate_Armor_Dog	59	1
1002050	Food	海鲜汤料理	Seafood Stew	Pan_fried_Fish_Fruit_Pancake	65535	2
1002051	Food	鱼块汤料理	Fishball Soup	Pan_fried_Fish_Grain_Pancake	65535	2
1002052	Food	谷物卷	Harvest Roll	Vegetable_Fruit_Porridge	65535	2
1002053	Food	蔬菜糕	Vegetable Rice Cake	Pan_fried_Vegetable_Fruit_Pancake	65535	2
1002054	Food	谷物汤料理	Grain Soup	Pan_fried_Vegetable_Grain_Pancake	65535	2
1002055	Food	黏糕	Chewy Rice Cakes	Pan_fried_Fruit_Grain_Pancake	65535	2
1002056	Food	什锦鱼肉烤串	Assorted Meat and Fish Skewers	Meat_Fish_Fruit_Sanjeok	65535	2
1002057	Food	厚切烤肉	Grilled Meat Steak	Meat_Fish_Grain_Sanjeok	65535	2
1002058	Food	肉块汤料理	Meatball Soup	Meat_Fish_Vegetable_Egg	65535	2
1002059	Misc	什锦厚切烤串	Mixed Skewers	Nureumjeok	65535	2
1002060	Misc	五彩什锦汤料理	Harvest Soup	Sinseollo	65535	2
1002061	Misc	调味炒打糕	Pan-Fried Rice Cakes	Gungjung_Tteokbokki	65535	2
1002062	Food	浓郁肉汤料理	Meat Stew	Beef_Bone_Soup	65535	2
1002063	Misc	阿比斯动力核心	Abyss Cell	AbyssRuinsCreatureCore	65535	2
1002064	Misc	五彩谷物拌饭	Mixed Harvest Bowl	Jeonju_Bibimbap	65535	2
1002065	Misc	蛋衣谷物卷	Battered Harvest Roll	Kimbap	65535	2
1002066	Food	浓郁什锦汤料理	Mixed Stew	Fish_Soup	65535	2
1002067	Food	调味炒鱼	Pan-Fried Marinated Fish	Fish_Bulgogi	65535	2
1002068	Food	浓郁鱼汤料理	Fish Stew	Fish_Stew	65535	2
1002069	Food	什锦炖鱼	Assorted Braised Fish	Full_Course_of_Braised_Fish	65535	2
1002070	Misc	五彩炒蔬菜	Pan-Fried Vegetables	Japchae	65535	2
1002071	Misc	晚餐套餐	Grand Meal	Surasang_00	65535	2
1002072	Misc	佳肴套餐	Extravagant Meal	Surasang_01	65535	2
1002073	Misc	宴席套餐	Lavish Meal	Surasang_02	65535	2
1002074	Misc	特色套餐	Fine Meal	Surasang_03	65535	2
1002075	Misc	风味套餐	Special Meal	Surasang_04	65535	2
1002076	Misc	高级套餐	Meal	Surasang_05	65535	2
1002077	Misc	未确认阿比斯齿轮	Unidentified Abyss Gear	Item_AbyssGear_Stat_Lv1_Box	65535	2
1002078	HorseGear	哈格蒙特马甲	Hagmund Barding	Hagmundt_HorseArmor_Armor	60	1
1002079	Document	已逝海盗王的藏宝图	Dead Pirate King's Treasure Map	TreasureMap_Dead_Pirate_King_Treasure	65535	2
1002080	Misc	小球藻	Green Algae	Item_Rare_Collect_chlorella	65535	2
1002081	Misc	锹形虫	Stag Beetle	Item_Stag_Beetle	65535	2
1002082	Misc	蚕蛾	Silkworm Moth	Item_Silkworm_Moth	65535	2
1002083	Misc	野蚕蛾	Wild Silkworm Moth	Item_Luna_Moth	65535	2
1002084	Misc	天牛	Longhorn Beetle	Item_Longhorn_Beetle	65535	2
1002085	Misc	吉丁虫	Jewel Beetle	Item_Jewel_Beetle	65535	2
1002086	Recipe	世界单手武器全集 · 第1卷	One-Handed Weapons of the World, Vol. I	Recipe_Book_OneHandWeapon_I	65535	2
1002087	Recipe	世界单手武器全集 · 第2卷	One-Handed Weapons of the World, Vol. II	Recipe_Book_OneHandWeapon_II	65535	2
1002088	Recipe	世界单手武器全集 · 第3卷	One-Handed Weapons of the World, Vol. III	Recipe_Book_OneHandWeapon_III	65535	2
1002089	Recipe	世界单手武器全集 · 第4卷	One-Handed Weapons of the World, Vol. IV	Recipe_Book_OneHandWeapon_IV	65535	2
1002090	Misc	芋头	Taro	Item_Rare_Collect_Taro	65535	2
1002091	Helmet	天敌面具板金头盔	Thunderbird Mask Plate Helm	Natural_Enemy_PlateArmor_Helm	4	1
1002092	Helmet	贝瑟尼特板金头盔	Besnet Plate Helm	Bessenette_PlateArmor_Helm	4	1
1002093	Tool	木制三齿耙	Wooden Pitchfork	Equip_TriRake	86	1
1002094	Tool	农用大型耙镰	Large Farming Rake Scythe	Equip_Large_Agricultural_Sickle_1	91	1
1002095	Misc	甲虫	Beetle	Item_Beetle	65535	2
1002096	Misc	贡多拉	Contola	Condola	65535	2
1002097	PetGear	狗狗布帽	Puppy Cloth Hat	PetArmor_Fabric_Helm_Dog	58	1
1002098	PetGear	狗狗布制服装	Puppy Cloth Outfit	PetArmor_Fabric_Armor_Dog	59	1
1002099	VehicleGear	A.T.A.G.焊接机	A.T.A.G. Welder	WarRobot_RepairTool_01_R	79	1
1002100	Misc	大容量水桶	Large Water Bottle	Collection_Prop_Bottle_0053	65535	2
1002101	Gloves	灰狼皮制手套	Ashen Wolf's Leather Gloves	Oongka_Basic_Leather_Gloves	6	1
1002102	TwoHandWeapon	瑟尔丁巨剑	Serdin Greatsword	Serdin_Giant_TwoHandGiantBastard	18	1
1002103	TwoHandWeapon	帕尔贝尔巨剑	Parvel Greatsword	Parvel_Giant_TwoHandGiantBastard	18	1
1002104	TwoHandWeapon	阿尔本巨剑	Arben Greatsword	Arven_Giant_TwoHandGiantBastard	18	1
1002105	TwoHandWeapon	鲁塞克巨剑	Lusec Greatsword	Lusek_Giant_TwoHandGiantBastard	18	1
1002106	TwoHandWeapon	维拉克巨剑	Verak Greatsword	Verak_Giant_TwoHandGiantBastard	18	1
1002107	Helmet	芦苇恶魔追随者巨魔布制头盔	Reed Devil Minion Troll's Cloth Helm	Reeddevil_Troll_Fabric_Helm	4	1
1002108	ChestArmor	芦苇恶魔盔甲	Reed Devil Troll Armor	Reeddevil_Troll_Leather_Armor	5	1
1002109	Gloves	埃尔德鲁安皮制手套	Eldruan Leather Gloves	Eldruan_Leather_Gloves	6	1
1002110	Food	黄鲂鱼	Threeline Grunt	Food_Benjari	65535	2
1002111	ChestArmor	布利德干部皮制盔甲	Bleed Officer's Leather Armor	Bleed_Bandits_Leather_Armor	5	1
1002112	Misc	朴素连衣裙玩偶	Simple Dress Doll	Collection_Prop_Doll_0001	65535	2
1002113	Misc	高级蓝色兜帽玩偶	Fine Blue Bonnet Doll	Collection_Prop_Doll_0002	65535	2
1002114	Misc	朴素的棕色兜帽玩偶	Simple Brown Bonnet Doll	Collection_Prop_Doll_0003	65535	2
1002115	Misc	米色头巾玩偶	Beige Bandana Doll	Collection_Prop_Doll_0004	65535	2
1002116	Misc	棕色连衣裙玩偶	Brown Dress Doll	Collection_Prop_Doll_0005	65535	2
1002117	Misc	棕色兜帽玩偶	Doll Wearing Brown Bonnet	Collection_Prop_Doll_0006	65535	2
1002118	TwoHandWeapon	铋元素双手火炮	Bismuth Cannon	Bismuth_TwoHandCannon_I	38	1
1002119	ChestArmor	威尔斯叛军骑士板金盔甲	Wells Rider Plate Armor	Wells_PlateArmor_Armor	5	1
1002120	Boots	塞尔达尔板金鞋子	Serval Plate Boots	Serdhal_Plate_Boots_I	7	1
1002121	HorseGear	威尔斯军用马甲	Wells Military Barding	Wells_HorseArmor_Armor	60	1
1002122	Helmet	欺诈者的费多拉	Deceiver's Fedora	Card_Vision_Helm	4	1
1002123	TwoHandWeapon	精锐突击队	Elite Vanguard	Wells_TwoHandGiantSpear	21	1
1002124	TwoHandWeapon	竹枪	Bamboo Spear	Bamboo_TwoHandSpear	21	1
1002125	Misc	银子弹	Silver Bullet	Silver_Bullet	65535	2
1002126	Helmet	威尔斯精英板金头盔	Wells Elite Plate Helm	Checia_PlateArmor_Helm_I	4	1
1002127	Cloak	布利德精英布制披风	Bleed Officer's Cloth Cloak	Tarif_Fabric_Cloak_I	69	1
1002128	Recipe	嘟嘟鸟长枪特殊制作配方	Kuku Spear Special Blueprint	CraftingRecipe_Kuku_Pot_Spear_Book	65535	2
1002129	Recipe	嘟嘟鸟背囊特殊制作配方	Kuku Pack Special Blueprint	CraftingRecipe_Kuku_Pot_Backpack_Book	65535	2
1002130	Backpack	嘟嘟鸟背囊	Kuku Pack	Kuku_Pot_BackPack	66	1
1002131	Quest	琳达的告示	Linda's Poster	Quest_Paper_Dem_Linda	65535	2
1002132	Misc	嘟嘟鸟小型A.T.A.G.	Small Kuku A.T.A.G.	Item_KuKu_Small_ATAG	65535	2
1002133	Necklace	蓝色獠牙项链	Blue Fang Necklace	Pailune_Necklace	9	1
1002134	ChestArmor	塔奥兰特布制盔甲	Tiorant Cloth Armor	Taorant_Fabric_Armor_II	5	1
1002135	Cloak	塔奥兰特布制披风	Tiorant Cloth Cloak	Taorant_Fabric_Cloak	69	1
1002136	Backpack	嘟嘟鸟强化电磁干扰器	Kuku Enhanced Disruptor	Kuku_EMP_Enhance_BackPack	66	1
1002137	Backpack	嘟嘟鸟监视者的背囊	Kuku Watcher Pack	Kuku_Drone_Backpack	66	1
1002138	Tool	末日之斧	Axe of the Apocalypse	Boss_Reward_SuperWeapon	87	1
1002139	Misc	机械龙的零件	Golden Star's Component	Boss_Reward_DragonParts	65535	2
1002140	Misc	不死祝福	Blessing of the Immortal	Boss_Reward_SuperSkill	65535	2
1002141	Document	失踪的牛的下落	Missing Cows	NoticePaper_Her_LostCow	65535	2
1002142	Misc	掠夺者的金匣	Plunderer's Gold Chest	Boss_Reward_BigMoney	65535	2
1002143	Helmet	火焰骑士团板金头盔	Flame Knight's Plate Helm	Flame_Knights_PlateArmor_Helm_I	4	1
1002144	Document	隐秘的藏宝图1号	Hidden Treasure Map Piece 1	Hidden_TreasureMap_I	65535	2
1002145	Misc	天空之眼	Eye of the Sky	Boss_Reward_KweidenNode	65535	2
1002146	Document	REN-X监视记录	REN-X Surveillance Record	Boss_Reward_DelesyianNode	65535	2
1002147	Document	偷角贼	Horn Thief	NoticePaper_Her_StolenGoatHorn	65535	2
1002148	Document	失踪的乌利	Missing Wooly	NoticePaper_Her_FindSheep	65535	2
1002149	Recipe	火焰长枪制作方法	Flame Spear Blueprint	Recipe_Book_Spear_Fire	65535	2
1002150	Misc	巨型黑糖	Giant Brown Sugar Cube	Boss_Reward_Supercarrot	65535	2
1002151	Document	金矿地图	Gold Vein Map	Boss_Reward_GoldVeinMap	65535	2
1002152	Document	长满青苔的秘密地图	Mossy Secret Map	Boss_Reward_FishMap	65535	2
1002153	Misc	鲶鱼爵士的航海日志	Voyages of Sir Catfish	Boss_Reward_CatFishMap	65535	2
1002154	Misc	雷神印记	Trace of the Thunder God	Boss_Reward_KweidenContribution	65535	2
1002155	Misc	神秘礼物	Mysterious Gift	Boss_Reward_Npc01Intimacy	65535	2
1002156	Misc	堕落圣杯	Chalice of Corruption	Boss_Reward_StatsCrime	65535	2
1002157	Misc	血色祝福	Bloodstained Blessing	Boss_Reward_MiraculousRecovery	65535	2
1002158	TwoHandWeapon	德梅尼斯中型旗帜	Medium Demenissian Banner Pike	Demeniss_Flag_III	23	1
1002159	Misc	暗影手套	Shadow Gloves	Boss_Reward_MasterThief	65535	2
1002160	Misc	黄金猪存钱罐	Golden Piggy Bank	Boss_Reward_AutomatedIncome	65535	2
1002161	Recipe	风力长枪制作方法	Propeller Spear Blueprint	Recipe_Book_Spear_Wind	65535	2
1002162	Recipe	闪电长枪制作方法	Lightning Spear Blueprint	Recipe_Book_Spear_Lightning	65535	2
1002163	Misc	全息转换器	Hologram Projector	Boss_Reward_SummonMerchant	65535	2
1002164	Misc	红色杯盏	Dark Red Goblet	Boss_Reward_StatsStamina	65535	2
1002165	Misc	图尔坎的斗志	T'rukan's Fighting Spirit	Boss_Reward_StatsMp	65535	2
1002166	Misc	暗影契约	Shadow Contract	Boss_Reward_BountyReduction	65535	2
1002167	AbyssGear	寒霜帷帐I	Frostward I	Item_Stat_AbyssGear_IceResistance_LV1	65535	2
1002168	Misc	古代自然的记忆	Memory of Ancient Nature	Boss_Reward_KnowledgeOverview	65535	2
1002169	Misc	立夫勒之魂	Leebur's Soul	Boss_Reward_Tracker	65535	2
1002170	Misc	贤者之眼	Sage's Eye	Boss_Reward_QuickLearner	65535	2
1002171	Document	隐秘的藏宝图2号	Hidden Treasure Map Piece 2	Hidden_TreasureMap_II	65535	2
1002172	Misc	黄金啤酒	Golden Beer	Boss_Reward_Efficiency	65535	2
1002173	HorseGear	哈格蒙特马鞍	Hagmund Saddle	Hagmundt_HorseArmor_Saddle	62	1
1002174	Misc	亡国的记忆	Memory of a Fallen Kingdom	Boss_Reward_ReturnCamp	65535	2
1002175	TwoHandWeapon	嘟嘟鸟闪电长枪	Kuku Lightning Spear	KuKu_Lightning_TwoHandSpear	21	1
1002176	TwoHandWeapon	嘟嘟鸟火焰长枪	Kuku Flame Spear	KuKu_Fire_staff_spear_TwoHandSpear	21	1
1002177	TwoHandWeapon	嘟嘟鸟风力长枪	Kuku Propeller Spear	KuKu_Wind_TwoHandSpear	21	1
1002178	TwoHandWeapon	嘟嘟鸟电磁干扰长枪	Kuku Disruptor Spear	KuKu_EMP_TwoHandSpear	21	1
1002179	TwoHandWeapon	嘟嘟鸟激光炮长枪	Kuku Laser Cannon Spear	Kuku_YamatoCannon_TwoHandSpear	21	1
1002180	OneHandWeapon	嘟嘟鸟火焰喷射器	Kuku Flamespitter	Kuku_FlameThrower	49	1
1002181	OneHandWeapon	嘟嘟鸟冰霜喷射器	Kuku Frostspitter	Kuku_IceThrower	50	1
1002182	Misc	嘟嘟鸟强化铁锅	Enhanced Kuku Pot	Item_Kuku_Pot_02	65535	2
1002183	Misc	右手岩石	Right Hand Boulder	Visione_Chip_RightHandStone	65535	2
1002184	Misc	[QA] 侧写档案 (埃尔南德-佩伦 20)	[QA] Profiling (Hernand-Pailune 20)	Dev_QA_hertopail_run	65535	2
1002185	Misc	倾斜的钓台	Creaky Fishing Dock	Visione_Chip_FishingSpot	65535	2
1002186	Quest	佐夫鲁亚的告示	Jofroy's Poster	Quest_Paper_Dem_Geoffroi	65535	2
1002187	Quest	玛丽埃尔的告示	Marielle's Poster	Quest_Paper_Dem_Mariel	65535	2
1002188	Quest	德尔金的告示	Delkin's Poster	Quest_Paper_Her_Delkin	65535	2
1002189	Quest	提娜的告示	Tina's Poster	Quest_Paper_Her_Tina	65535	2
1002190	Quest	布兰的告示	Bran's Poster	Quest_Paper_Her_Bran	65535	2
1002191	Quest	提米尔的告示	Temir's Poster	Quest_Paper_Her_Timmyr	65535	2
1002192	Quest	特罗马格的告示	Trolmagg's Poster	Quest_Paper_Dem_Trollmag	65535	2
1002193	Quest	奥洛内尔的告示	Olanelle's Poster	Quest_Paper_Dem_Orlonel	65535	2
1002194	Quest	基凯的告示	Kiki's Poster	Quest_Paper_Dem_Kike	65535	2
1002195	Quest	科伦的告示	Khron's Poster	Quest_Paper_Dem_Khorn	65535	2
1002196	Quest	格雷因哈特的告示	Grannard's Poster	Quest_Paper_Dem_GrainHart	65535	2
1002197	HorseGear	哈格蒙特马面	Hagmund Champron	Hagmundt_HorseArmor_Helm	61	1
1002198	Misc	小型电池	Small Battery	Small_Mechanical_Powerplant	65535	2
1002199	Misc	奉献之印	Seal of Devotion	Boss_Reward_Graymanes	65535	2
1002200	Misc	白色信使	The Ivory Messenger	Boss_Reward_Survivors	65535	2
1002201	Misc	酒桶男爵23号加尼耶的残骸	Wrecked Keglord	Boss_Reward_LargeWood	65535	2
1002202	Misc	废矿的秘密	Secret of the Abandoned Mine	Boss_Reward_LargeStone	65535	2
1002203	Recipe	暗红礼服头盔制作配方	Elegant Carmine Helm Blueprint	CraftingRecipe_Demian_PlateArmor_Helm_XIII	65535	2
1002204	Recipe	暗红礼服盔甲制作配方	Elegant Carmine Armor Blueprint	CraftingRecipe_Demian_Leather_Armor_V	65535	2
1002205	Document	隐秘的藏宝图3号	Hidden Treasure Map Piece 3	Hidden_TreasureMap_III	65535	2
1002206	Document	隐秘的藏宝图4号	Hidden Treasure Map Piece 4	Hidden_TreasureMap_IV	65535	2
1002207	Document	隐秘的藏宝图5号	Hidden Treasure Map Piece 5	Hidden_TreasureMap_V	65535	2
1002208	Document	隐秘的藏宝图6号	Hidden Treasure Map Piece 6	Hidden_TreasureMap_VI	65535	2
1002209	Document	隐秘的藏宝图7号	Hidden Treasure Map Piece 7	Hidden_TreasureMap_VII	65535	2
1002210	Document	隐秘的藏宝图8号	Hidden Treasure Map Piece 8	Hidden_TreasureMap_VIII	65535	2
1002211	Document	隐秘的藏宝图9号	Hidden Treasure Map Piece 9	Hidden_TreasureMap_IX	65535	2
1002212	Document	隐秘的藏宝图10号	Hidden Treasure Map Piece 10	Hidden_TreasureMap_X	65535	2
1002213	Document	隐秘的藏宝图11号	Hidden Treasure Map Piece 11	Hidden_TreasureMap_XI	65535	2
1002214	Quest	菲奥娜的告示	Fiona's Poster	Quest_Paper_Dem_Fiona	65535	2
1002215	Quest	扎尔贡的告示	Zargon's Poster	Quest_Paper_Dem_Zarkon	65535	2
1002216	Quest	埃拉伊扎的告示	Elise's Poster	Quest_Paper_Dem_Eliza	65535	2
1002217	Quest	弗林特的告示	Flint's Poster	Quest_Paper_Dem_Flint	65535	2
1002218	Misc	奇怪的宗教	Suspicious Religion	Visione_Chip_AntumbraFanatic	65535	2
1002219	Quest	图尔纳里的告示	Turnali's Poster	Quest_Paper_Her_Turnuli	65535	2
1002220	Quest	阿尔登的告示	Alden's Poster	Quest_Paper_Her_Aldun	65535	2
1002221	Quest	布鲁纳的告示	Bruna's Poster	Quest_Paper_Her_Bruna	65535	2
1002222	Quest	格拉娜的告示	Grania's Poster	Quest_Paper_Her_Grana	65535	2
1002223	Quest	诺尔克的告示	Nork's Poster	Quest_Paper_Her_Yjork	65535	2
1002224	Quest	贝尔多的告示	Berto's Poster	Quest_Paper_Her_Berdo	65535	2
1002225	Quest	舒尔格的告示	Serge's Poster	Quest_Paper_Her_Shirg	65535	2
1002226	Quest	乌格蒙的告示	Ugmon's Poster	Quest_Paper_Her_Ugmum	65535	2
1002227	Quest	弗罗克斯的告示	Prox's Poster	Quest_Paper_Her_Frox	65535	2
1002228	Quest	佩莱格林的告示	Peregrine's Poster	Quest_Paper_Her_Peregrine	65535	2
1002229	Quest	哈维斯顿的告示	Haverson's Poster	Quest_Paper_Her_Harveston	65535	2
1002230	Quest	德里阿那的告示	Driana's Poster	Quest_Paper_Her_Drianna	65535	2
1002231	Quest	格洛因的告示	Galen's Poster	Quest_Paper_Her_Gloin	65535	2
1002232	Quest	马蒂尔达的告示	Matilda's Poster	Quest_Paper_Her_Matilda	65535	2
1002233	Quest	阿德丽娜的告示	Adrina's Poster	Quest_Paper_Her_Adelina	65535	2
1002234	Quest	里奥尔的告示	Leore's Poster	Quest_Paper_Del_Lior	65535	2
1002235	Quest	雷尼埃的告示	Renier's Poster	Quest_Paper_Del_Rainier	65535	2
1002236	Quest	梅里格雷恩的告示	Merrigan's Poster	Quest_Paper_Del_Merrigrain	65535	2
1002237	Quest	斯卡达尔的告示	Skaldar's Poster	Quest_Paper_Del_Skaldar	65535	2
1002238	Quest	迈登的告示	Maidon's Poster	Quest_Paper_Del_Maiden	65535	2
1002239	Quest	马尔提娜的告示	Martina's Poster	Quest_Paper_Del_Martina	65535	2
1002240	Quest	多尼的告示	Donny's Poster	Quest_Paper_Del_Doni	65535	2
1002241	Quest	朗德尔的告示	Randelle's Poster	Quest_Paper_Del_Randel	65535	2
1002242	Quest	福雷克斯的告示	Forrex's Poster	Quest_Paper_Del_Forex	65535	2
1002243	Quest	哈迪扎的告示	Hadiza's Poster	Quest_Paper_Crim_Khadija	65535	2
1002244	Quest	阿丽娜的告示	Alina's Poster	Quest_Paper_Crim_Arinna	65535	2
1002245	Quest	萨米尔的告示	Samir's Poster	Quest_Paper_Crim_Samir	65535	2
1002246	Quest	扎拉的告示	Zara's Poster	Quest_Paper_Crim_Zara	65535	2
1002247	Quest	帕提玛的告示	Fatima's Poster	Quest_Paper_Crim_Fatima	65535	2
1002248	Quest	努尔的告示	Nora's Poster	Quest_Paper_Crim_Noor	65535	2
1002249	Quest	埃斯福德的告示	Esford's Poster	Quest_Paper_Crim_Esperd	65535	2
1002250	Misc	教会地下仓库钥匙	Church Crypt Key	WestDemenissChurch_Key	65535	2
1002251	Misc	动荡的记忆	Memory of Turbulence	Puzzle_Reward_TreasureMap_Dem_Second	65535	2
1002252	Misc	马罗尼激光零件	Marni Laser Component	MarniMachineLaser	65535	2
1002253	Necklace	晴光项链	Radiant Necklace	WeatherWeaver_Sunny_Necklace	9	1
1002254	Misc	动态艺术海豚	Kinetic Dolphin Family	gimmick_tool_kinetic_dolphin_0001	65535	2
1002255	Misc	动态艺术海豚	Kinetic Dolphin	gimmick_tool_kinetic_dolphin_0002	65535	2
1002256	Misc	动态艺术船舶	Kinetic Boat	gimmick_tool_kinetic_boat_0001	65535	2
1002257	Misc	动态艺术之花	Kinetic Circle	gimmick_tool_kinetic_circle_0001	65535	2
1002258	Quest	德梅尼斯信物	Demeniss Token	Quest_DemenisMark	65535	2
1002259	Misc	静谧中的遇难船只	Shipwreck in Silence	Visione_Chip_SilenceShipwreck	65535	2
1002260	Misc	日光树林大宅的钥匙	Sungrove Manor Key	SungroveManor_HomeKey	65535	2
1002261	OneHandWeapon	迷雾藤剑	Sword of Wayward Woods	Paralyze_OneHandSword	0	1
1002262	Trade	包装粮食	Packaged Provisions	Trade_Food_PackedInVehicle	65535	2
1002263	Trade	包装好的木材	Packaged Timber	Trade_Wood_PackedInVehicle	65535	2
1002264	Trade	包装石材	Packaged Stone	Trade_Stone_PackedInVehicle	65535	2
1002265	Trade	包装兵器	Packaged Arms	Trade_Weapon_PackedInVehicle	65535	2
1002266	Misc	圆筒木盒	Cylindrical Wooden Box	Collection_Prop_Chest_0010	65535	2
1002267	ChestArmor	野狼追踪者皮制盔甲	Wolf Tracker Leather Armor	Wolf_Pursuer_Leather_Armor	5	1
1002268	ChestArmor	盗贼的布制盔甲	Bandit Cloth Armor	Laviren_Fabric_Armor_1	5	1
1002269	VehicleGear	深渊龙铠	Abyssal Dragon Armor	Dragon_Armor_01	83	1
1002270	Helmet	使节团皮革帽	Delegation Leather Hat	Delegation_Leather_Helm	4	1
1002271	Quest	女巫印记	Witch's Token	Quest_Witch_Token_I	65535	2
1002272	Quest	女巫印记	Witch's Token	Quest_Witch_Token_II	65535	2
1002273	Quest	女巫印记	Witch's Token	Quest_Witch_Token_III	65535	2
1002274	ChestArmor	德梅尼斯近卫队板金盔甲	Demeniss Guard's Plate Armor	Luwaiet_PlateArmor_Armor_I	5	1
1002275	ChestArmor	德梅尼斯近卫队板金盔甲	Demeniss Guard's Plate Armor	Luwaiet_PlateArmor_Armor_II	5	1
1002276	Boots	沼泽克雷斯皮制鞋子	Wetlands Clays Leather Boots	Clays_Leather_Boots_III	7	1
1002277	Boots	金饰克雷斯皮制鞋子	Gilded Clays Leather Boots	Clays_Leather_Boots_IV	7	1
1002278	ChestArmor	大义审判官近卫队板金盔甲	Righteous Inquisitors Guard's Plate Armor	Vennebis_PlateArmor_Armor_II	5	1
1002279	ChestArmor	大义审判官近卫队板金盔甲	Righteous Inquisitors Guard's Plate Armor	Vennebis_PlateArmor_Armor_III	5	1
1002280	ChestArmor	大义审判官近卫队板金盔甲	Righteous Inquisitors Guard's Plate Armor	Vennebis_PlateArmor_Armor_IV	5	1
1002281	ChestArmor	德梅尼斯近卫队板金盔甲	Demeniss Guard's Plate Armor	Luwaiet_PlateArmor_Armor_III	5	1
1002282	ChestArmor	伊尔卡贝尔皮制盔甲	Yrkabel Leather Armor	Deer_King_Follower_Leather_Armor_VI	5	1
1002283	Cloak	欧德克守护者板金披风	Odeck's Protector Plate Cloak	OrcuMer_PlateArmor_Cloak	69	1
1002284	Helmet	嘟嘟鸟马罗尼激光头盔	Kuku Marni Laser Helm	Marni_Laser_Helm_Upgrade	4	1
1002285	ChestArmor	嘟嘟鸟放电盔甲	Kuku Lightning-Resistant Armor	Titan_PlateArmor_Armor_Upgrade	5	1
1002286	ChestArmor	嘟嘟鸟阻燃盔甲	Kuku Flame-Resistant Armor	Paphneil_PlateArmor_Armor_Upgrade	5	1
1002287	ChestArmor	嘟嘟鸟御寒盔甲	Kuku Ice-Resistant Armor	king_LostPeople_PlateArmor_Armor_Upgrade	5	1
1002288	Quest	长叶树林探访警告	Warning of Longleaf Forest Entry	Quest_Faction_Start_LongLeafForest	65535	2
1002289	Misc	隐藏的宝藏	Hidden Treasure	Visione_Chip_HiddenTreasure	65535	2
1002290	Misc	公正女神像	Statue of the Goddess of Justice	Visione_Chip_LadyJustice	65535	2
1002291	Earring	战场之光耳环	Light of the Battlefield Earring	Demian_Earring_I	8	1
1002292	Recipe	高级鱼竿制作方法	Fine Fishing Rod Blueprint	Recipe_Book_FishingRod_II	65535	2
1002293	OneHandWeapon	喇叭霰弹枪	Trumpet Shotgun	Trumpet_OneHandShotgun	36	1
1002294	Misc	万能钥匙	Master Key	Master_Key	65535	2
1002295	Misc	桥下的宝藏	Treasure Under the Bridge	Visione_Chip_UndertheBridge	65535	2
1002296	ChestArmor	觉醒豺狗皮制盔甲	Awakened Jackal's Leather Armor	Boss_Ludvig_Awakening_Leahter_Armor	5	1
1002297	Gloves	德梅尼斯军服皮制手套	Demenissian Uniform Leather Gloves	Damian_Demeniss_Uniform_Leather_Gloves	6	1
1002298	Misc	被遗忘的记忆	Forgotten Memory	Puzzle_Reward_TreasureMap_Del	65535	2
1002299	Misc	圆筒形黄土陶罐	Cylindrical Ocher Jar	Collection_Prop_Ceramic_0050	65535	2
1002300	Misc	筒形泥陶罐	Cylindrical Clay Jar	Collection_Prop_Ceramic_0051	65535	2
1002301	Misc	古老的鼓腹陶罐	Old Round Jar	Collection_Prop_Ceramic_0052	65535	2
1002302	Misc	棕色鼓腹陶罐	Brown Round Jar	Collection_Prop_Ceramic_0053	65535	2
1002303	Misc	褪色的水罐	Old Water Pot	Collection_Prop_Ceramic_0054	65535	2
1002304	Misc	浅棕色水罐	Light Brown Water Pot	Collection_Prop_Ceramic_0055	65535	2
1002305	Quest	卡利德的告示	Khalid's Poster	Quest_Paper_Crim_Khalid	65535	2
1002306	Misc	旅行用酒瓶	Travel Flask	Collection_Prop_Bottle_0045	65535	2
1002307	Quest	托马斯的告示	Thomas's Poster	Quest_Paper_Crim_Thomas	65535	2
1002308	Quest	斯尼克斯的告示	Nix's Poster	Quest_Paper_Crim_Sniks	65535	2
1002309	Quest	贝亚的告示	Bea's Poster	Quest_Paper_Crim_Beatrice	65535	2
1002310	Quest	奥马尔的告示	Omar's Poster	Quest_Paper_Crim_Omar	65535	2
1002311	Recipe	嘟嘟鸟机器人特殊制作配方	Kuku Robot Special Blueprint	CraftingRecipe_Kuku_Pot_Machine_Book	65535	2
1002312	Misc	冒险者食物背包 E型	Adventurer's Cooking Inventory Type E	Item_Set_E_RestArea	65535	2
1002313	Misc	身份不明的尸体	Unidentified Corpse	Visione_Chip_JohnDoe	65535	2
1002314	Misc	白桦森林坟墓	Birch Forest Grave	Visione_Chip_TreeForestTomb	65535	2
1002315	Misc	树上的马车	Treetop Wagon	Visione_Chip_WagonOnATree	65535	2
1002316	Misc	废弃屋舍	Abandoned House	Visione_Chip_AbandonedHouse	65535	2
1002317	Misc	奇异的骷髅	A Strange Skull	Visione_Chip_WeirdSkull	65535	2
1002318	Misc	奇怪的雕刻师	A Suspicious Sculptor	Visione_Chip_Sculptor	65535	2
1002319	Misc	H.A.L.L.	H.A.L.L.	Visione_Chip_Hall	65535	2
1002320	Misc	纳斯江上游大坝	Upper Nas River Dam	Visione_Chip_riverdam	65535	2
1002321	Misc	埃尔南德枭首台	Hernand Gallows	Visione_Chip_HernandGibbet	65535	2
1002322	Document	布鲁纳的纸条	Bruna's Note	Paper_Bruna	65535	2
1002323	Misc	乌鸦与精神病患者	The Madman and the Crows	Visione_Chip_Suspiciouscult	65535	2
1002324	Misc	陨石砸落的房屋	Boulder Crash Site	Visione_Chip_MeteorHouse	65535	2
1002325	Misc	水上废屋	Abandoned House on the Water	Visione_Chip_RuinedHouse	65535	2
1002326	Misc	水上染色工	Dyer on the Water	Visione_Chip_RuinedHouse_II	65535	2
1002327	Misc	空中帆船	Sky Galleon	Visione_Chip_Shipwreck	65535	2
1002328	Misc	集体仪式	Communal Ritual	Visione_Chip_LakeAltar	65535	2
1002329	Misc	德雷西亚的钟	Bell of Delesyia	Visione_Chip_DelesyiaBell	65535	2
1002330	Misc	精神改造室	Mental Reconditioning	Visione_Chip_MentalCareRoom	65535	2
1002331	Misc	巴顿霍尔城堡前的营地	Vat'nholl Camp	Visione_Chip_VatnhollCamp	65535	2
1002332	Misc	五指山	Five-Finger Mountain	Visione_Chip_FiveFingerMountain	65535	2
1002333	Misc	剑冢与王座	The Sword's Grave and Throne	Visione_Chip_SwordAndThrone	65535	2
1002334	Misc	巨人族的遗骸	Remains of the Giants	Visione_Chip_GiantBone	65535	2
1002335	Misc	损坏的水车	Broken Watermill	Visione_Chip_BrokenMill	65535	2
1002336	Misc	巨型弩车	Giant Ballista	Visione_Chip_GiantBallista	65535	2
1002337	Misc	插满斧子的树	Axe-Studded Tree	Visione_Chip_TreeOfAxes	65535	2
1002338	Misc	蘑菇满地的洞窟	Mushroom Cave	Visione_Chip_MushroomCave	65535	2
1002339	Misc	被盗贼掳来之人的骸骨	Bones of the Bandits' Victims	Visione_Chip_Bonesrobbed	65535	2
1002340	Misc	天坑	Sinkhole	Visione_Chip_Sinkhole	65535	2
1002341	Misc	冒险者的淬火背包 A型	Adventurer's Refinement Inventory Type A	Item_Set_A_Enhance_RestArea	65535	2
1002342	Misc	神秘洞窟入口	Mysterious Cave Entrance	Visione_Chip_CaveEntrance	65535	2
1002343	Misc	雷劈木	Lightning-Struck Tree	Visione_Chip_LightningstrikeTree	65535	2
1002344	Misc	安全的花丛	Flowerbush of Safety	Visione_Chip_SafetyFlowerBush	65535	2
1002345	Misc	冒险者淬火背包 B型	Adventurer's Refinement Inventory Type B	Item_Set_B_Enhance_RestArea	65535	2
1002346	Misc	未知洞窟	Unknown Cave	Visione_Chip_UnknownCave	65535	2
1002347	Misc	不祥的预言	Ominous Prophecy	Visione_Chip_OminousProphecy	65535	2
1002348	Misc	母亲与儿子	Mother and Son	Visione_Chip_MotherAndSon	65535	2
1002349	Misc	荒废的牧场	Abandoned Ranch	Visione_Chip_EmptyRanch	65535	2
1002350	Misc	衰老的海洋之王	Old King of the Sea	Visione_Chip_OldKingOfTheSea	65535	2
1002351	Misc	搁浅的商团船只	Stranded Merchant Vessel	Visione_Chip_DestroyedMerchantShip	65535	2
1002352	Misc	悬崖下的家园	Settlement Beneath the Cliff	Visione_Chip_CliffUnderHome	65535	2
1002353	Misc	垂钓者摇篮	Bounty's Net	Visione_Chip_FishermanPlace	65535	2
1002354	Misc	空棺材	Empty Coffin	Visione_Chip_emptycoffin	65535	2
1002355	Misc	冒险者淬火背包 C型	Adventurer's Refinement Inventory Type C	Item_Set_C_Enhance_RestArea	65535	2
1002356	Misc	哈尔修斯药剂所	Halssius Apothecary	Visione_Chip_pharmacy	65535	2
1002357	Misc	废城遗址营地	Castle Ruins Encampment	Visione_Chip_castleruincamp	65535	2
1002358	ChestArmor	迷雾猫头鹰皮制盔甲	Mistcloaked Owl Leather Armor	Owls_of_the_Mist_Leahter_Armor_V	5	1
1002359	Boots	迷雾猫头鹰皮制鞋子	Mistcloaked Owl Leather Boots	Owls_of_the_Mist_Leather_Boots	7	1
1002360	Helmet	迷雾猫头鹰板金头盔	Mistcloaked Owl Plate Helm	Owls_of_the_Mist_PlateArmor_Helm_II	4	1
1002361	Misc	建造在岩缝中的房屋	A House Between Rocks	Visione_Chip_RockShelter	65535	2
1002362	Misc	绝望之境	Dire Situation	Visione_Chip_DesperateSituation	65535	2
1002363	Misc	流浪战士驻地	Freesword Dwelling	Visione_Chip_OrcCamp	65535	2
1002364	Misc	战争消息	News of War	Visione_Chip_WarNews	65535	2
1002365	Boots	觉醒豺狗皮制鞋子	Awakened Jackal's Leather Boots	Boss_Ludvig_Awakening_Leather_Boots	7	1
1002366	ChestArmor	孤烟板金盔甲	Goyen's Plate Armor	Old_Kliff_PlateArmor_Armor	5	1
1002367	Cloak	孤烟的披风	Goyen's Cloak	Old_Kliff_PlateArmor_Cloak	69	1
1002368	Boots	孤烟板金鞋子	Goyen's Plate Boots	Old_Kliff_Plate_Boots	7	1
1002369	Gloves	孤烟板金手套	Goyen's Plate Gloves	Old_Kliff_PlateArmor_Gloves	6	1
1002370	Misc	沙漠中的遇难船只	Desert Shipwreck	Visione_Chip_DesertShipwreck	65535	2
1002371	Misc	冒险者淬火背包 D型	Adventurer's Refinement Inventory Type D	Item_Set_D_Enhance_RestArea	65535	2
1002372	Misc	绿洲石碑	Oasis Headstone	Visione_Chip_OasisMonument	65535	2
1002373	Misc	冒险者淬火背包 E型	Adventurer's Refinement Inventory Type E	Item_Set_E_Enhance_RestArea	65535	2
1002374	Misc	死亡坑洞	Pit of Death	Visione_Chip_DeathSandpit	65535	2
1002375	Misc	绿洲休息处	Oasis Hearth	Visione_Chip_OasisShelter	65535	2
1002376	Misc	沙丘	Sand Dunes	Visione_Chip_SandHole	65535	2
1002377	Misc	灰烬裂隙	Ashen Rift	Visione_Chip_GreyRift	65535	2
1002378	Quest	女巫印记	Witch's Token	Quest_Witch_Token_IV	65535	2
1002379	Misc	发光的莎亦吊坠	Shining Shai Pendant	Shay_Cat_Clue_Shining	65535	2
1002380	Misc	破旧的木钥匙	Shabby Wooden Key	Alchemist_Key_Proto	65535	2
1002381	Misc	摇摇欲坠的岩石	Unstable Rock	Visione_Chip_PrecariousRock	65535	2
1002382	Misc	蘑菇岩	Mushroom Rock	Visione_Chip_MushroomRock	65535	2
1002383	Misc	神明庭院	Garden of the Gods	Visione_Chip_GodsGarden	65535	2
1002384	Misc	天蓝色岩潭地带	Turquoise Rock Pools	Visione_Chip_SkyBluePool	65535	2
1002385	Misc	冒险者淬火背包 F型	Adventurer's Refinement Inventory Type F	Item_Set_F_Enhance_RestArea	65535	2
1002386	Helmet	银色威尔斯叛军板金头盔	Wells Rebel's Silver Plate Helm	Redknight_PlateArmor_Helm_IV	4	1
1002387	Misc	木屋里留下的日志	Journal at the Cabin	CabinDeathMystery_Book	65535	2
1002388	Recipe	齿轮制作方法：背叛烙印	Gear Blueprint: Spirit's Judgment	Recipe_Item_Skill_AbyssGear_SoulStrike_LV1	65535	2
1002389	AbyssGear	寒霜帷帐II	Frostward II	Item_Stat_AbyssGear_IceResistance_LV2	65535	2
1002390	Recipe	齿轮制作方法：黯鸦索命	Gear Blueprint: Crow's Pursuit	Recipe_Item_Skill_AbyssGear_CrowAttack_LV1	65535	2
1002391	Misc	采石场旧址	Old Quarry	Visione_Chip_OldQuarry	65535	2
1002392	Misc	不幸的预兆	Signs of Misfortune	Visione_Chip_LongleafTree_OmenMisfortune	65535	2
1002393	Misc	狩猎的开始	Beginning of the Hunt	Visione_Chip_LongleafTree_HuntBegin	65535	2
1002394	Misc	长叶树部族的日常生活	Day of the Longleaf Tribe	Visione_Chip_LongleafTree_DailyLife	65535	2
1002395	Document	隐秘的藏宝图12号	Hidden Treasure Map Piece 12	Hidden_TreasureMap_XII	65535	2
1002396	Misc	未确认阿比斯齿轮	Unidentified Abyss Gear	Item_AbyssGear_Stat_Lv2_Box	65535	2
1002397	Misc	画家的悔恨	A Painter's Regret	Visione_Chip_PainterRegret	65535	2
1002398	Misc	钢铁之翼	Wings of Steel	Visione_Chip_IronWing	65535	2
1002399	Misc	商人的雪原休息处	Snowy Plains Hearth	Visione_Chip_MerchantRefuge	65535	2
1002400	Misc	无主之墓	Empty Grave	Visione_Chip_OwnerlessGrave	65535	2
1002401	Misc	枯木	Dead Tree	Visione_Chip_DeadTree	65535	2
1002402	Misc	方形岩	Square Rock	Visione_Chip_RectangularStone	65535	2
1002403	Misc	遗迹发掘地	Ruins Excavation	Visione_Chip_RuinsSite	65535	2
1002404	Misc	鬣蜥孵化场	Iguana Hatchery	Visione_Chip_IguanaHatchery	65535	2
1002405	Misc	巴里克的藏身之地	Barrick's Hideout	Visione_Chip_Bariklair	65535	2
1002406	Document	洞窟内的奇怪声音	Strange Noises from the Cave	NoticePaper_Her_CaveSound	65535	2
1002407	Misc	支石墓	Dolmen	Visione_Chip_Bolmen	65535	2
1002408	Misc	大伐木地带木屋	Timberdale Cabin	Visione_Chip_LoggingCabin	65535	2
1002409	Misc	岩缝遗迹	Rockshard Valley Ruins	Visione_Chip_RockCreviceRuinse	65535	2
1002410	Misc	死木路	Withered Path	Visione_Chip_DeadTreeRoad	65535	2
1002411	Misc	阿尔科萨村的空屋	Empty House of Arcosa	Visione_Chip_ArcosaHouse	65535	2
1002412	Misc	古战场	Old Battlefield	Visione_Chip_OldBattlefield	65535	2
1002413	Misc	染血石碑	Blood-Soaked Gravestone	Visione_Chip_BloodTombstone	65535	2
1002414	Misc	峭壁悬棺	Clifftop Coffin	Visione_Chip_precipicecoffin	65535	2
1002415	Document	马具管理员的纸条	Saddler's Note	Paper_Bruna_I	65535	2
1002416	ChestArmor	贵族私兵板金盔甲	Private Soldier's Plate Armor	Noble_Retainer_PlateArmor_Armor_XIV	5	1
1002417	Misc	巨骨坟墓	Giant Bone Pile	Visione_Chip_DinosaurBones	65535	2
1002418	Misc	巨骨路	Path of Giant Bones	Visione_Chip_RordOfBones	65535	2
1002419	Misc	孤岛废墟	Remote Ruins	Visione_Chip_BursadaIslandRuins	65535	2
1002420	Misc	坟冢	Burial Mound	Visione_Chip_ZianeTomb	65535	2
1002421	Misc	遇难船只上的橡木桶	Shipwreck Oak Barrel	Visione_Chip_ShipWreckOakBarrel	65535	2
1002422	Misc	银溪废墟	Silverbrook Ruins	Visione_Chip_SilverbrookRuins	65535	2
1002423	Misc	木制亭子	Wooden Pavilion	Visione_Chip_WoodenGazebo	65535	2
1002424	Misc	林中慰魂碑	Forest Memorial Stone	Visione_Chip_KnottedHollow	65535	2
1002425	Misc	沃斯塔因废墟	Volstein Ruins	Visione_Chip_BolsteinnRuins	65535	2
1002426	Misc	消失的雕像	Vanished Statue	Visione_Chip_MissingStatue	65535	2
1002427	Misc	废弃屋舍	Abandoned House	Visione_Chip_ForsakenHome	65535	2
1002428	Misc	火车盗贼的藏身之地	Ironcrawler Thief's Hideout	Visione_Chip_TrainThief	65535	2
1002429	Misc	佩伦秘密仓库	Pailune Secret Vault	Visione_Chip_PailuneSecretBase	65535	2
1002430	Misc	阴森的坑洞	Eerie Pit	Visione_Chip_ScaryHole	65535	2
1002431	Misc	欧德克猎人营地	Hunters of Odeck	Visione_Chip_OdeckHunterCamp	65535	2
1002432	Misc	长满苔藓的发电机	Mossy Generator	Visione_Chip_MossyGenerator	65535	2
1002433	Misc	未确认阿比斯齿轮	Unidentified Abyss Gear	Item_AbyssGear_Stat_Lv3_Box	65535	2
1002434	Misc	迷雾猎人的藏身之地	Mistwood Hunters' Hideout	Visione_Chip_EntHunterLair	65535	2
1002435	Misc	山脊猎人皮革工坊	Ridgehunter Tannery	Visione_Chip_RidgehunterLeatherMaker	65535	2
1002436	Misc	未确认阿比斯齿轮	Unidentified Abyss Gear	Item_AbyssGear_SKill_Lv1_Box	65535	2
1002437	Misc	海岸风车遇难船只	Coast Windmill Shipwreck	Visione_Chip_WindmillCoastShipWreck	65535	2
1002438	Material	岩沼遗迹	Stonemire Ruins	Visione_Chip_StonemireRuins	65535	2
1002439	Misc	悬崖尽头的祭坛	Cliff Edge Altar	Visione_Chip_EdgeAltar	65535	2
1002440	Misc	走私港口	Smugglers' Dock	Visione_Chip_SmugglerDock	65535	2
1002441	Misc	陨石	Meteorite	Visione_Chip_Meteor	65535	2
1002442	Misc	赫马拉村废铁坟墓	Helmara Scrap Graveyard	Visione_Chip_HelmaraVillageScrapGrave	65535	2
1002443	Misc	帽子岩	Hat Shaped Boulder	Visione_Chip_HatRock	65535	2
1002444	Misc	来历不明的尸体	Unidentifiable Corpse	Visione_Chip_DemJohnDoe	65535	2
1002445	Misc	盐路营地附近的遗迹	Ruins by the Saltroad Camp	Visione_Chip_SaltRoadRuins	65535	2
1002446	Misc	沙漠沼泽	Desert Swamp	Visione_Chip_DesertSwamp	65535	2
1002447	Misc	圣杯	Sacred Chalice	Visione_Chip_HolyGlass	65535	2
1002448	Misc	醒悟水井	Well of Enlightenment	Visione_Chip_WisdomWell	65535	2
1002449	Misc	集体屠杀街道	Bloodstained Street	Visione_Chip_CarnageStreet	65535	2
1002450	Misc	贝尔海姆废墟	Verheim Ruins	Visione_Chip_VerheimRuins	65535	2
1002451	Misc	摇晃岩	Rocking Boulder	Visione_Chip_RockingStone	65535	2
1002452	Misc	造船厂前的树结	Shipyard Wood Knot	Visione_Chip_WoodKnot	65535	2
1002453	Misc	有故事的水井	A Well with a Story	Visione_Chip_StoryWell	65535	2
1002454	Misc	群鸟栖息的树枝	Branch of Birds	Visione_Chip_CrowdedBranch	65535	2
1002455	Misc	海罗夫农场附近的萤火虫	Hayroof Farm Fireflies	Visione_Chip_FireFlySwarm	65535	2
1002456	Misc	未确认阿比斯齿轮	Unidentified Abyss Gear	Item_AbyssGear_SKill_Lv2_Box	65535	2
1002457	Misc	德梅尼斯木屋	Demeniss Cabin	Visione_Chip_DemenissCabin	65535	2
1002458	Misc	溪石瞭望塔	Gorgerock Watchtower	Visione_Chip_ValleyRockWatchTower	65535	2
1002459	Misc	凶残的臼齿石碑	Savage Fangs Monument	Visione_Chip_SavageFangStele	65535	2
1002460	Misc	密林遗迹	Jungle Ruins	Visione_Chip_JungleRuins	65535	2
1002461	Misc	岩幕遗址	Rockveil Ruins	Visione_Chip_RockshroudRuins	65535	2
1002462	Misc	哭泣岩	Weeping Rocks	Visione_Chip_CryingRock	65535	2
1002463	Misc	战士们的斧冢	Grave of Warriors' Axes	Visione_Chip_VikingTomb	65535	2
1002464	Misc	德雷西亚研究院内部	Inside of the Delesyian Institute	Visione_Chip_DelesiaAcademy	65535	2
1002465	Misc	神树调查营地	Eldertree Research Camp	Visione_Chip_GodTreeCamp	65535	2
1002466	Misc	巨人之靴	Giant's Boot	Visione_Chip_GiantBoots	65535	2
1002467	AbyssGear	寒霜帷帐III	Frostward III	Item_Stat_AbyssGear_IceResistance_LV3	65535	2
1002468	Misc	冒险家的尸体	Corpse of an Adventurer	Visione_Chip_FallenExplorer	65535	2
1002469	Misc	大树根	Hollow Tree	Visione_Chip_BigTreeRoots	65535	2
1002470	Misc	壁画洞窟	Painted Cavern	Visione_Chip_PaintedCave	65535	2
1002471	Misc	[习作]  天才的肖像 - 聚会	Study - Gathering Genius	Collection_Prop_Picture_0067	65535	2
1002472	Misc	[习作]  天才的肖像 - 发现	Study - Discovering Genius	Collection_Prop_Picture_0068	65535	2
1002473	Misc	[习作]  天才的肖像 - 思索	Study - Contemplative Genius	Collection_Prop_Picture_0069	65535	2
1002474	Misc	未确认阿比斯齿轮	Unidentified Abyss Gear	Item_AbyssGear_SKill_Lv3_Box	65535	2
1002475	Document	在王室供货地点获得的纸条	Royal Trading Post Note	Paper_Bruna_II	65535	2
1002476	ChestArmor	摩斯肯盔甲	Muskan Armor	Muscan_PlateArmor_Armor	5	1
1002477	Misc	骷髅与剑	Skull and Sword	Visione_Chip_BoneAndSword	65535	2
1002478	Recipe	齿轮制作方法：飘扬芦苇	Gear Blueprint: Slashing Reeds	Recipe_Item_Skill_AbyssGear_FlashCombo_LV1	65535	2
1002479	Recipe	齿轮制作方法：斩破清风	Gear Blueprint: Wind Slash	Recipe_Item_Skill_AbyssGear_SwordAura_LV1	65535	2
1002480	Recipe	齿轮制作方法：雷霆獠牙	Gear Blueprint: Storm Fang	Recipe_Item_Skill_AbyssGear_LightningStab_LV1	65535	2
1002481	Recipe	齿轮制作方法：业报之波	Gear Blueprint: Karmic Pulse	Recipe_Item_Skill_AbyssGear_EnlightenmentWave_LV1	65535	2
1002482	Document	学徒的纸条	Trainee's Note	Paper_SecretSip	65535	2
1002483	Recipe	齿轮制作方法：猎犬利爪	Gear Blueprint: Hound's Claws	Recipe_Item_Skill_AbyssGear_DogClaw_LV1	65535	2
1002484	Helmet	日光树林制式板金头盔	Sungrove Standard Plate Helm	Valoric_PlateArmor_Helm	4	1
1002485	ChestArmor	原教旨主义者哥布林布制盔甲	Fundamentalist Goblin Cloth Armor	Regglin_Fabric_Armor_MiddleBoss_III	5	1
1002486	Misc	丹特与布利德	Dante and the Bleed	Visione_Chip_DanteAndBleed	65535	2
1002487	Misc	雄狮哨岗	Lioncrest Watchtower	Visione_Chip_UpLionTower	65535	2
1002488	Misc	破损的木筏	Broken Raft	Visione_Chip_BrokenRaft	65535	2
1002489	Recipe	齿轮制作方法：黯鸦风暴	Gear Blueprint: Crow Storm	Recipe_Item_Skill_AbyssGear_CrowStorm_LV1	65535	2
1002490	Recipe	齿轮制作方法：深渊辉光	Gear Blueprint: Abyssal Rays	Recipe_Item_Skill_AbyssGear_PhantomStab_LV1	65535	2
1002491	ChestArmor		Demian Fabric Armor	Demian_Fabric_Armor	5	1
1002492	Cloak		Demian Fabric Cloak V	Demian_Fabric_Cloak_V	69	1
1002493	Document	岩沼遗迹记录2	Stonemire Ruins Record No. 2	Paper_StonemireRuins_Report_2	65535	2
1002494	Recipe	齿轮制作方法：杀戮玫瑰	Gear Blueprint: Piercing Bloom	Recipe_Item_Skill_AbyssGear_AbsoluteDefense_LV1	65535	2
1002495	Backpack	可可豆点心	Cacao Snack	Item_BackPackChocolate	65535	2
1002496	AbyssGear	裁决天雷	Lightning God's Affliction	Item_Skill_AbyssGear_Titan	65535	2
1002497	AbyssGear	闪电帷帐I	Shockward I	Item_Stat_AbyssGear_ElectricityResistance_LV1	65535	2
1002498	AbyssGear	闪电帷帐II	Shockward II	Item_Stat_AbyssGear_ElectricityResistance_LV2	65535	2
1002499	AbyssGear	闪电帷帐III	Shockward III	Item_Stat_AbyssGear_ElectricityResistance_LV3	65535	2
1002500	Quest	刻着图案的石头	Engraved Stone	Quest_Fissure_Maze_I	65535	2
1002501	VehicleGear	A.T.A.G.火焰喷射器	A.T.A.G. Flamespitter	WarRobot_FlameThrower_01	77	1
1002502	Document	贸易商人的未送达之信	Undelivered Trader's Letter	Letter_TraderLetter	65535	2
1002503	VehicleGear	A.T.A.G.激光	A.T.A.G. Laser	WarRobot_Laser_01	76	1
1002504	Quest	原料分配器使用方法	Ingredient Dispenser Instructions	Quest_Paper_DrugFactory_I	65535	2
1002505	Helmet	霜刃白熊头盔	White Bear Helm	White_Bear_Leather_Helm	4	1
1002506	Misc	安图布拉的仪式场所	Antumbra's Ritual Site	Visione_Chip_AntumbraAltar	65535	2
1002507	Misc	贝路亚村山丘射箭练习场	Vellua Hill Archery Range	Visione_Chip_ArcheryRange	65535	2
1002508	Misc	女佣们的故事	Stories of the Maids	Visione_Chip_MaidsTales	65535	2
1002509	AbyssGear	大地轰鸣	Groundsurge	Item_Skill_AbyssGear_LandMash_LV1	65535	2
1002510	AbyssGear	铁山靠	The Showstopper	Item_Skill_AbyssGear_Muscan	65535	2
1002511	Quest	清洗机使用方法	Washer Instructions	Quest_Paper_DrugFactory_II	65535	2
1002512	Quest	粉碎机使用方法	Grinder Instructions	Quest_Paper_DrugFactory_III	65535	2
1002513	Quest	搅拌机使用方法	Dosing Pump Instructions	Quest_Paper_DrugFactory_IV	65535	2
1002514	Quest	加热器使用方法	Heater Instructions	Quest_Paper_DrugFactory_V	65535	2
1002515	Quest	瓶装器使用方法	Bottling Machine Instructions	Quest_Paper_DrugFactory_VI	65535	2
1002516	Misc	奥肯希尔德大宅的线索	Clue from Oakenshield Manor	Memo_Serkis_Clue_1	65535	2
1002517	Quest	升降机使用方法	Lift Instructions	Quest_Paper_DrugFactory_VII	65535	2
1002518	Document	装备说明书	Equipment Manual	Book_DrugFactory	65535	2
1002519	Misc	阿比斯神器制造机	Abyss Artifact Fabricator	Item_Abyss_Artifact_Maker	65535	2
1002520	AbyssGear	羁绊I	Solidarity I	Item_Skill_AbyssGear_AddFrendly_LV1	65535	2
1002521	AbyssGear	羁绊II	Solidarity II	Item_Skill_AbyssGear_AddFrendly_LV2	65535	2
1002522	AbyssGear	羁绊III	Solidarity III	Item_Skill_AbyssGear_AddFrendly_LV3	65535	2
1002523	AbyssGear	背叛烙印	Spirit's Judgment	Item_Skill_AbyssGear_SoulStrike_LV1	65535	2
1002524	Misc	齿轮塔钥匙	Spire of Clockwork Key	MarniTower_Key	65535	2
1002525	Recipe	齿轮制作方法：破浪	Gear Blueprint: Surge	Recipe_Item_Stat_AbyssGear_SwimSpeedRate_LV1	65535	2
1002526	Misc	奥肯希尔德大宅的碎片	Piece from Oakenshield Manor	Memo_Serkis_Piece_1	65535	2
1002527	Recipe	炼金：止静神丹	Alchemy Formula: Refined Palmar Pill	Recipe_RevivalItem	65535	2
1002528	Recipe	齿轮制作方法：火焰帷帐	Gear Blueprint: Flameward	Recipe_Item_Stat_AbyssGear_FireResistance_LV1	65535	2
1002529	Recipe	齿轮制作方法：寒霜帷帐	Gear Blueprint: Frostward	Recipe_Item_Stat_AbyssGear_IceResistance_LV1	65535	2
1002530	Recipe	齿轮制作方法：闪电帷帐	Gear Blueprint: Shockward	Recipe_Item_Stat_AbyssGear_ElectricityResistance_LV1	65535	2
1002531	Recipe	齿轮制作方法：赎罪铁雨	Gear Blueprint: Arrow Rain	Recipe_Item_Skill_AbyssGear_ArrowRain_LV1	65535	2
1002532	Recipe	齿轮制作方法：冲拳	Gear Blueprint: Kinetic Burst	Recipe_Item_Skill_AbyssGear_EnergyBurst_LV1	65535	2
1002533	Misc	遇难商船	Wrecked Trading Ship	Visione_Chip_WreckedTradingShip	65535	2
1002534	Recipe	齿轮制作方法：否定之珠	Gear Blueprint: Ator's Orb	Recipe_Item_Skill_AbyssGear_AtorDrone_LV1	65535	2
1002536	Document	夏卡鲁的信件	Shakatu's Letter	Shakatu_Scroll	65535	2
1002537	Document	巴尔伽什的书信	Valgash's Letter	Letter_Valgash	65535	2
1002538	AbyssGear	挚友I	Companionship I	Item_Skill_AbyssGear_Equip_AddPetFriendly_LV1	65535	2
1002539	AbyssGear	黯鸦索命	Crow's Pursuit	Item_Skill_AbyssGear_CrowAttack_LV1	65535	2
1002540	Misc	未确认阿比斯齿轮	Unidentified Abyss Gear	Item_AbyssGear_Special_Box	65535	2
1002541	Recipe	齿轮制作方法：深渊同化	Gear Blueprint: Abyssal Assimilation	Recipe_Item_Skill_AbyssGear_AbyssGrass_Immune	65535	2
1002542	AbyssGear	凛冽振翼	Pillar of Wind	Item_Skill_AbyssGear_Karanda	65535	2
1002543	Misc	贪婪之印 - 银月商团	Seal of Greed - Silvermoon Trade Group	Boss_Reward_MerchantKing_SilvermoonTroll	65535	2
1002544	Recipe	齿轮制作方法：蛇之心脏	Gear Blueprint: Heart of the Serpent	Recipe_Item_Skill_AbyssGear_Hyena_PoisonImmune	65535	2
1002545	Recipe	齿轮制作方法：石之心脏	Gear Blueprint: Heart of Stone	Recipe_Item_Skill_AbyssGear_Immune_Bismuth	65535	2
1002546	Recipe	齿轮制作方法：螺旋凝聚	Gear Blueprint: Momentum	Recipe_Item_Skill_AbyssGear_DAM_UP_RotationBash	65535	2
1002547	Misc	雄狮哨岗的线索	Clue from Lioncrest Watchtower	Memo_Serkis_Clue_2	65535	2
1002548	AbyssGear	飘扬芦苇	Slashing Reeds	Item_Skill_AbyssGear_FlashCombo_LV1	65535	2
1002549	Misc	技术人员的工作日志	An Engineer's Work Log	EngineerWorkLog_Book	65535	2
1002550	Recipe	暗红礼服手套制作配方	Elegant Carmine Gloves Blueprint	CraftingRecipe_Demian_PlateArmor_Gloves_VI	65535	2
1002551	Recipe	炼金：止静丹	Alchemy Formula: Palmar Pill	Recipe_RevivalItemPartialRecovery	65535	2
1002552	AbyssGear	黑暗守护	Warden of Darkness	Item_Skill_AbyssGear_Antumbra_Spear	65535	2
1002553	Recipe	暗红礼服披风制作配方	Elegant Carmine Cloak Blueprint	CraftingRecipe_Demian_Leather_Cloak_I	65535	2
1002554	AbyssGear	太古风暴	Ancient Reckoning	Item_Skill_AbyssGear_Primus	65535	2
1002555	Earring	紫色侦察队耳环	Purple Scout Earring	Twich_Earring	8	1
1002556	ChestArmor	特洛伊石英板金盔甲	Troccars Plate Armor	Troyquartz_Plate_Armor	5	1
1002557	Ammo	持续补给箭	Replenishing Arrows	Quiver	65535	2
1002558	Recipe	齿轮制作方法：雷鸣宝珠	Gear Blueprint: Orbs of Lightning	Recipe_Item_Skill_AbyssGear_LightningBreath_LV1	65535	2
1002559	Misc	驶向止静寺的航海日志	Voyage Log to Jijeong Temple	JijeongTempleShipLog_Book	65535	2
1002560	Misc	留在木屋里的纸条	Note in the Cabin	Memo_CabinLeftMemo	65535	2
1002561	Misc	利贝坦酿酒厂	Reventine Winery	Visione_Chip_ReventineWinery	65535	2
1002562	Misc	海罗夫农场的风车	Hayroof Farm Windmill	Visione_Chip_HayroofFarmWindmill	65535	2
1002563	Misc	蹄湖地洞	Horseshoe Lake Burrow	Visione_Chip_HoopLakeCave	65535	2
1002564	Misc	瀑布尽头的木屋	Cabin by the Waterfall	Visione_Chip_WaterFallsCabin	65535	2
1002565	Misc	禁止出入区域	Restricted Area	Visione_Chip_NoEenterZone	65535	2
1002566	Misc	雄狮哨岗的碎片	Piece from Lioncrest Watchtower	Memo_Serkis_Piece_2	65535	2
1002567	Document	被封印的信	Sealed Letter	Seal_Epistle	65535	2
1002568	Recipe	齿轮制作方法：钢铁审判	Gear Blueprint: Steelbane	Recipe_Item_Skill_AbyssGear_Machine_AdditionalDamage_LV1	65535	2
1002569	AbyssGear	斩破清风	Wind Slash	Item_Skill_AbyssGear_SwordAura_LV1	65535	2
1002570	Recipe	齿轮制作方法：死亡审判	Gear Blueprint: Hexebane	Recipe_Item_Skill_AbyssGear_CommonHexe_AdditionalDamage_LV1	65535	2
1002571	Recipe	齿轮制作方法：道德审判	Gear Blueprint: Bloodbane	Recipe_Item_Skill_AbyssGear_CommonHumanoid_AdditionalDamage_LV1	65535	2
1002572	Misc	丰收	Bountiful Harvest	Visione_Chip_BumperCrop	65535	2
1002573	Misc	布鲁克菲尔德大宅	Brookfield Manor	Visione_Chip_BrookFieldManor	65535	2
1002574	Recipe	齿轮制作方法：古代审判	Gear Blueprint: Primalbane	Recipe_Item_Skill_AbyssGear_CommonGolem_AdditionalDamage_LV1	65535	2
1002575	Misc	雄狮大宅	Lioncrest Manor	Visione_Chip_LioncrestManor	65535	2
1002576	Document	食材供货委托书	Produce Order Form	Paper_VegetableBox	65535	2
1002577	Misc	影子森林的线索	Clue from Duskwood	Memo_Serkis_Clue_3	65535	2
1002578	AbyssGear	雷霆獠牙	Storm Fang	Item_Skill_AbyssGear_LightningStab_LV1	65535	2
1002579	Recipe	齿轮制作方法：力量审判	Gear Blueprint: Malicebane	Recipe_Item_Skill_AbyssGear_Boss_AdditionalDamage_LV1	65535	2
1002580	AbyssGear	黑暗之伤	Wound of Darkness	Item_Skill_AbyssGear_DarkenRobe_LV1	65535	2
1002581	Document	贝亚的纸条	Bea's Note	Paper_Beatrice	65535	2
1002582	Misc	影子森林的碎片	Piece from Duskwood	Memo_Serkis_Piece_3	65535	2
1002583	AbyssGear	业报之波	Karmic Pulse	Item_Skill_AbyssGear_EnlightenmentWave_LV1	65535	2
1002584	Document	在杂货店街获得的纸条	Note from the Street Shop	Paper_Eliza_I	65535	2
1002585	Document	奥马尔的纸条	Omar's Note	Paper_Omar	65535	2
1002586	Misc	哈尔修斯的线索	Clue from St. Halssius	Memo_Serkis_Clue_4	65535	2
1002587	Gloves	布利德干部皮制手套	Bleed Officer's Leather Gloves	Bleed_Bandits_Leather_Gloves	6	1
1002588	Misc	哈尔修斯的碎片	Piece from St. Halssius	Memo_Serkis_Piece_4	65535	2
1002589	Document	在巴尔尼亚入口获得的纸条	Varnia Entrance Note	Paper_Omar_I	65535	2
1002590	Document	岩沼遗迹记录3	Stonemire Ruins Record No. 3	Paper_StonemireRuins_Report_3	65535	2
1002591	Misc	炼金术士的房间	The Alchemist's Chamber	Visione_Chip_Alustainroom	65535	2
1002592	AbyssGear	猎犬利爪	Hound's Claws	Item_Skill_AbyssGear_DogClaw_LV1	65535	2
1002593	Document	男人的纸条	A Man's Note	Paper_BraveToLove	65535	2
1002594	Recipe	齿轮制作方法：幸运	Gear Blueprint: Fortune	Recipe_Item_Skill_AbyssGear_AddMoneyDropRate_LV1	65535	2
1002595	Misc	被诅咒者的剑	Sword of the Cursed	Visione_Chip_Splithornrobber	65535	2
1002596	Recipe	齿轮制作方法：黑暗之伤	Gear Blueprint: Wound of Darkness	Recipe_Item_Skill_AbyssGear_DarkenRobe_LV1	65535	2
1002597	Document	乌格蒙的纸条	Ugmon's Note	Paper_Ugmum	65535	2
1002598	Misc	瑟金斯办公室	Serkis's Study	Visione_Chip_Oakenshieldmanor	65535	2
1002599	Tool	贝勒诺尔镐	Bernor's Pickaxe	Equip_Pickaxe_II	84	1
1002600	Document	德里阿那的纸条	Driana's Note	Paper_Drianna	65535	2
1002601	Misc	圣哈尔修斯疗养院	St. Halssius's House of Healing	Visione_Chip_Halsius	65535	2
1002602	AbyssGear	黯鸦风暴	Crow Storm	Item_Skill_AbyssGear_CrowStorm_LV1	65535	2
1002603	ChestArmor	灰鬃皮制盔甲	Greymane's Leather Armor	Greyfur_Leather_Armor_LXXXIII	5	1
1002604	Document	在哨岗获得的纸条	Watchtower Note	Paper_Drianna_I	65535	2
1002605	Misc	格伦布莱特大宅仓库	Glenbright Manor Storage	Visione_Chip_GraceMansionStorage	65535	2
1002606	AbyssGear	深渊辉光	Abyssal Rays	Item_Skill_AbyssGear_PhantomStab_LV1	65535	2
1002607	Misc	火炉旁的故事	Fireside Story	Visione_Chip_FiresideTale	65535	2
1002608	Misc	溪石监视者的日志	Gorgerock Watchman's Journal	ValleyRockWatchTower_Book	65535	2
1002609	Misc	佩伦警卫队员的日志	Pailunese Guard's Journal	GiantBallista_Book	65535	2
1002610	Misc	骷髅收集者的日志	Skull Collector's Journal	BoneCollectorWagon_Book	65535	2
1002611	Misc	航海士的日志	Navigator's Log	WindmillCoastShipWreck_Book	65535	2
1002612	Misc	微风山丘壁画洞窟	Breezeblown Knoll Cave	Visione_Chip_MuralCave	65535	2
1002613	Misc	酒桶男爵23号加尼耶	Keglord Garnier Mk. XXIII	Visione_Chip_BaronBarrel	65535	2
1002614	Misc	废矿村	Abandoned Mining Village	Visione_Chip_AbandonedMineVillage	65535	2
1002615	Misc	遇难船只的航海日志	Shipwreck Voyage Log	IceStrandedShip_Book	65535	2
1002616	Misc	雷劈木	Lightning-struck Tree	Memo_lightningstriketree	65535	2
1002617	Misc	根源要塞报告	Report on Roothold	Visione_Chip_RootFortress	65535	2
1002618	Misc	派遣至河畔前哨基地	Riverward Outpost Dispatch	Visione_Chip_RiverwardOutpost	65535	2
1002619	Misc	德梅尼斯的未来	Future of Demeniss	Visione_Chip_DemenissFuture	65535	2
1002620	Misc	孤独巨魔	Lonely Troll	Visione_Chip_EndlessDanger	65535	2
1002621	Misc	受阻的补给	Blocked Supply Route	Visione_Chip_BlockedSupply	65535	2
1002622	Misc	地狱树林要塞的哥布林	Goblins of Fort Hellwood	Visione_Chip_HellWoodFortGoblin	65535	2
1002623	Misc	奥肯希尔德大宅会客厅	Oakenshield Manor Reception Room	Visione_Chip_OakenshieldManorhall	65535	2
1002624	Misc	布鲁蒙特大宅小巷	Bluemont Manor Alley	Visione_Chip_BluemontManorAlley	65535	2
1002625	Helmet	灰鬃皮制头盔	Greymane Leather Helm	Greyfur_Leather_Helm_II	4	1
1002626	Helmet	带羽饰的威尔斯叛军板金头盔	Plumed Wells Rebel's Plate Helm	Redknight_PlateArmor_Helm_III	4	1
1002627	ChestArmor	威尔斯精锐叛军板金盔甲	Elite Turncoat Plate Armor	Wells_Brigade_Rebel_PlateArmor_Armor_IV	5	1
1002628	ChestArmor	威尔斯精锐叛军板金盔甲	Elite Turncoat Plate Armor	Wells_Brigade_Rebel_PlateArmor_Armor_V	5	1
1002629	Gloves	威尔斯叛军板金手套	Wells Rebel's Plate Gloves	Wells_Brigade_Rebel_PlateArmor_Gloves	6	1
1002630	Misc	神秘巨塔	Mysterious Giant Tower	Visione_Chip_MysteryTower	65535	2
1002631	Misc	龙爪号角	Dragon Claw Horn	Item_ETC_CooltimeReduce_Dragon	65535	2
1002632	Misc	A.T.A.G.紧急动力装置	A.T.A.G. Emergency Power Device	Item_ETC_CooltimeReduce_ATAG	65535	2
1002633	Misc	石灯看守者的巡逻	Stone Lantern Keeper's Patrol	Visione_Chip_LampkeeperPatrol	65535	2
1002634	Helmet	贵族帽子	Noble's Hat	Tina_Noble_Leather_Helm	65535	2
1002635	Misc	绿洲的至高者	Ruler of the Oasis	Visione_Chip_DesertCrocodile	65535	2
1002636	ChestArmor	贵族私兵板金盔甲	Private Soldier's Plate Armor	Noble_Retainer_PlateArmor_Armor_XV	5	1
1002637	Document	朗德尔的纸条	Randelle's Note	Paper_Randel	65535	2
1002638	Misc	格伦布莱特大宅	Glenbright Manor	Visione_Chip_GraceMansion	65535	2
1002639	Recipe	齿轮制作方法：灵魂审判	Gear Blueprint: Judgment of the Soul	Recipe_Item_Skill_AbyssGear_Forgotten_General	65535	2
1002640	Document	技工的研究日志	Engineer's Research Log	Paper_Randel_I	65535	2
1002641	Misc	铁锅工匠们	Pot Artisans	Visione_Chip_Kukucraft	65535	2
1002642	Recipe	齿轮制作方法：解放的巨人之力	Gear Blueprint: Colossal Might	Recipe_Item_Skill_AbyssGear_Ogre	65535	2
1002643	Recipe	齿轮制作方法：不竭之箭	Gear Blueprint: Infinite Arrows	Recipe_Item_Skill_AbyssGear_BlockAmmoConsume_LV1	65535	2
1002644	Recipe	齿轮制作方法：美食家	Gear Blueprint: Gourmet	Recipe_Item_Skill_AbyssGear_FoodSkillLevelUp_LV1	65535	2
1002645	Recipe	齿轮制作方法：节制	Gear Blueprint: Efficiency	Recipe_Item_Skill_AbyssGear_ReduceCraftMaterial_LV1	65535	2
1002646	Document	多尼的纸条	Donny's Note	Paper_Doni	65535	2
1002647	Document	花店客人的纸条	Flower Shop Customer's Note	Paper_Doni_I	65535	2
1002648	Recipe	齿轮制作方法：盐水逆流	Gear Blueprint: Rising Torrent	Recipe_Item_Skill_AbyssGear_Catfish_BodySlam_LV1	65535	2
1002649	Recipe	齿轮制作方法：凛冽振翼	Gear Blueprint: Pillar of Wind	Recipe_Item_Skill_AbyssGear_Karanda	65535	2
1002650	Recipe	齿轮制作方法：太古风暴	Gear Blueprint: Ancient Reckoning	Recipe_Item_Skill_AbyssGear_Primus	65535	2
1002651	Recipe	齿轮制作方法：铁山靠	Gear Blueprint: The Showstopper	Recipe_Item_Skill_AbyssGear_Muscan	65535	2
1002652	Document	在接头地点获得的纸条	Note at Point of Contact	Paper_SecretSip_I	65535	2
1002653	Recipe	齿轮制作方法：森林祝福	Gear Blueprint: Blessing of the Forest	Recipe_Item_Skill_AbyssGear_CollectDrop_Log_LV1	65535	2
1002654	Recipe	齿轮制作方法：羁绊	Gear Blueprint: Solidarity	Recipe_Item_Skill_AbyssGear_AddFrendly_LV1	65535	2
1002655	Document	研究员的纸条	Researcher's Note	Paper_RacingStage	65535	2
1002656	Misc	大份的烤鸟肉	Filling Grilled Bird Meat	Freshly_Grilled_Bird_Medium	65535	2
1002657	Food	满满一份烤蟹钳	Hearty Grilled Pincers	Freshly_Grilled_Crab_XLarge	65535	2
1002658	AbyssGear	残月斩	Crescent Moon Slash	Item_Skill_AbyssGear_CresecentAura_1_LV1	65535	2
1002659	AbyssGear	半月斩	Half Moon Slash	Item_Skill_AbyssGear_CresecentAura_2_LV1	65535	2
1002660	AbyssGear	满月斩	Fullmoon Slash	Item_Skill_AbyssGear_CresecentAura_3_LV1	65535	2
1002661	Gloves	晓月使者板金手套	Twilight Messengers' Plate Gloves	Twilight_Whistlers_PlateArmor_Gloves	6	1
1002662	AbyssGear	交感I	Equestrian I	Item_Skill_AbyssGear_Equip_AddHorseExp_LV1	65535	2
1002663	Misc	斯科拉斯敦天文望远镜	Scholastone Celestial Telescope	Visione_Chip_Trolluniversity	65535	2
1002664	Misc	埃尔南德宴会场	Hernand Banquet Hall	Visione_Chip_HernandcastleBallroom	65535	2
1002665	Misc	德梅尼斯孤儿院	Demeniss Orphanage	Visione_Chip_DemenissOrphanage	65535	2
1002666	Misc	乌鸦的袭击	Crow's Ambush	Visione_Chip_Crowmanribentain	65535	2
1002667	Misc	埃尔南德办公室	Hernand Office	Visione_Chip_HernandcastleChamber	65535	2
1002668	Misc	古树	Old Tree	Visione_Chip_Pailoonoldtree	65535	2
1002669	Misc	摩尔迪与卢德维格	Myurdin and Ludvig	Visione_Chip_Mjordinludvig	65535	2
1002670	Misc	逃亡者	Runaway	Visione_Chip_Pailoonwatergate	65535	2
1002671	Misc	阿泽里安大宅	Azerian Manor	Visione_Chip_Azureiansister	65535	2
1002672	Misc	霜色玻璃灯笼	Icy White Glass Lamp	Collection_Lamp_Candle_0001	65535	2
1002673	Misc	暮色玻璃灯笼	Twilight Glass Lamp	Collection_Lamp_Candle_0001_index01	65535	2
1002674	Misc	淡紫色玻璃灯笼	Lilac Glass Lamp	Collection_Lamp_Candle_0001_index02	65535	2
1002675	Misc	霜色仿古玻璃灯笼	Icy White Pavilion Glass Lamp	Collection_Lamp_Candle_0002	65535	2
1002676	Misc	暮色仿古玻璃灯笼	Twilight Pavilion Glass Lamp	Collection_Lamp_Candle_0002_index01	65535	2
1002677	Misc	淡紫色仿古玻璃灯笼	Lilac Pavilion Glass Lamp	Collection_Lamp_Candle_0002_index02	65535	2
1002678	Misc	霜色哨岗玻璃灯笼	Icy White Watchtower Glass Lamp	Collection_Lamp_Candle_0003	65535	2
1002679	Misc	暮色哨岗玻璃灯笼	Twilight Watchtower Glass Lamp	Collection_Lamp_Candle_0003_index01	65535	2
1002680	Misc	淡紫色哨岗玻璃灯笼	Lilac Watchtower Glass Lamp	Collection_Lamp_Candle_0003_index02	65535	2
1002681	Misc	霜色六角灯笼	Icy White Hexagonal Lamp	Collection_Lamp_Candle_0004	65535	2
1002682	Misc	暮色六角灯笼	Twilight Hexagonal Lamp	Collection_Lamp_Candle_0004_index01	65535	2
1002683	Misc	淡紫色六角灯笼	Lilac Hexagonal Lamp	Collection_Lamp_Candle_0004_index02	65535	2
1002684	Misc	霜色水晶	Icy White Crystal	Collection_gemstone_lamp_0002	65535	2
1002685	Misc	暮色水晶	Twilight Crystal	Collection_gemstone_lamp_0002_index01	65535	2
1002686	Misc	淡紫色水晶	Lilac Crystal	Collection_gemstone_lamp_0002_index02	65535	2
1002687	Misc	霜色水晶结晶	Icy White Processed Crystal	Collection_gemstone_lamp_0001	65535	2
1002688	Misc	暮色水晶结晶	Twilight Processed Crystal	Collection_gemstone_lamp_0001_index01	65535	2
1002689	Misc	淡紫色水晶结晶	Lilac Processed Crystal	Collection_gemstone_lamp_0001_index02	65535	2
1002690	Misc	中立地带	Gorthak	Visione_Chip_Orcneutralzone	65535	2
1002691	Misc	马罗尼秘密研究所	Marni's Secret Laboratory	Visione_Chip_Marnisecretplace	65535	2
1002707	Misc	采石场管理日志	Quarry Manager's Log	BloodyFarmhouse_Book	65535	2
1002709	Quest	刻着图案的石头	Engraved Stone	Quest_Fissure_Maze_II	65535	2
1002710	Misc	[QA] 人物侧写 (埃尔南德)	[QA] Profiling (Hernand)	Dev_QA0	65535	2
1002711	Misc	[QA] 人物侧写 (埃尔南德－德梅尼斯 60)	[QA] Profiling (Hernand-Demeniss 60)	Dev_QA1	65535	2
1002712	Recipe	齿轮制作方法：破坏	Gear Blueprint: Destruction	Recipe_Item_Stat_AbyssGear_DDD_LV1	65535	2
1002713	Quest	刻着图案的石头	Engraved Stone	Quest_Fissure_Maze_III	65535	2
1002714	Recipe	齿轮制作方法：洞察	Gear Blueprint: Insight	Recipe_Item_Stat_AbyssGear_CriticalRate_LV1	65535	2
1002715	Backpack	苹果背囊	Apple Pack	Apple_BackPack	66	1
1002716	Misc	[QA] 人物侧写 (埃尔南德－德梅尼斯20)	[QA] Profiling (Hernand-Demeniss 20)	Dev_QA2	65535	2
1002717	Misc	[QA] 人物侧写 (埃尔南德－德梅尼斯2.5)	[QA] Profiling (Hernand-Demeniss 2.5)	Dev_QA3	65535	2
1002718	Gloves		Restraint Rope Fabric Gloves I	Restraint_Rope_Fabric_Gloves_I	6	1
1002719	Gloves	醉酒黑熊干部皮制手套	Black Bear Officer's Leather Gloves	Drunk_BlackBears_Elite_Leather_Gloves	6	1
1002720	ChestArmor	醉酒黑熊干部皮制盔甲	Black Bear Officer's Leather Armor	Drunk_BlackBears_Elite_Leather_Armor	5	1
1002727	Misc	乌尔加的日志	Ursula's Journal	Criminal_Urga_Book	65535	2
1002728	Misc	第一块碎片	First Piece	TreasureBuried_FirstPiece	65535	2
1002729	Misc	第二块碎片	Second Piece	TreasureBuried_SecondPiece	65535	2
1002730	Misc	第三块碎片	Third Piece	TreasureBuried_ThirdPiece	65535	2
1002731	Misc	白夜王座	Throne of the White Night	Legendary_Animal_PureWhite_Deer	65535	2
1002732	Misc	岁月的树枝	Aged Branch	Legendary_Animal_Vined_Deer	65535	2
1002733	Boots	杜梅尼斯板金鞋子II	Dumenis Plate Boots II	Duemeniss_Plate_Boots_II	7	1
1002734	Gloves	巴茨板金手套I	Batz Plate Gloves I	Batz_PlateArmor_Gloves_I	6	1
1002735	Misc	扭曲之梦提灯	Lamp of Crossed Dreams	Legendary_Animal_PureWhite_Bion	65535	2
1002736	Misc	呼唤之森	Beckoning Forest	Legendary_Animal_White_Moose	65535	2
1002737	Gloves	拉提板金手套II	Ratti Plate Gloves II	Ratti_PlateArmor_Gloves_II	6	1
1002738	Misc	俯视者	The Beholder	Legendary_Animal_White_Stag	65535	2
1002739	Misc	吞噬之圣杯	Chalice of Devouring	Legendary_Animal_Redriver_hog	65535	2
1002740	Gloves	科尔博板金手套	Corvo Plate Gloves	Corvo_PlateArmor_Gloves_II	6	1
1002741	TwoHandWeapon	雷殛锤	Lightning Greathammer	Ligtning_TwoHandHammer_I	28	1
1002742	Cloak	伊尔卡贝尔布制披风	Yrkabel Cloth Cloak	Deer_King_Follower_Cloak_I	69	1
1002743	VehicleGear	A.T.A.G.火炮	A.T.A.G. Cannon	WarRobot_Cannon_01	74	1
1002744	VehicleGear	A.T.A.G.拳头	A.T.A.G. Fist	WarRobot_Fist_01	73	1
1002745	VehicleGear	A.T.A.G.机枪	A.T.A.G. Machine Gun	WarRobot_Gatling_01	75	1
1002746	Recipe	齿轮制作方法：平静	Gear Blueprint: Composure	Recipe_Item_Stat_AbyssGear_MpRegen_LV1	65535	2
1002747	AbyssGear	元气恢复I	Vigor I	Item_Stat_AbyssGear_StaminaRegen_LV1	65535	2
1002748	AbyssGear	元气恢复II	Vigor II	Item_Stat_AbyssGear_StaminaRegen_LV2	65535	2
1002749	Misc	白王的烛台	White King's Candlestick	Legendary_Animal_Giant_Bull	65535	2
1002750	Misc	噩梦燃烧者	Nightmare Burner	Legendary_Animal_Phoenix	65535	2
1002751	AbyssGear	元气恢复III	Vigor III	Item_Stat_AbyssGear_StaminaRegen_LV3	65535	2
1002752	AbyssGear	平静I	Composure I	Item_Stat_AbyssGear_MpRegen_LV1	65535	2
1002753	AbyssGear	平静II	Composure II	Item_Stat_AbyssGear_MpRegen_LV2	65535	2
1002754	AbyssGear	平静III	Composure III	Item_Stat_AbyssGear_MpRegen_LV3	65535	2
1002755	Misc	牲畜容量增加·小	Small Livestock Capacity Increase	FarmSlot_Expansion_1	65535	2
1002756	Misc	牲畜容量增加·中	Medium Livestock Capacity Increase	FarmSlot_Expansion_2	65535	2
1002757	Misc	铁砧要塞的线索	Clue from Fort Anvil	Memo_Serkis_Clue_5	65535	2
1002758	Cloak	晓月使者披风	Twilight Messengers' Cloak	Twilight_Whistlers_PlateArmor_Cloak	69	1
1002759	ChestArmor	晓月使者板金盔甲	Twilight Messengers' Plate Armor	Twilight_Whistlers_PlateArmor_Armor_I	5	1
1002760	ChestArmor	晓月使者板金盔甲	Twilight Messengers' Plate Armor	Twilight_Whistlers_PlateArmor_Armor_III	5	1
1002761	ChestArmor	黄金佣兵团的板金盔甲	Golden Free Company's Plate Armor	Twilight_Whistlers_PlateArmor_Armor_II	5	1
1002762	Recipe	齿轮制作方法：黑暗守护	Gear Blueprint: Warden of Darkness	Recipe_Item_Skill_AbyssGear_Antumbra_Spear	65535	2
1002763	Document	赛马场主人的纸条	Racecourse Owner's Note	Paper_RacingStage_I	65535	2
1002764	AbyssGear	极寒洗礼	Frost Hail	Item_Skill_AbyssGear_FrostBreath_LV1	65535	2
1002765	Document	斯尼克斯的纸条	Nix's Note	Paper_Sniks	65535	2
1002766	AbyssGear	炽热熔岩	Volcanic Eruption	Item_Skill_AbyssGear_FireBreath_LV1	65535	2
1002767	Document	在佣兵兵营获得的纸条	Note from the Freesword Barracks	Paper_Sniks_I	65535	2
1002768	Helmet	审判者的板金头盔	Condemner's Plate Helm	Braxen_PlateArmor_Helm	4	1
1002769	Recipe	齿轮制作方法：粉碎风暴	Gear Blueprint: Tempest of Destruction	Recipe_Item_Skill_AbyssGear_SmashStorm_LV1	65535	2
1002770	HorseGear	马尔凯洛马镫	Marcello Stirrups	HorseShoe_HorseArmor_marquel_Stirrup	63	1
1002771	Recipe	埃塞里温武具制作配方	Aeserion Gear Blueprint	CraftingRecipe_Dragon_Weapon	65535	2
1002772	Misc	马戏团机械圆球	Circus Machine Sphere	CircusMachine_Sphere	65535	2
1002773	Recipe	齿轮制作方法：泰山	Gear Blueprint: Fortification	Recipe_Item_Stat_AbyssGear_DPV_LV1	65535	2
1002774	Recipe	齿轮制作方法：铁壁	Gear Blueprint: Aegis	Recipe_Item_Stat_AbyssGear_ADR_LV1	65535	2
1002775	Recipe	齿轮制作方法：守护	Gear Blueprint: Fortitude	Recipe_Item_Stat_AbyssGear_GuardPVRate_LV1	65535	2
1002776	Recipe	齿轮制作方法：疾风	Gear Blueprint: Swift	Recipe_Item_Stat_AbyssGear_AttackSpeedRate_LV1	65535	2
1002777	Recipe	齿轮制作方法：神速	Gear Blueprint: Haste	Recipe_Item_Stat_AbyssGear_MoveSpeedRate_LV1	65535	2
1002778	Recipe	齿轮制作方法：逆境	Gear Blueprint: Ascent	Recipe_Item_Stat_AbyssGear_ClimbSpeedRate_LV1	65535	2
1002779	Misc	牲畜容量增加·大	Large Livestock Capacity Increase	FarmSlot_Expansion_3	65535	2
1002780	Recipe	齿轮制作方法：气息	Gear Blueprint: Vitality	Recipe_Item_Stat_AbyssGear_HpRegen_LV1	65535	2
1002781	Quest	图尔纳里的宣传单	Turnali's Smithy Flyer	Quest_Paper_HowToQuenching_I	65535	2
1002782	Misc	阿比斯动力核心：1号	Abyss Cell: No. 1	Item_gimmick_abysscore_0001	65535	2
1002783	Misc	阿比斯动力核心：2号	Abyss Cell: No. 2	Item_gimmick_abysscore_0002	65535	2
1002784	Misc	动力核心 - 坍塌城门	Power Core - Gate of Collapse	Item_gimmick_attach_abyss_core_01	65535	2
1002785	AbyssGear	破坏I	Destruction I	Item_Stat_AbyssGear_DDD_LV1	65535	2
1002786	AbyssGear	破坏II	Destruction II	Item_Stat_AbyssGear_DDD_LV2	65535	2
1002787	AbyssGear	破坏III	Destruction III	Item_Stat_AbyssGear_DDD_LV3	65535	2
1002788	Quest	刻着图案的石头	Engraved Stone	Quest_Burham_Maze_I	65535	2
1002789	Quest	刻着图案的石头	Engraved Stone	Quest_Burham_Maze_II	65535	2
1002790	Quest	刻着图案的石头	Engraved Stone	Quest_Burham_Maze_III	65535	2
1002791	AbyssGear	洞察I	Insight I	Item_Stat_AbyssGear_CriticalRate_LV1	65535	2
1002792	AbyssGear	洞察II	Insight II	Item_Stat_AbyssGear_CriticalRate_LV2	65535	2
1002793	AbyssGear	洞察III	Insight III	Item_Stat_AbyssGear_CriticalRate_LV3	65535	2
1002794	AbyssGear	泰山I	Fortification I	Item_Stat_AbyssGear_DPV_LV1	65535	2
1002795	AbyssGear	泰山II	Fortification II	Item_Stat_AbyssGear_DPV_LV2	65535	2
1002796	AbyssGear	泰山III	Fortification III	Item_Stat_AbyssGear_DPV_LV3	65535	2
1002797	AbyssGear	铁壁I	Aegis I	Item_Stat_AbyssGear_ADR_LV1	65535	2
1002798	AbyssGear	铁壁II	Aegis II	Item_Stat_AbyssGear_ADR_LV2	65535	2
1002799	AbyssGear	铁壁III	Aegis III	Item_Stat_AbyssGear_ADR_LV3	65535	2
1002800	Cloak	灰狼布制披风	Grey Wolf Cloth Cloak	Demian_Greyfur_Fabric_Cloak	69	1
1002801	Misc	管家留下的纸条	A Butler's Note	Memo_ButlerLeftMemo	65535	2
1002802	Quest	留给德米安的书信	Letter for Damiane	Quest_Paper_Damian_AirJump	65535	2
1002803	Recipe	齿轮制作方法：霜灵重击	Gear Blueprint: Frost Spike	Recipe_Item_Skill_AbyssGear_FrostSpike_LV1	65535	2
1002804	Recipe	齿轮制作方法：过冷爆裂	Gear Blueprint: Shattering Frost	Recipe_Item_Skill_AbyssGear_FrostDeath_LV1	65535	2
1002805	AbyssGear	粉碎风暴	Tempest of Destruction	Item_Skill_AbyssGear_SmashStorm_LV1	65535	2
1002806	HorseGear	巴尔肯马面	Varken Champron	Varken_HorseArmor_Helm	61	1
1002807	AbyssGear	守护I	Fortitude I	Item_Stat_AbyssGear_GuardPVRate_LV1	65535	2
1002808	AbyssGear	守护II	Fortitude II	Item_Stat_AbyssGear_GuardPVRate_LV2	65535	2
1002809	AbyssGear	守护III	Fortitude III	Item_Stat_AbyssGear_GuardPVRate_LV3	65535	2
1002810	AbyssGear	疾风I	Swift I	Item_Stat_AbyssGear_AttackSpeedRate_LV1	65535	2
1002811	AbyssGear	疾风II	Swift II	Item_Stat_AbyssGear_AttackSpeedRate_LV2	65535	2
1002812	AbyssGear	疾风III	Swift III	Item_Stat_AbyssGear_AttackSpeedRate_LV3	65535	2
1002813	AbyssGear	神速I	Haste I	Item_Stat_AbyssGear_MoveSpeedRate_LV1	65535	2
1002814	AbyssGear	神速II	Haste II	Item_Stat_AbyssGear_MoveSpeedRate_LV2	65535	2
1002815	AbyssGear	神速III	Haste III	Item_Stat_AbyssGear_MoveSpeedRate_LV3	65535	2
1002816	AbyssGear	逆境I	Ascent I	Item_Stat_AbyssGear_ClimbSpeedRate_LV1	65535	2
1002817	AbyssGear	逆境II	Ascent II	Item_Stat_AbyssGear_ClimbSpeedRate_LV2	65535	2
1002818	AbyssGear	逆境III	Ascent III	Item_Stat_AbyssGear_ClimbSpeedRate_LV3	65535	2
1002819	Misc	动力核心 - 悔悟矿石	Power Core - Ore of Resipiscence	Item_gimmick_attach_abyss_core_02	65535	2
1002820	Misc	动力核心 - 幻视石盒	Power Core - Casket of Illusions	Item_gimmick_attach_abyss_core_03	65535	2
1002821	Misc	动力核心 - 暗影花冠	Power Core - Crown of Shadows	Item_gimmick_attach_abyss_core_04	65535	2
1002822	AbyssGear	气息I	Vitality I	Item_Stat_AbyssGear_HpRegen_LV1	65535	2
1002823	AbyssGear	气息II	Vitality II	Item_Stat_AbyssGear_HpRegen_LV2	65535	2
1002824	AbyssGear	气息III	Vitality III	Item_Stat_AbyssGear_HpRegen_LV3	65535	2
1002825	Misc	动力核心 - 逆天尖塔	Power Core - Spire of Defiance	Item_gimmick_attach_abyss_core_05	65535	2
1002826	Misc	动力核心 - 播种圣具	Power Core - Verse of Sowing	Item_gimmick_attach_abyss_core_06	65535	2
1002827	Misc	悔改核心	Core of Penitence	Item_gimmick_puzzle_antumbra_tokamak_01_parts20	65535	2
1002828	Misc	条约核心	Core of Renunciation	Item_gimmick_puzzle_antumbra_tokamak_01_parts21	65535	2
1002829	Misc	赎罪核心	Core of Expiation	Item_gimmick_puzzle_antumbra_tokamak_01_parts22	65535	2
1002830	Misc	原罪核心	Core of Oblation	Item_gimmick_puzzle_antumbra_tokamak_01_parts23	65535	2
1002831	Misc	苦行核心	Core of Mortification	Item_gimmick_puzzle_antumbra_tokamak_02_parts20	65535	2
1002832	Misc	信仰核心	Core of Faith	Item_gimmick_puzzle_antumbra_tokamak_02_parts21	65535	2
1002833	Misc	祝福核心	Core of Benediction	Item_gimmick_puzzle_antumbra_tokamak_02_parts22	65535	2
1002834	Misc	免罪核心	Core of Absolution	Item_gimmick_puzzle_antumbra_tokamak_02_parts23	65535	2
1002835	Misc	慰藉核心	Core of Solace	Item_gimmick_puzzle_antumbra_tokamak_03_parts20	65535	2
1002836	Misc	启示核心	Core of Revelation	Item_gimmick_puzzle_antumbra_tokamak_03_parts21	65535	2
1002837	AbyssGear	破浪I	Surge I	Item_Stat_AbyssGear_SwimSpeedRate_LV1	65535	2
1002838	AbyssGear	破浪II	Surge II	Item_Stat_AbyssGear_SwimSpeedRate_LV2	65535	2
1002839	AbyssGear	破浪III	Surge III	Item_Stat_AbyssGear_SwimSpeedRate_LV3	65535	2
1002840	Quest	格林尼尔的来信	Letter from Grimnir	Quest_Paper_Recipe_KuKu_Pot_RoketBag	65535	2
1002841	AbyssGear	漆黑残影	Greysoul Howling	Item_Skill_AbyssGear_DarkChase_LV1	65535	2
1002842	Shield	红焰之盾	Blazing Shield	CrimsonFlame_OneHandShield	1	1
1002843	AbyssGear	霜灵重击	Frost Spike	Item_Skill_AbyssGear_FrostSpike_LV1	65535	2
1002844	Shield	黑誓之盾	Black Oath Shield	BlackOath_OneHandShield	1	1
1002845	AbyssGear	过冷爆裂	Shattering Frost	Item_Skill_AbyssGear_FrostDeath_LV1	65535	2
1002846	Shield	欧德克硬木盾	Odeck Hardwood Shield	Patrol_OneHandShield	1	1
1002847	Shield	誓环之盾	Oath Ring Shield	Oathring_OneHandShield	1	1
1002848	AbyssGear	雷鸣宝珠	Orbs of Lightning	Item_Skill_AbyssGear_LightningBreath_LV1	65535	2
1002849	AbyssGear	杀戮玫瑰	Piercing Bloom	Item_Skill_AbyssGear_AbsoluteDefense_LV1	65535	2
1002850	HorseGear	格伦巴尔布制马甲	Grenbar Cloth Barding	Grenvar_HorseArmor_Armor	60	1
1002851	HorseGear	塞尔诺斯马甲	Cernos Barding	Cernos_HorseArmor_Armor	60	1
1002852	AbyssGear	赎罪铁雨	Arrow Rain	Item_Skill_AbyssGear_ArrowRain_LV1	65535	2
1002853	Misc	白头山雀	Long-Tailed Tit	Item_Longtailedtit	65535	2
1002854	Document	解除封印的信	Unsealed Letter	UnSeal_Epistle	65535	2
1002855	AbyssGear	冲拳	Kinetic Burst	Item_Skill_AbyssGear_EnergyBurst_LV1	65535	2
1002856	Recipe	齿轮制作方法：残月斩	Gear Blueprint: Crescent Moon Slash	Recipe_Item_Skill_AbyssGear_CresecentAura_1_LV1	65535	2
1002857	Misc	克里夫衰老外形变更券	Kliff Aging Appearance Change Coupon	CharacterCustomize_Kliff_Aging	65535	2
1002858	AbyssGear	否定之珠	Ator's Orb	Item_Skill_AbyssGear_AtorDrone_LV1	65535	2
1002859	Recipe	齿轮制作方法：半月斩	Gear Blueprint: Half Moon Slash	Recipe_Item_Skill_AbyssGear_CresecentAura_2_LV1	65535	2
1002860	Misc	提博海姆家具供货合同	Furniture Supply Contract - Timberham	Permit_Her_Furniture	65535	2
1002861	Misc	隐林家具供货合同	Furniture Supply Contract - Hidden Grove	Permit_Dem_Furniture	65535	2
1002862	AbyssGear	暴走的破坏	Greater Destruction	Item_Stat_AbyssGear_DDD_Special	65535	2
1002863	AbyssGear	深渊同化	Abyssal Assimilation	Item_Skill_AbyssGear_AbyssGrass_Immune	65535	2
1002864	Bracelet	翁卡法则手镯	Oongka's Axiom Bracelet	OOngka_Daeil_Band	70	1
1002865	AbyssGear	蛇之心脏	Heart of the Serpent	Item_Skill_AbyssGear_Hyena_PoisonImmune	65535	2
1002866	AbyssGear	石之心脏	Heart of Stone	Item_Skill_AbyssGear_Immune_Bismuth	65535	2
1002867	AbyssGear	螺旋凝聚	Momentum	Item_Skill_AbyssGear_DAM_UP_RotationBash	65535	2
1002868	Misc	黄金地段家具供货合同	Furniture Supply Contract - Timberton	Permit_Del_Furniture	65535	2
1002869	Misc	贝根家具供货合同	Furniture Supply Contract - Beighen	Permit_Kwe_Furniture	65535	2
1002870	Misc	白金	Platinum	Item_Rare_Collect_Platinum	65535	2
1002872	Misc	白鹿目击之谈	Sighting of the Snowwhite Deer	Legend_PureWhite_Deer_Report	65535	2
1002873	Misc	藤蔓鹿目击之谈	Sighting of the Vine Deer	Legend_Vined_Deer_Report	65535	2
1002874	Misc	黑狮子目击之谈	Sighting of the Black Lion	Legend_Black_Lion_Report	65535	2
1002875	Misc	白狮子目击之谈	Sighting of the White Lion	Legend_White_Lion_Report	65535	2
1002876	Misc	白瘤牛目击之谈	Sighting of the White Bison	Legend_PureWhite_Bion_Report	65535	2
1002877	Recipe	齿轮制作方法：满月斩	Gear Blueprint: Fullmoon Slash	Recipe_Item_Skill_AbyssGear_CresecentAura_3_LV1	65535	2
1002878	Recipe	齿轮制作方法：天空审判	Gear Blueprint: Order from Above	Recipe_Item_Skill_AbyssGear_Merrick	65535	2
1002879	Misc	白麋鹿目击之谈	Sighting of the White Moose	Legend_White_Moose_Report	65535	2
1002880	Food	丰盛的烤蟹钳	Satisfying Grilled Pincers	Freshly_Grilled_Crab_Large	65535	2
1002881	Food	大份的烤蟹钳	Filling Grilled Pincers	Freshly_Grilled_Crab_Medium	65535	2
1002882	Misc	白鳞鳄鱼目击之谈	Sighting of the White-Scaled Crocodile	Legend_White_Crocodile_Report	65535	2
1002883	Food	满满一份小烤鱼	Hearty Small Grilled Fish	Grilled_Small_Fish_XLarge	65535	2
1002884	Food	丰盛的小烤鱼	Satisfying Small Grilled Fish	Grilled_Small_Fish_Large	65535	2
1002885	Food	大份的小烤鱼	Filling Small Grilled Fish	Grilled_Small_Fish_Medium	65535	2
1002886	Food	满满一份盐烤鱼	Hearty Salt-Roasted Fish	Roast_Fish_XLarge	65535	2
1002887	AbyssGear	灰烬大地	Earthrending Strike	Item_Skill_AbyssGear_TarandusWarrior_WarHammer	65535	2
1002888	Misc	白纹大角鹿目击之谈	Sighting of the White Elk	Legend_White_Stag_Report	65535	2
1002889	Quest	税务通知书	Tax Notice	Quest_Paper_TaxStatement	65535	2
1002890	Recipe	齿轮制作方法：暗影半月	Gear Blueprint: Dark Crescent	Recipe_Item_Skill_AbyssGear_Antumbra_TwoHandRod	65535	2
1002891	Recipe	齿轮制作方法：灰烬大地	Gear Blueprint: Earthrending Strike	Recipe_Item_Skill_AbyssGear_TarandusWarrior_WarHammer	65535	2
1002892	Food	丰盛的盐烤鱼	Satisfying Salt-Roasted Fish	Roast_Fish_Large	65535	2
1002893	Food	大份的盐烤鱼	Filling Salt-Roasted Fish	Roast_Fish_Medium	65535	2
1002894	Food	满满一份烤蔬菜	Hearty Grilled Vegetables	Grilled_Vegetables_XLarge	65535	2
1002895	Misc	红江猪目击之谈	Sighting of the Red River Hog	Legend_Redriver_hog_Report	65535	2
1002896	AbyssGear	钢铁审判I	Steelbane I	Item_Skill_AbyssGear_Machine_AdditionalDamage_LV1	65535	2
1002897	AbyssGear	钢铁审判II	Steelbane II	Item_Skill_AbyssGear_Machine_AdditionalDamage_LV2	65535	2
1002898	AbyssGear	钢铁审判III	Steelbane III	Item_Skill_AbyssGear_Machine_AdditionalDamage_LV3	65535	2
1002899	AbyssGear	死亡审判I	Hexebane I	Item_Skill_AbyssGear_CommonHexe_AdditionalDamage_LV1	65535	2
1002900	AbyssGear	死亡审判II	Hexebane II	Item_Skill_AbyssGear_CommonHexe_AdditionalDamage_LV2	65535	2
1002901	AbyssGear	死亡审判III	Hexebane III	Item_Skill_AbyssGear_CommonHexe_AdditionalDamage_LV3	65535	2
1002902	AbyssGear	道德审判I	Bloodbane I	Item_Skill_AbyssGear_CommonHumanoid_AdditionalDamage_LV1	65535	2
1002903	AbyssGear	道德审判II	Bloodbane II	Item_Skill_AbyssGear_CommonHumanoid_AdditionalDamage_LV2	65535	2
1002904	AbyssGear	道德审判III	Bloodbane III	Item_Skill_AbyssGear_CommonHumanoid_AdditionalDamage_LV3	65535	2
1002905	AbyssGear	古代审判I	Primalbane I	Item_Skill_AbyssGear_CommonGolem_AdditionalDamage_LV1	65535	2
1002906	AbyssGear	古代审判II	Primalbane II	Item_Skill_AbyssGear_CommonGolem_AdditionalDamage_LV2	65535	2
1002907	AbyssGear	古代审判III	Primalbane III	Item_Skill_AbyssGear_CommonGolem_AdditionalDamage_LV3	65535	2
1002908	AbyssGear	力量审判I	Malicebane I	Item_Skill_AbyssGear_Boss_AdditionalDamage_LV1	65535	2
1002909	AbyssGear	力量审判II	Malicebane II	Item_Skill_AbyssGear_Boss_AdditionalDamage_LV2	65535	2
1002910	AbyssGear	力量审判III	Malicebane III	Item_Skill_AbyssGear_Boss_AdditionalDamage_LV3	65535	2
1002911	AbyssGear	野兽审判I	Beastbane I	Item_Skill_AbyssGear_CommonAnimal_AdditionalDamage_LV1	65535	2
1002912	AbyssGear	野兽审判II	Beastbane II	Item_Skill_AbyssGear_CommonAnimal_AdditionalDamage_LV2	65535	2
1002913	AbyssGear	野兽审判III	Beastbane III	Item_Skill_AbyssGear_CommonAnimal_AdditionalDamage_LV3	65535	2
1002914	AbyssGear	未知审判I	Abyssbane I	Item_Skill_AbyssGear_Creature_AdditionalDamage_LV1	65535	2
1002915	AbyssGear	未知审判II	Abyssbane II	Item_Skill_AbyssGear_Creature_AdditionalDamage_LV2	65535	2
1002916	AbyssGear	未知审判III	Abyssbane III	Item_Skill_AbyssGear_Creature_AdditionalDamage_LV3	65535	2
1002917	Misc	黑牙目击之谈	Sighting of the Black Fang	Legend_LeeburtheShadowWolf_Report	65535	2
1002918	Misc	银牙目击之谈	Sighting of the Silver Fang	Legend_SilverFangs_Report	65535	2
1002919	Misc	白虎目击之谈	Sighting of the White Tiger	Tiger_Report	65535	2
1002920	AbyssGear	幸运I	Fortune I	Item_Skill_AbyssGear_AddMoneyDropRate_LV1	65535	2
1002921	AbyssGear	幸运II	Fortune II	Item_Skill_AbyssGear_AddMoneyDropRate_LV2	65535	2
1002922	AbyssGear	幸运III	Fortune III	Item_Skill_AbyssGear_AddMoneyDropRate_LV3	65535	2
1002923	AbyssGear	不竭之箭I	Infinite Arrows I	Item_Skill_AbyssGear_BlockAmmoConsume_LV1	65535	2
1002924	AbyssGear	不竭之箭II	Infinite Arrows II	Item_Skill_AbyssGear_BlockAmmoConsume_LV2	65535	2
1002925	AbyssGear	不竭之箭III	Infinite Arrows III	Item_Skill_AbyssGear_BlockAmmoConsume_LV3	65535	2
1002926	AbyssGear	美食家I	Gourmet I	Item_Skill_AbyssGear_FoodSkillLevelUp_LV1	65535	2
1002927	AbyssGear	美食家II	Gourmet II	Item_Skill_AbyssGear_FoodSkillLevelUp_LV2	65535	2
1002928	AbyssGear	美食家III	Gourmet III	Item_Skill_AbyssGear_FoodSkillLevelUp_LV3	65535	2
1002929	AbyssGear	节制I	Efficiency I	Item_Skill_AbyssGear_ReduceCraftMaterial_LV1	65535	2
1002930	AbyssGear	节制II	Efficiency II	Item_Skill_AbyssGear_ReduceCraftMaterial_LV2	65535	2
1002931	AbyssGear	节制III	Efficiency III	Item_Skill_AbyssGear_ReduceCraftMaterial_LV3	65535	2
1002932	AbyssGear	暗影之手I	Ledgermain I	Item_Skill_AbyssGear_AdditionalThief_LV1	65535	2
1002933	AbyssGear	暗影之手II	Ledgermain II	Item_Skill_AbyssGear_AdditionalThief_LV2	65535	2
1002934	AbyssGear	暗影之手III	Ledgermain III	Item_Skill_AbyssGear_AdditionalThief_LV3	65535	2
1002935	AbyssGear	大地祝福I	Blessing of the Earth I	Item_Skill_AbyssGear_CollectDrop_Ore_LV1	65535	2
1002936	AbyssGear	大地祝福II	Blessing of the Earth II	Item_Skill_AbyssGear_CollectDrop_Ore_LV2	65535	2
1002937	AbyssGear	大地祝福III	Blessing of the Earth III	Item_Skill_AbyssGear_CollectDrop_Ore_LV3	65535	2
1002938	AbyssGear	自然祝福I	Blessing of Nature I	Item_Skill_AbyssGear_CollectDrop_Plant_LV1	65535	2
1002939	AbyssGear	自然祝福II	Blessing of Nature II	Item_Skill_AbyssGear_CollectDrop_Plant_LV2	65535	2
1002940	AbyssGear	自然祝福III	Blessing of Nature III	Item_Skill_AbyssGear_CollectDrop_Plant_LV3	65535	2
1002941	AbyssGear	野兽祝福I	Blessing of the Beast I	Item_Skill_AbyssGear_CollectDrop_Animal_LV1	65535	2
1002942	AbyssGear	野兽祝福II	Blessing of the Beast II	Item_Skill_AbyssGear_CollectDrop_Animal_LV2	65535	2
1002943	AbyssGear	野兽祝福III	Blessing of the Beast III	Item_Skill_AbyssGear_CollectDrop_Animal_LV3	65535	2
1002944	AbyssGear	森林祝福I	Blessing of the Forest I	Item_Skill_AbyssGear_CollectDrop_Log_LV1	65535	2
1002945	AbyssGear	森林祝福II	Blessing of the Forest II	Item_Skill_AbyssGear_CollectDrop_Log_LV2	65535	2
1002946	AbyssGear	森林祝福III	Blessing of the Forest III	Item_Skill_AbyssGear_CollectDrop_Log_LV3	65535	2
1002947	AbyssGear	奉献I	Service I	Item_Skill_AbyssGear_ContributionExp_LV1	65535	2
1002948	AbyssGear	奉献II	Service II	Item_Skill_AbyssGear_ContributionExp_LV2	65535	2
1002949	AbyssGear	奉献III	Service III	Item_Skill_AbyssGear_ContributionExp_LV3	65535	2
1002950	AbyssGear	训练I	Aptitude I	Item_Skill_AbyssGear_SkillPointExp_LV1	65535	2
1002951	AbyssGear	训练II	Aptitude II	Item_Skill_AbyssGear_SkillPointExp_LV2	65535	2
1002952	AbyssGear	训练III	Aptitude III	Item_Skill_AbyssGear_SkillPointExp_LV3	65535	2
1002953	AbyssGear	气力吸收I	Energy Drain I	Item_Skill_AbyssGear_AddKillSkillLevel_LV1	65535	2
1002954	AbyssGear	气力吸收II	Energy Drain II	Item_Skill_AbyssGear_AddKillSkillLevel_LV2	65535	2
1002955	AbyssGear	气力吸收III	Energy Drain III	Item_Skill_AbyssGear_AddKillSkillLevel_LV3	65535	2
1002956	Misc	罗伊勒目击之谈	Sighting of Royler	White_Horse_Report	65535	2
1002957	Misc	罗凯德目击之谈	Sighting of Rokade	Black_Horse_Report	65535	2
1002958	Misc	卡莫拉目击之谈	Sighting of Camora	RedHare_Horse_Report	65535	2
1002959	Misc	霜斑白熊目击之谈	Sighting of the White Bear	Legend_White_Bear_Wild_Report	65535	2
1002960	Misc	大王白野牛目击之谈	Giant White Bison Sighting	Legend_Giant_Bull_Report	65535	2
1002961	Misc	凤凰目击之谈	Sighting of the Phoenix	Legend_Phoenix_Wild_Report	65535	2
1002962	Misc	尸王斯凯瓦尔德目击之谈	Sighting of Skevald, the Carrion King	Boss_Hyena_Skevald_Report	65535	2
1002963	Misc	黄金丁鲷目击传闻	Golden Tench Sighting	Legend_GoldenTench_Report	65535	2
1002964	Misc	腔棘鱼目击之谈	Sighting of the Coelacanth	Legend_Coelacanth_Report	65535	2
1002965	Misc	黄金腔棘鱼目击之谈	Sighting of the Golden Coelacanth	Legend_Golden_Coelacanth_Report	65535	2
1002966	Misc	黄金鲤鱼目击之谈	Sighting of the Golden Carp	Legend_GoldenCarp_Report	65535	2
1002967	Misc	机械鱼目击之谈	Sighting of the Clockwork Fish	Marni_MachineFish_Report	65535	2
1002968	Document	福雷克斯的纸条	Forrex's Note	Paper_Forex	65535	2
1002969	AbyssGear	暴走的洞察	Greater Insight	Item_Stat_AbyssGear_CriticalRate_Special	65535	2
1002970	AbyssGear	暴走的疾风	Greater Swift	Item_Stat_AbyssGear_AttackSpeedRate_Special	65535	2
1002971	Misc	齿轮	Cogwheel	Cog_Pack	65535	2
1002972	AbyssGear	暴走的火焰帷幕	Greater Flameward	Item_Stat_AbyssGear_FireResistance_Special	65535	2
1002973	AbyssGear	暴走的寒霜帷帐	Greater Frostward	Item_Stat_AbyssGear_IceResistance_Special	65535	2
1002974	AbyssGear	暴走的闪电帷帐	Greater Shockward	Item_Stat_AbyssGear_ElectricityResistance_Special	65535	2
1002975	AbyssGear	暴走的钢铁审判	Greater Steelbane	Item_Skill_AbyssGear_Machine_AdditionalDamage_Special	65535	2
1002976	AbyssGear	暴走的死亡审判	Greater Hexebane	Item_Skill_AbyssGear_CommonHexe_AdditionalDamage_Special	65535	2
1002977	AbyssGear	暴走的道德审判	Greater Bloodbane	Item_Skill_AbyssGear_CommonHumanoid_AdditionalDamage_Special	65535	2
1002978	AbyssGear	暴走的古代审判	Greater Primalbane	Item_Skill_AbyssGear_CommonGolem_AdditionalDamage_Special	65535	2
1002979	AbyssGear	暴走的力量审判	Greater Malicebane	Item_Skill_AbyssGear_Boss_AdditionalDamage_Special	65535	2
1002980	AbyssGear	暴走的野兽审判	Greater Beastbane	Item_Skill_AbyssGear_CommonAnimal_AdditionalDamage_Special	65535	2
1002981	AbyssGear	暴走的未知审判	Greater Abyssbane	Item_Skill_AbyssGear_Creature_AdditionalDamage_Special	65535	2
1002982	AbyssGear	暴走的不竭之箭	Greater Infinite Arrows	Item_Skill_AbyssGear_BlockAmmoConsume_Special	65535	2
1002983	ChestArmor	孤独豺狗皮制盔甲	Lonely Jackals' Leather Armor	Ludvic_Leather_Armor_II	5	1
1002984	Gloves	豺狗皮制手套	Jackals' Leather Gloves	Ludvic_Leather_Gloves_II	6	1
1002985	Misc	铁砧要塞的钥匙	Fort Anvil Key	FortMoru_Key	65535	2
1002986	Quest	石制陶罐	Stone Jar	Quest_Order_Delkin_Pot	65535	2
1002987	Document	研究中止警告	Research Suspension Warning	Paper_DelesyiaInstitute_Clue_ResearchPaper	65535	2
1002988	OneHandWeapon	锋利的匕首	Sharp Dagger	Sword_DelesyiaInstitute_Clue_CrimDagger	65535	2
1002989	Misc	隐藏空间 - 0001	Hidden Space - 0001	Visione_Chip_HiddenSpace_0001	65535	2
1002990	Misc	隐藏空间 - 0002	Hidden Space - 0002	Visione_Chip_HiddenSpace_0002	65535	2
1002991	Misc	隐藏空间 - 0003	Hidden Space - 0003	Visione_Chip_HiddenSpace_0003	65535	2
1002992	Misc	隐藏空间 - 0004	Hidden Space - 0004	Visione_Chip_HiddenSpace_0004	65535	2
1002993	Misc	隐藏空间 - 0005	Hidden Space - 0005	Visione_Chip_HiddenSpace_0005	65535	2
1002994	Misc	隐藏空间 - 0006	Hidden Space - 0006	Visione_Chip_HiddenSpace_0006	65535	2
1002995	Misc	隐藏空间 - 0007	Hidden Space - 0007	Visione_Chip_HiddenSpace_0007	65535	2
1002996	Misc	隐藏空间 - 0008	Hidden Space - 0008	Visione_Chip_HiddenSpace_0008	65535	2
1002997	Misc	隐藏空间 - 0009	Hidden Space - 0009	Visione_Chip_HiddenSpace_0009	65535	2
1002998	Misc	隐藏空间 - 0010	Hidden Space - 0010	Visione_Chip_HiddenSpace_0010	65535	2
1002999	Misc	隐藏空间 - 0011	Hidden Space - 0011	Visione_Chip_HiddenSpace_0011	65535	2
1003000	Misc	隐藏空间 - 0012	Hidden Space - 0012	Visione_Chip_HiddenSpace_0012	65535	2
1003001	Misc	隐藏空间 - 0013	Hidden Space - 0013	Visione_Chip_HiddenSpace_0013	65535	2
1003002	Misc	隐藏空间 - 0014	Hidden Space - 0014	Visione_Chip_HiddenSpace_0014	65535	2
1003003	Misc	隐藏空间 - 0015	Hidden Space - 0015	Visione_Chip_HiddenSpace_0015	65535	2
1003004	Misc	隐藏空间 - 0016	Hidden Space - 0016	Visione_Chip_HiddenSpace_0016	65535	2
1003005	Misc	隐藏空间 - 0017	Hidden Space - 0017	Visione_Chip_HiddenSpace_0017	65535	2
1003006	Misc	隐藏空间 - 0018	Hidden Space - 0018	Visione_Chip_HiddenSpace_0018	65535	2
1003007	Misc	隐藏空间 - 0019	Hidden Space - 0019	Visione_Chip_HiddenSpace_0019	65535	2
1003008	Misc	隐藏空间 - 0020	Hidden Space - 0020	Visione_Chip_HiddenSpace_0020	65535	2
1003009	Misc	隐藏空间 - 0021	Hidden Space - 0021	Visione_Chip_HiddenSpace_0021	65535	2
1003010	Misc	隐藏空间 - 0022	Hidden Space - 0022	Visione_Chip_HiddenSpace_0022	65535	2
1003011	Misc	隐藏空间 - 0023	Hidden Space - 0023	Visione_Chip_HiddenSpace_0023	65535	2
1003012	Misc	隐藏空间 - 0024	Hidden Space - 0024	Visione_Chip_HiddenSpace_0024	65535	2
1003013	Misc	隐藏空间 - 0025	Hidden Space - 0025	Visione_Chip_HiddenSpace_0025	65535	2
1003014	Misc	隐藏空间 - 0026	Hidden Space - 0026	Visione_Chip_HiddenSpace_0026	65535	2
1003015	Misc	隐藏空间 - 0027	Hidden Space - 0027	Visione_Chip_HiddenSpace_0027	65535	2
1003016	Misc	隐藏空间 - 0028	Hidden Space - 0028	Visione_Chip_HiddenSpace_0028	65535	2
1003017	Misc	隐藏空间 - 0029	Hidden Space - 0029	Visione_Chip_HiddenSpace_0029	65535	2
1003018	Misc	隐藏空间 - 0030	Hidden Space - 0030	Visione_Chip_HiddenSpace_0030	65535	2
1003019	Misc	隐藏空间 - 0031	Hidden Space - 0031	Visione_Chip_HiddenSpace_0031	65535	2
1003020	Misc	隐藏空间 - 0032	Hidden Space - 0032	Visione_Chip_HiddenSpace_0032	65535	2
1003021	Misc	隐藏空间 - 0033	Hidden Space - 0033	Visione_Chip_HiddenSpace_0033	65535	2
1003022	Misc	隐藏空间 - 0034	Hidden Space - 0034	Visione_Chip_HiddenSpace_0034	65535	2
1003023	Misc	隐藏空间 - 0035	Hidden Space - 0035	Visione_Chip_HiddenSpace_0035	65535	2
1003024	Misc	隐藏空间 - 0036	Hidden Space - 0036	Visione_Chip_HiddenSpace_0036	65535	2
1003025	Misc	隐藏空间 - 0037	Hidden Space - 0037	Visione_Chip_HiddenSpace_0037	65535	2
1003026	Misc	隐藏空间 - 0038	Hidden Space - 0038	Visione_Chip_HiddenSpace_0038	65535	2
1003027	Misc	隐藏空间 - 0039	Hidden Space - 0039	Visione_Chip_HiddenSpace_0039	65535	2
1003028	Misc	隐藏空间 - 0040	Hidden Space - 0040	Visione_Chip_HiddenSpace_0040	65535	2
1003029	Misc	隐藏空间 - 0041	Hidden Space - 0041	Visione_Chip_HiddenSpace_0041	65535	2
1003030	Misc	隐藏空间 - 0042	Hidden Space - 0042	Visione_Chip_HiddenSpace_0042	65535	2
1003031	Misc	隐藏空间 - 0043	Hidden Space - 0043	Visione_Chip_HiddenSpace_0043	65535	2
1003032	Misc	隐藏空间 - 0044	Hidden Space - 0044	Visione_Chip_HiddenSpace_0044	65535	2
1003033	Misc	隐藏空间 - 0045	Hidden Space - 0045	Visione_Chip_HiddenSpace_0045	65535	2
1003034	Misc	隐藏空间 - 0046	Hidden Space - 0046	Visione_Chip_HiddenSpace_0046	65535	2
1003035	Misc	隐藏空间 - 0047	Hidden Space - 0047	Visione_Chip_HiddenSpace_0047	65535	2
1003036	Misc	隐藏空间 - 0048	Hidden Space - 0048	Visione_Chip_HiddenSpace_0048	65535	2
1003037	Misc	隐藏空间 - 0049	Hidden Space - 0049	Visione_Chip_HiddenSpace_0049	65535	2
1003038	Misc	隐藏空间 - 0050	Hidden Space - 0050	Visione_Chip_HiddenSpace_0050	65535	2
1003039	Misc	隐藏空间 - 0051	Hidden Space - 0051	Visione_Chip_HiddenSpace_0051	65535	2
1003040	Misc	隐藏空间 - 0052	Hidden Space - 0052	Visione_Chip_HiddenSpace_0052	65535	2
1003041	Misc	隐藏空间 - 0053	Hidden Space - 0053	Visione_Chip_HiddenSpace_0053	65535	2
1003042	Misc	隐藏空间 - 0054	Hidden Space - 0054	Visione_Chip_HiddenSpace_0054	65535	2
1003043	Misc	隐藏空间 - 0055	Hidden Space - 0055	Visione_Chip_HiddenSpace_0055	65535	2
1003044	Misc	隐藏空间 - 0056	Hidden Space - 0056	Visione_Chip_HiddenSpace_0056	65535	2
1003045	Misc	隐藏空间 - 0057	Hidden Space - 0057	Visione_Chip_HiddenSpace_0057	65535	2
1003046	Misc	隐藏空间 - 0058	Hidden Space - 0058	Visione_Chip_HiddenSpace_0058	65535	2
1003047	Misc	隐藏空间 - 0059	Hidden Space - 0059	Visione_Chip_HiddenSpace_0059	65535	2
1003048	Misc	隐藏空间 - 0060	Hidden Space - 0060	Visione_Chip_HiddenSpace_0060	65535	2
1003049	Misc	隐藏空间 - 0061	Hidden Space - 0061	Visione_Chip_HiddenSpace_0061	65535	2
1003050	Misc	隐藏空间 - 0062	Hidden Space - 0062	Visione_Chip_HiddenSpace_0062	65535	2
1003051	Misc	隐藏空间 - 0063	Hidden Space - 0063	Visione_Chip_HiddenSpace_0063	65535	2
1003052	Misc	隐藏空间 - 0064	Hidden Space - 0064	Visione_Chip_HiddenSpace_0064	65535	2
1003053	Misc	隐藏空间 - 0065	Hidden Space - 0065	Visione_Chip_HiddenSpace_0065	65535	2
1003054	Misc	隐藏空间 - 0066	Hidden Space - 0066	Visione_Chip_HiddenSpace_0066	65535	2
1003055	Misc	隐藏空间 - 0067	Hidden Space - 0067	Visione_Chip_HiddenSpace_0067	65535	2
1003056	Misc	隐藏空间 - 0068	Hidden Space - 0068	Visione_Chip_HiddenSpace_0068	65535	2
1003057	Misc	隐藏空间 - 0069	Hidden Space - 0069	Visione_Chip_HiddenSpace_0069	65535	2
1003058	Misc	隐藏空间 - 0070	Hidden Space - 0070	Visione_Chip_HiddenSpace_0070	65535	2
1003059	Misc	隐藏空间 - 0071	Hidden Space - 0071	Visione_Chip_HiddenSpace_0071	65535	2
1003060	Misc	隐藏空间 - 0072	Hidden Space - 0072	Visione_Chip_HiddenSpace_0072	65535	2
1003061	Misc	隐藏空间 - 0073	Hidden Space - 0073	Visione_Chip_HiddenSpace_0073	65535	2
1003062	Misc	隐藏空间 - 0074	Hidden Space - 0074	Visione_Chip_HiddenSpace_0074	65535	2
1003063	Misc	隐藏空间 - 0075	Hidden Space - 0075	Visione_Chip_HiddenSpace_0075	65535	2
1003064	Misc	隐藏空间 - 0076	Hidden Space - 0076	Visione_Chip_HiddenSpace_0076	65535	2
1003065	Misc	隐藏空间 - 0077	Hidden Space - 0077	Visione_Chip_HiddenSpace_0077	65535	2
1003066	Misc	隐藏空间 - 0078	Hidden Space - 0078	Visione_Chip_HiddenSpace_0078	65535	2
1003067	Misc	隐藏空间 - 0079	Hidden Space - 0079	Visione_Chip_HiddenSpace_0079	65535	2
1003068	Misc	隐藏空间 - 0080	Hidden Space - 0080	Visione_Chip_HiddenSpace_0080	65535	2
1003069	Misc	隐藏空间 - 0081	Hidden Space - 0081	Visione_Chip_HiddenSpace_0081	65535	2
1003070	Misc	隐藏空间 - 0082	Hidden Space - 0082	Visione_Chip_HiddenSpace_0082	65535	2
1003071	Misc	隐藏空间 - 0083	Hidden Space - 0083	Visione_Chip_HiddenSpace_0083	65535	2
1003072	Misc	隐藏空间 - 0084	Hidden Space - 0084	Visione_Chip_HiddenSpace_0084	65535	2
1003073	Misc	隐藏空间 - 0085	Hidden Space - 0085	Visione_Chip_HiddenSpace_0085	65535	2
1003074	Misc	隐藏空间 - 0086	Hidden Space - 0086	Visione_Chip_HiddenSpace_0086	65535	2
1003075	Misc	隐藏空间 - 0087	Hidden Space - 0087	Visione_Chip_HiddenSpace_0087	65535	2
1003076	Misc	隐藏空间 - 0088	Hidden Space - 0088	Visione_Chip_HiddenSpace_0088	65535	2
1003077	Misc	隐藏空间 - 0089	Hidden Space - 0089	Visione_Chip_HiddenSpace_0089	65535	2
1003078	Misc	隐藏空间 - 0090	Hidden Space - 0090	Visione_Chip_HiddenSpace_0090	65535	2
1003079	Misc	隐藏空间 - 0091	Hidden Space - 0091	Visione_Chip_HiddenSpace_0091	65535	2
1003080	Misc	隐藏空间 - 0092	Hidden Space - 0092	Visione_Chip_HiddenSpace_0092	65535	2
1003081	Misc	隐藏空间 - 0093	Hidden Space - 0093	Visione_Chip_HiddenSpace_0093	65535	2
1003082	Misc	隐藏空间 - 0094	Hidden Space - 0094	Visione_Chip_HiddenSpace_0094	65535	2
1003083	Misc	隐藏空间 - 0095	Hidden Space - 0095	Visione_Chip_HiddenSpace_0095	65535	2
1003084	Misc	隐藏空间 - 0096	Hidden Space - 0096	Visione_Chip_HiddenSpace_0096	65535	2
1003085	Misc	隐藏空间 - 0097	Hidden Space - 0097	Visione_Chip_HiddenSpace_0097	65535	2
1003086	Misc	隐藏空间 - 0098	Hidden Space - 0098	Visione_Chip_HiddenSpace_0098	65535	2
1003087	Misc	隐藏空间 - 0099	Hidden Space - 0099	Visione_Chip_HiddenSpace_0099	65535	2
1003088	Misc	隐藏空间 - 0100	Hidden Space - 0100	Visione_Chip_HiddenSpace_0100	65535	2
1003089	Misc	隐藏空间 - 0101	Hidden Space - 0101	Visione_Chip_HiddenSpace_0101	65535	2
1003090	Misc	隐藏空间 - 0102	Hidden Space - 0102	Visione_Chip_HiddenSpace_0102	65535	2
1003091	Misc	隐藏空间 - 0103	Hidden Space - 0103	Visione_Chip_HiddenSpace_0103	65535	2
1003092	Misc	隐藏空间 - 0104	Hidden Space - 0104	Visione_Chip_HiddenSpace_0104	65535	2
1003093	Misc	隐藏空间 - 0105	Hidden Space - 0105	Visione_Chip_HiddenSpace_0105	65535	2
1003094	Misc	隐藏空间 - 0106	Hidden Space - 0106	Visione_Chip_HiddenSpace_0106	65535	2
1003095	Misc	隐藏空间 - 0107	Hidden Space - 0107	Visione_Chip_HiddenSpace_0107	65535	2
1003096	Misc	隐藏空间 - 0108	Hidden Space - 0108	Visione_Chip_HiddenSpace_0108	65535	2
1003097	Misc	隐藏空间 - 0109	Hidden Space - 0109	Visione_Chip_HiddenSpace_0109	65535	2
1003098	Misc	隐藏空间 - 0110	Hidden Space - 0110	Visione_Chip_HiddenSpace_0110	65535	2
1003099	Misc	隐藏空间 - 0111	Hidden Space - 0111	Visione_Chip_HiddenSpace_0111	65535	2
1003100	Misc	隐藏空间 - 0112	Hidden Space - 0112	Visione_Chip_HiddenSpace_0112	65535	2
1003101	Misc	隐藏空间 - 0113	Hidden Space - 0113	Visione_Chip_HiddenSpace_0113	65535	2
1003102	Misc	隐藏空间 - 0114	Hidden Space - 0114	Visione_Chip_HiddenSpace_0114	65535	2
1003103	Misc	隐藏空间 - 0115	Hidden Space - 0115	Visione_Chip_HiddenSpace_0115	65535	2
1003104	Misc	隐藏空间 - 0116	Hidden Space - 0116	Visione_Chip_HiddenSpace_0116	65535	2
1003105	Misc	隐藏空间 - 0117	Hidden Space - 0117	Visione_Chip_HiddenSpace_0117	65535	2
1003106	Misc	隐藏空间 - 0118	Hidden Space - 0118	Visione_Chip_HiddenSpace_0118	65535	2
1003107	Misc	隐藏空间 - 0119	Hidden Space - 0119	Visione_Chip_HiddenSpace_0119	65535	2
1003108	Misc	隐藏空间 - 0120	Hidden Space - 0120	Visione_Chip_HiddenSpace_0120	65535	2
1003109	Misc	隐藏空间 - 0121	Hidden Space - 0121	Visione_Chip_HiddenSpace_0121	65535	2
1003110	Misc	隐藏空间 - 0122	Hidden Space - 0122	Visione_Chip_HiddenSpace_0122	65535	2
1003111	Misc	隐藏空间 - 0123	Hidden Space - 0123	Visione_Chip_HiddenSpace_0123	65535	2
1003112	Misc	隐藏空间 - 0124	Hidden Space - 0124	Visione_Chip_HiddenSpace_0124	65535	2
1003113	Misc	隐藏空间 - 0125	Hidden Space - 0125	Visione_Chip_HiddenSpace_0125	65535	2
1003114	Misc	隐藏空间 - 0126	Hidden Space - 0126	Visione_Chip_HiddenSpace_0126	65535	2
1003115	Misc	隐藏空间 - 0127	Hidden Space - 0127	Visione_Chip_HiddenSpace_0127	65535	2
1003116	Misc	隐藏空间 - 0128	Hidden Space - 0128	Visione_Chip_HiddenSpace_0128	65535	2
1003117	Misc	隐藏空间 - 0129	Hidden Space - 0129	Visione_Chip_HiddenSpace_0129	65535	2
1003118	Misc	隐藏空间 - 0130	Hidden Space - 0130	Visione_Chip_HiddenSpace_0130	65535	2
1003119	Misc	隐藏空间 - 0131	Hidden Space - 0131	Visione_Chip_HiddenSpace_0131	65535	2
1003120	Misc	隐藏空间 - 0132	Hidden Space - 0132	Visione_Chip_HiddenSpace_0132	65535	2
1003121	Misc	隐藏空间 - 0133	Hidden Space - 0133	Visione_Chip_HiddenSpace_0133	65535	2
1003122	Misc	隐藏空间 - 0134	Hidden Space - 0134	Visione_Chip_HiddenSpace_0134	65535	2
1003123	Misc	隐藏空间 - 0135	Hidden Space - 0135	Visione_Chip_HiddenSpace_0135	65535	2
1003124	Misc	隐藏空间 - 0136	Hidden Space - 0136	Visione_Chip_HiddenSpace_0136	65535	2
1003125	Misc	隐藏空间 - 0137	Hidden Space - 0137	Visione_Chip_HiddenSpace_0137	65535	2
1003126	Misc	隐藏空间 - 0138	Hidden Space - 0138	Visione_Chip_HiddenSpace_0138	65535	2
1003127	Misc	隐藏空间 - 0139	Hidden Space - 0139	Visione_Chip_HiddenSpace_0139	65535	2
1003128	Misc	隐藏空间 - 0140	Hidden Space - 0140	Visione_Chip_HiddenSpace_0140	65535	2
1003129	Misc	隐藏空间 - 0141	Hidden Space - 0141	Visione_Chip_HiddenSpace_0141	65535	2
1003130	Misc	隐藏空间 - 0142	Hidden Space - 0142	Visione_Chip_HiddenSpace_0142	65535	2
1003131	Misc	隐藏空间 - 0143	Hidden Space - 0143	Visione_Chip_HiddenSpace_0143	65535	2
1003132	Misc	隐藏空间 - 0144	Hidden Space - 0144	Visione_Chip_HiddenSpace_0144	65535	2
1003133	Misc	隐藏空间 - 0145	Hidden Space - 0145	Visione_Chip_HiddenSpace_0145	65535	2
1003134	Misc	隐藏空间 - 0146	Hidden Space - 0146	Visione_Chip_HiddenSpace_0146	65535	2
1003135	Misc	隐藏空间 - 0147	Hidden Space - 0147	Visione_Chip_HiddenSpace_0147	65535	2
1003136	Misc	隐藏空间 - 0148	Hidden Space - 0148	Visione_Chip_HiddenSpace_0148	65535	2
1003137	Misc	隐藏空间 - 0149	Hidden Space - 0149	Visione_Chip_HiddenSpace_0149	65535	2
1003138	Misc	隐藏空间 - 0150	Hidden Space - 0150	Visione_Chip_HiddenSpace_0150	65535	2
1003139	Misc	隐藏空间 - 0151	Hidden Space - 0151	Visione_Chip_HiddenSpace_0151	65535	2
1003140	Misc	隐藏空间 - 0152	Hidden Space - 0152	Visione_Chip_HiddenSpace_0152	65535	2
1003141	Misc	隐藏空间 - 0153	Hidden Space - 0153	Visione_Chip_HiddenSpace_0153	65535	2
1003142	Misc	隐藏空间 - 0154	Hidden Space - 0154	Visione_Chip_HiddenSpace_0154	65535	2
1003143	Misc	隐藏空间 - 0155	Hidden Space - 0155	Visione_Chip_HiddenSpace_0155	65535	2
1003144	Misc	隐藏空间 - 0156	Hidden Space - 0156	Visione_Chip_HiddenSpace_0156	65535	2
1003145	Misc	卡尔佩德服装供货合同	Outfit Supply Contract - Calphade	Permit_Cal_Costume	65535	2
1003146	Misc	德梅尼斯服装供货合同	Outfit Supply Contract - Demeniss	Permit_Dem_Costume	65535	2
1003147	Misc	塔里布服装供货合同	Outfit Supply Contract - Tariv	Permit_Tar_Costume	65535	2
1003148	Misc	德梅尼斯动物园服装供货合同	Outfit Supply Contract - Demeniss Wildlife Park	Permit_DemZoo_Costume	65535	2
1003149	Misc	德雷西亚服装供货合同	Outfit Supply Contract - Delesyia	Permit_Del_Costume	65535	2
1003150	Misc	佩伦服装供货合同	Outfit Supply Contract - Pailune	Permit_Pai_Costume	65535	2
1003151	Misc	托马索服装供货合同	Outfit Supply Contract - Tommaso	Permit_Tash_Costume	65535	2
1003152	Misc	巴尔尼亚服装供货合同	Outfit Supply Contract - Varnia	Permit_Var_Costume	65535	2
1003153	Misc	埃尔南德装备供货合同	Equipment Supply Contract - Hernand	Permit_Her_Equipment	65535	2
1003154	Misc	卡隆索装备供货合同	Equipment Supply Contract - Kharonso	Permit_Kha_Equipment	65535	2
1003155	Misc	卡尔佩德装备供货合同	Equipment Supply Contract - Calphade	Permit_Cal_Equipment	65535	2
1003156	Misc	德梅尼斯装备供货合同	Equipment Supply Contract - Demeniss	Permit_Dem_Equipment	65535	2
1003157	Misc	塔里布装备供货合同	Equipment Supply Contract - Tariv	Permit_Tar_Equipment	65535	2
1003158	Misc	斯特隆赫尔姆工坊装备供货合同	Equipment Supply Contract - Stronghelm Forge	Permit_Str_Equipment	65535	2
1003159	Misc	德雷西亚装备供货合同	Equipment Supply Contract - Delesyia	Permit_Del_Equipment	65535	2
1003160	Misc	佩伦装备供货合同	Equipment Supply Contract - Pailune	Permit_Pai_Equipment	65535	2
1003161	Misc	斯科格霍恩装备供货合同	Equipment Supply Contract - Skoghorn	Permit_Skog_Equipment	65535	2
1003162	Misc	欧德克装备供货合同	Equipment Supply Contract - Odeck	Permit_Odeck_Equipment	65535	2
1003163	Misc	巴尔尼亚装备供货合同	Equipment Supply Contract - Varnia	Permit_Var_Equipment	65535	2
1003164	Misc	托马索装备供货合同	Equipment Supply Contract - Tommaso	Permit_Tash_Equipment	65535	2
1003165	TwoHandWeapon	醉酒黑熊中型旗帜	Medium Black Bears Banner Pike	Blackbear_Flag_II	23	1
1003166	TwoHandWeapon	布利德中型旗帜	Medium Bleed Bandits Banner Pike	Bleed_Flag_III	23	1
1003167	TwoHandWeapon	卡利班中型旗帜	Medium Caliburn's Banner Pike	Caliburn_Flag_II	23	1
1003168	TwoHandWeapon	卡尔佩德中型旗帜	Medium Calphadean Banner Pike	Calphade_Flag_II	23	1
1003169	TwoHandWeapon	鹿王中型旗帜	Medium Staglord Banner Pike	deerking_Flag_II	23	1
1003170	TwoHandWeapon	德雷西亚中型旗帜	Medium Delesyian Banner Pike	Dellesian_Flag_II	23	1
1003171	TwoHandWeapon	杜黑文中型旗帜	Medium Dewhaven Banner Pike	Dewhaven_Flag_II	23	1
1003172	Misc	埃尔南德杂货供货合同	Provisions Supply Contract - Hernand	Permit_Her_General	65535	2
1003173	Misc	卡尔佩德杂货供货合同	Provisions Supply Contract - Calphade	Permit_Cal_General	65535	2
1003174	Misc	德雷西亚杂货供货合同	Provisions Supply Contract - Delesyia	Permit_Del_General	65535	2
1003175	Misc	佩伦杂货供货合同	Provisions Supply Contract - Pailune	Permit_Pai_General	65535	2
1003176	Misc	贝根杂货供货合同	Provisions Supply Contract - Beighen	Permit_Bei_General	65535	2
1003177	Misc	德梅尼斯杂货供货合同书	Provisions Supply Contract - Demeniss	Permit_Dem_General	65535	2
1003178	Misc	托马索杂货供货合同	Provisions Supply Contract - Tommaso	Permit_Tash_General	65535	2
1003179	Misc	巴尔尼亚杂货供货合同	Provisions Supply Contract - Varnia	Permit_Var_General	65535	2
1003180	Misc	贝路亚杂货供货合同	Provisions Supply Contract - Vellua	Permit_Vellua_General	65535	2
1003181	Misc	斯科格霍恩杂货供货合同	Provisions Supply Contract - Skoghorn	Permit_Skog_General	65535	2
1003182	Misc	卡尔佩德种子供货合同	Seed Supply Contract - Calphade	Permit_Cal_Seed	65535	2
1003183	Misc	德梅尼斯种子供货合同	Seed Supply Contract - Demeniss	Permit_Dem_Seed	65535	2
1003184	Misc	德雷西亚种子供货合同	Seed Supply Contract - Delesyia	Permit_Del_Seed	65535	2
1003185	Misc	佩伦种子供货合同	Seed Supply Contract - Pailune	Permit_Pai_Seed	65535	2
1003186	Misc	托马索种子供货合同	Seed Supply Contract - Tommaso	Permit_Tash_Seed	65535	2
1003187	Misc	巴尔尼亚种子供货合同	Seed Supply Contract - Varnia	Permit_Var_Seed	65535	2
1003188	Necklace	紫色侦察队项链	Purple Scout Necklace	Twich_Necklace	9	1
1003189	Ring	紫色侦察队戒指	Purple Scout Ring	Twich_Ring	10	1
1003190	Tool	紫色侦察队提灯	Purple Scout Lantern	Twich_Lantern	55	1
1003191	Helmet	紫色侦察队头盔	Purple Scout Hat	Twich_Leather_Helm	4	1
1003192	ChestArmor	紫色侦察队盔甲	Purple Scout Armor	Twich_Fabric_Armor	5	1
1003193	Cloak	紫色侦察队披风	Purple Scout Cloak	Twich_Fabric_Cloak	69	1
1003194	Shield	紫色侦察队盾牌	Purple Scout Shield	Twich_OneHandShield	1	1
1003195	HorseGear	紫色侦察队马面	Purple Scout Champron	Twich_HorseArmor_Helm	61	1
1003196	HorseGear	紫色侦察队马鞍	Purple Scout Saddle	Twich_HorseArmor_Saddle	62	1
1003197	HorseGear	紫色侦察队马镫	Purple Scout Stirrups	Twich_HorseArmor_Stirrup	63	1
1003198	Earring	蓝色侦察队耳环	Blue Scout Earring	Bilibili_Earring	8	1
1003199	Necklace	蓝色侦察队项链	Blue Scout Necklace	Bilibili_Necklace	9	1
1003200	Ring	蓝色侦察队戒指	Blue Scout Ring	Bilibili_Ring	10	1
1003201	Tool	蓝色侦察队提灯	Blue Scout Lantern	Bilibili_Lantern	55	1
1003202	Helmet	蓝色侦察队头盔	Blue Scout Hat	Bilibili_Leather_Helm	4	1
1003203	ChestArmor	蓝色侦察队盔甲	Blue Scout Armor	Bilibili_Fabric_Armor	5	1
1003204	Cloak	蓝色侦察队披风	Blue Scout Cloak	Bilibili_Fabric_Cloak	69	1
1003205	Shield	蓝色侦察队盾牌	Blue Scout Shield	Bilibili_OneHandShield	1	1
1003206	HorseGear	蓝色侦察队马面	Blue Scout Champron	Bilibili_HorseArmor_Helm	61	1
1003207	HorseGear	蓝色侦察队马鞍	Blue Scout Saddle	Bilibili_HorseArmor_Saddle	62	1
1003208	HorseGear	蓝色侦察队马镫	Blue Scout Stirrups	Bilibili_HorseArmor_Stirrup	63	1
1003209	Misc	[QA] 侧写档案 (德梅尼斯-德雷西亚 2.5)	[QA] Profiling (Demeniss-Delesyia 2.5)	Dev_QA_demtodel_walk	65535	2
1003210	Misc	[QA] 侧写报告 (德梅尼斯-德雷西亚 20)	[QA] Profiling (Demeniss-Delesyia 20)	Dev_QA_demtodel_run	65535	2
1003211	Helmet	杜黑文制式板金头盔	Dewhaven Standard Plate Helm	Dewhaven_PlateArmor_Helm	4	1
1003212	Quest	戈里奥的告示	Gorio's Poster	Quest_Paper_Kwe_Gorio	65535	2
1003213	Quest	昂里的告示	Harry's Poster	Quest_Paper_Kwe_Henri	65535	2
1003214	Quest	巴尔古的告示	Bargul's Poster	Quest_Paper_Kwe_Bargul	65535	2
1003215	Quest	冈提尔的告示	Gunter's Poster	Quest_Paper_Kwe_Gonthyr	65535	2
1003216	Quest	罗拉的告示	Lola's Poster	Quest_Paper_Kwe_Lora	65535	2
1003217	Quest	利卡尔特的告示	Richart's Poster	Quest_Paper_Kwe_Richart	65535	2
1003218	Quest	埃尔德雷德的告示	Eldred's Poster	Quest_Paper_Kwe_Aldred	65535	2
1003219	Quest	拉特科的告示	Rocco's Poster	Quest_Paper_Kwe_Ratko	65535	2
1003220	Ring	虎牙戒指	Tigerfang Ring	Tiger_Tooth_Ring	10	1
1003221	Necklace	白狮子项链	White Lion Necklace	White_Lion_Necklace	9	1
1003222	Earring	黑狮子耳环	Black Lion Earring	Black_Lion_Earring	8	1
1003223	Gloves	苍白捕食者的皮制手套	Pale Predator's Leather Gloves	White_Crocodile_Leather_Gloves	6	1
1003224	Misc	幸运信	Letter of Fortune	Lucky_Letter	65535	2
1003225	Misc	画着奇怪图案的纸条	Note with a Suspicious Symbol	Criminal_DropItem	65535	2
1003226	Misc	展示用铁盘	Decorative Iron Plate	Collection_Prop_Plate_0019	65535	2
1003227	Misc	祭祀用盏	Ceremonial Bowl	Collection_Prop_Bowl_0027	65535	2
1003228	Recipe	齿轮制作方法：强夺	Gear Blueprint: Disarm	Recipe_Item_Skill_AbyssGear_EquipDropRate_LV1	65535	2
1003229	AbyssGear	强夺I	Disarm I	Item_Skill_AbyssGear_EquipDropRate_LV1	65535	2
1003230	AbyssGear	强夺II	Disarm II	Item_Skill_AbyssGear_EquipDropRate_LV2	65535	2
1003231	AbyssGear	强夺III	Disarm III	Item_Skill_AbyssGear_EquipDropRate_LV3	65535	2
1003232	Misc	刺激的特色套餐	Zesty Fine Meal	Surasang_03_RazorClam	65535	2
1003233	Misc	清爽特色套餐	Refreshing Fine Meal	Surasang_03_Chaya	65535	2
1003234	Misc	丰盛佳肴套餐	Satisfying Extravagant Meal	Surasang_01_Chocolate	65535	2
1003235	Misc	爽口佳肴套餐	Energizing Extravagant Meal	Surasang_01_chlorella	65535	2
1003236	Misc	饱腹宴席套餐	Hearty Lavish Meal	Surasang_02_Dulse	65535	2
1003237	Misc	辛辣宴席套餐	Piquant Lavish Meal	Surasang_02_Ensete	65535	2
1003238	Misc	清凉晚餐套餐	Refreshing Grand Meal	Surasang_00_Taro	65535	2
1003239	Misc	芬芳晚餐套餐	Aromatic Grand Meal	Surasang_00_jijeongta	65535	2
1003240	Misc	酸甜风味套餐	Tart Special Meal	Surasang_04_Kudzu	65535	2
1003241	Misc	苦涩风味套餐	Herby Special Meal	Surasang_04_Coffee	65535	2
1003242	Misc	火辣高级套餐	Fancy Meal	Surasang_05_opuntia	65535	2
1003243	Misc	柔软高级套餐	Fluffy Meal	Surasang_05_amaranth	65535	2
1003244	OneHandWeapon	竞技用单手剑	Competition Sword	Minigame_OneHandSword	0	1
1003245	Bow	竞技用木弓	Competition Wooden Bow	Minigame_OneHandBow	3	1
1003246	OneHandWeapon	竞技用火枪	Competition Musket	Minigame_OneHandMusket	35	1
1003247	TwoHandWeapon	竞技用长枪	Competition Spear	Minigame_TwoHandSpear	21	1
1003248	Bracelet	德米安法则手镯	Damiane's Axiom Bracelet	Damian_Daeil_Band	70	1
1003249	Document	马厩租赁账本	Horse Hire Ledger	Book_GoldleafGuildhouse_Clue	65535	2
1003250	Document	空账簿	Empty Ledger	Book_GoldleafGuildhouse_Clue_I	65535	2
1003251	Document	家畜饲料收据	Feed Purchase Receipt	Paper_GoldleafGuildhouse_Clue_I	65535	2
1003252	Document	交易日程记录单	Trade Schedule Log	Paper_GoldleafGuildhouse_Clue_II	65535	2
1003253	Document	酒馆账本	Tavern Ledger	Paper_GoldleafGuildhouse_Clue_III	65535	2
1003254	Document	税务通知书	Tax Notice	Paper_GoldleafGuildhouse_Clue_IV	65535	2
1003255	Document	卫兵的报告	Guard's Report	Paper_GoldleafGuildhouse_Clue_V	65535	2
1003256	Document	卫兵的信	Guard's Letter	Paper_GoldleafGuildhouse_Clue_VI	65535	2
1003257	Document	商会交货印章	Merchant Delivery Seal	Paper_GoldleafGuildhouse_Clue_VII	65535	2
1003258	Document	住宿证明	Proof of Stay	Paper_GoldleafGuildhouse_Clue_VIII	65535	2
1003259	OneHandWeapon	嘟嘟鸟雷电喷射器	Kuku Boltspitter	Kuku_LightningThrower	51	1
1003261	ChestArmor	黄金鳞片盗贼团板金盔甲	Iguana Rider's Plate Armor	Iguana_Rider_PlateArmor_Armor_I	5	1
1003262	ChestArmor	黄金鳞片盗贼团板金盔甲	Iguana Rider's Plate Armor	Iguana_Rider_PlateArmor_Armor_II	5	1
1003263	ChestArmor	黄金鳞片盗贼团板金盔甲	Iguana Rider's Plate Armor	Iguana_Rider_PlateArmor_Armor_III	5	1
1003264	Cloak	迷雾猫头鹰皮制披风	Mistcloaked Owl Leather Cloak	Owls_of_the_Mist_Leather_Cloak	69	1
1003265	Bow	灰狼信念弓	Grey Wolf Bow	GreyWolf_OneHandBow	3	1
1003266	Recipe	炼金：弗蕾雅的低阶药剂	Alchemy Formula: Freya's Lesser Elixir	Recipe_Potion_DDD_LV1	65535	2
1003267	Recipe	炼金：弗蕾雅的中阶药剂	Alchemy Formula: Freya's Elixir	Recipe_Potion_DDD_LV2	65535	2
1003268	Recipe	炼金：弗蕾雅的高阶药剂	Alchemy Formula: Freya's Greater Elixir	Recipe_Potion_DDD_LV3	65535	2
1003269	Recipe	炼金：阿芙罗妮娅的低阶药剂	Alchemy Formula: Apollonia's Lesser Elixir	Recipe_Potion_DPV_LV1	65535	2
1003270	Recipe	炼金：阿芙罗妮娅的中阶药剂	Alchemy Formula: Apollonia's Elixir	Recipe_Potion_DPV_LV2	65535	2
1003271	Recipe	炼金：阿芙罗妮娅的高阶药剂	Alchemy Formula: Apollonia's Greater Elixir	Recipe_Potion_DPV_LV3	65535	2
1003272	Recipe	炼金：梅莉娅拉的低阶药剂	Alchemy Formula: Meliara's Lesser Elixir	Recipe_Potion_HP_LV1	65535	2
1003273	Recipe	炼金：梅莉娅拉的中阶药剂	Alchemy Formula: Meliara's Elixir	Recipe_Potion_HP_LV2	65535	2
1003274	Recipe	炼金：梅莉娅拉的高阶药剂	Alchemy Formula: Meliara's Greater Elixir	Recipe_Potion_HP_LV3	65535	2
1003275	Recipe	炼金：赫丁的低阶药剂	Alchemy Formula: Haiden's Lesser Elixir	Recipe_Potion_MP_LV1	65535	2
1003276	Recipe	炼金：赫丁的中阶药剂	Alchemy Formula: Haiden's Elixir	Recipe_Potion_MP_LV2	65535	2
1003277	Recipe	炼金：赫丁的高阶药剂	Alchemy Formula: Haiden's Greater Elixir	Recipe_Potion_MP_LV3	65535	2
1003278	Recipe	炼金：阿斯特丽德的低阶药剂	Alchemy Formula: Astrid's Lesser Elixir	Recipe_Potion_SP_LV1	65535	2
1003279	Recipe	炼金：阿斯特丽德的中阶药剂	Alchemy Formula: Astrid's Elixir	Recipe_Potion_SP_LV2	65535	2
1003280	Recipe	炼金：阿斯特丽德的高阶药剂	Alchemy Formula: Astrid's Greater Elixir	Recipe_Potion_SP_LV3	65535	2
1003281	AbyssGear	生命循环	Life Transference	Item_Skill_AbyssGear_Attack_HPRecover_LV1	65535	2
1003282	Misc	小偷留下的第一张纸条	The Thief's First Note	Memo_Serkis_FalseEvidence_1	65535	2
1003283	Document	留在火炬烽火台的地图	A Map Left at the Torchlight Beacon	TreasureMap_FalseEvidence_1	65535	2
1003284	Cloak	蜥蜴皮制披风	Lizard Leather Cloak	Iguana_Rider_Leather_Cloak_III	69	1
1003285	OneHandWeapon		Test OneHandMace	Test_OneHandMace	19	1
1003286	Cloak	野狼追踪者布制披风	Wolf Tracker Cloth Cloak	Wolf_Pursuer_Fabric_Cloak	69	1
1003287	HorseGear	黄铜马蹄铁	Bronze Horseshoes	HorseShoe_HorseArmor_Brass_horseshoe_II	64	1
1003288	HorseGear	破旧马蹄铁	Shabby Horseshoes	HorseShoe_HorseArmor_Shabby_horseshoe_II	64	1
1003289	HorseGear	四叶马蹄铁	Four-Leaf Horseshoes	HorseShoe_HorseArmor_Clover_Horseshoe_II	64	1
1003290	AbyssGear	勇气循环	Spirit Transference	Item_Skill_AbyssGear_Attack_MPRecover_LV1	65535	2
1003291	AbyssGear	耐力循环	Stamina Transference	Item_Skill_AbyssGear_Attack_SPRecover_LV1	65535	2
1003292	Misc	无名冒险者的日志	Unknown Adventurer's Log	UnknownDiary_Bernor	65535	2
1003293	Misc	无名冒险者的日志	Unknown Adventurer's Log	UnknownDiary_Rainier	65535	2
1003294	Misc	无名冒险者的日志	Unknown Adventurer's Log	UnknownDiary_Contribution_5001	65535	2
1003295	Misc	无名冒险者的日志	Unknown Adventurer's Log	UnknownDiary_Faisal	65535	2
1003296	Misc	无名冒险者的日志	Unknown Adventurer's Log	UnknownDiary_Orlonel	65535	2
1003297	Misc	无名冒险者的日志	Unknown Adventurer's Log	UnknownDiary_Richart	65535	2
1003298	Misc	无名冒险者的日志	Unknown Adventurer's Log	UnknownDiary_Nolpix	65535	2
1003299	Misc	无名冒险者的日志	Unknown Adventurer's Log	UnknownDiary_Shay_Research	65535	2
1003300	Misc	无名冒险者的日志	Unknown Adventurer's Log	UnknownDiary_Provost_2	65535	2
1003301	Misc	无名冒险者的日志	Unknown Adventurer's Log	UnknownDiary_Khadin	65535	2
1003302	Misc	无名冒险者的日志	Unknown Adventurer's Log	UnknownDiary_Retonic	65535	2
1003303	Misc	无名冒险者的日志	Unknown Adventurer's Log	UnknownDiary_RonHardt	65535	2
1003304	Misc	无名冒险者的日志	Unknown Adventurer's Log	UnknownDiary_Aldun	65535	2
1003305	Document	写给同伴的信	Letter to a Comrade	LostLetter_Berdo	65535	2
1003306	Document	给侄子的消息	News for a Nephew	LostLetter_Khadija	65535	2
1003307	Document	封印被解除的密信	Unsealed Secret Letter	LostLetter_Goorba	65535	2
1003308	Document	定期报告	Periodic Report	LostLetter_Food_Trader_1	65535	2
1003309	Document	致军需物资管理员的信	Letter to Croft	LostLetter_Mineral_Trader_1	65535	2
1003310	Document	角落被撕裂的信件	Letter with a Torn Corner	LostLetter_Sniks	65535	2
1003311	Document	留有香气的信件	Scented Letter	LostLetter_Provost_1	65535	2
1003312	Document	留有香气的信件	Scented Letter	LostLetter_Provost_4	65535	2
1003313	Document	妈妈寄来的信	Letter from Mom	LostLetter_Burk	65535	2
1003314	Document	某个不知名公爵家的指令书	Unknown Duke's Order	LostLetter_Slywick	65535	2
1003315	Document	皱巴巴的信	Crumpled Letter	LostLetter_Skint	65535	2
1003316	Document	德梅尼斯孤儿院登记申请表	Demeniss Orphanage Registration Form	LostLetter_Montpellier	65535	2
1003317	Document	字迹模糊的信	Letter with Smudged Words	LostLetter_Castiel	65535	2
1003318	Document	沾满木屑的信	Sawdust-Stained Letter	LostLetter_Eirik	65535	2
1003319	Document	边角烧焦的信	Letter with a Scorched Corner	LostLetter_Roger	65535	2
1003320	Document	祭司授职推荐书	Priest Ordination Recommendation Letter	LostLetter_Bartholomew	65535	2
1003321	Document	可疑的信	Suspicious Letter	LostLetter_Marin	65535	2
1003322	TwoHandWeapon	杜黑文小型旗帜	Small Dewhaven Banner Pike	Dewhaven_Flag_I	23	1
1003323	TwoHandWeapon	德梅尼斯贵族中型旗帜	Medium Demenissian Noble's Banner Pike	demenissnobility_Flag_IV	23	1
1003324	TwoHandWeapon	德梅尼斯贵族中型旗帜	Medium Demenissian Noble's Banner Pike	demenissnobility_Flag_V	23	1
1003325	TwoHandWeapon	德梅尼斯贵族中型旗帜	Medium Demenissian Noble's Banner Pike	demenissnobility_Flag_VI	23	1
1003326	TwoHandWeapon	灰鬃小型旗帜	Small Greymane Banner Pike	graymane_Flag_II	23	1
1003327	TwoHandWeapon	德梅尼斯火枪要塞小型旗帜	Small Musket of Demeniss Banner Pike	musket_Flag_I	23	1
1003328	TwoHandWeapon	沉默之躯小型旗帜	Small Heavy Silence Banner Pike	silence_Flag_I	23	1
1003329	Misc	埃尔南德料理供货合同	Food Supply Contract - Hernand	Permit_Her_Tavern	65535	2
1003330	Misc	卡尔佩德料理供货合同	Food Supply Contract - Calphade	Permit_Cal_Tavern	65535	2
1003331	Misc	卡隆索料理供货合同	Food Supply Contract - Kharonso	Permit_Kha_Tavern	65535	2
1003332	Misc	德梅尼斯料理供货合同	Food Supply Contract - Demeniss	Permit_Dem_Tavern	65535	2
1003333	Misc	德雷西亚料理供货合同	Food Supply Contract - Delesyia	Permit_Del_Tavern	65535	2
1003334	Misc	佩伦料理供货合同	Food Supply Contract - Pailune	Permit_Pai_Tavern	65535	2
1003335	Misc	托马索料理供货合同	Food Supply Contract - Tommaso	Permit_Tash_Tavern	65535	2
1003336	Misc	巴尔尼亚料理供货合同	Food Supply Contract - Varnia	Permit_Var_Tavern	65535	2
1003337	TwoHandWeapon	吟唱黄昏中型旗帜	Medium Dusksongs Banner Pike	fort_Flag_IV	23	1
1003338	TwoHandWeapon	无脸之人的中型旗帜	Medium Faceless Banner Pike	fort_Flag_V	23	1
1003339	TwoHandWeapon	铁火半兽人团中型旗帜	Medium Ironflame Orcs Banner Pike	Orc_Flag_II	23	1
1003340	TwoHandWeapon	灰鬃中型旗帜	Medium Greymane Banner Pike	graymane_Flag_III	23	1
1003341	TwoHandWeapon	地狱猎犬中型旗帜	Medium Hellhounds Banner Pike	Hound_Flag_II	23	1
1003342	TwoHandWeapon	埃尔南德中型旗帜	Medium Hernandian Banner Pike	Hernand_Flag_II	23	1
1003343	TwoHandWeapon	马罗尼中型旗帜	Medium Marni Banner Pike	marni_Flag_II	23	1
1003344	TwoHandWeapon	德梅尼斯火枪要塞中型旗帜	Medium Musket of Demeniss Banner Pike	musket_Flag_II	23	1
1003345	TwoHandWeapon	佩伦中型旗帜	Medium Pailunese Banner Pike	pailloon_Flag_II	23	1
1003346	TwoHandWeapon	贝路亚海盗团中型旗帜	Medium Vellua Pirate Banner Pike	Storm_Cliff_Flag_II	23	1
1003347	TwoHandWeapon	沉默之躯中型旗帜	Medium Heavy Silence Banner Pike	silence_Flag_II	23	1
1003348	TwoHandWeapon	钢铁箭头中型旗帜	Medium Blinding Arrows Banner Pike	Arrow_Flag_II	23	1
1003349	TwoHandWeapon	紫翼孔雀	Medium Halberd of Carnage's Banner Pike	Fort_Flag_03	23	1
1003350	TwoHandWeapon	托马索中型旗帜	Medium Tommaso Banner Pike	tommaso_Flag_II	23	1
1003351	TwoHandWeapon	晓月使者中型旗帜	Medium Twilight Messengers Banner Pike	fort_Flag_VI	23	1
1003352	TwoHandWeapon	巴尔尼亚中型旗帜	Medium Varnian Banner Pike	barnia_Flag_II	23	1
1003353	TwoHandWeapon	威尔斯中型旗帜	Medium Wells Banner Pike	Wells_Flag_II	23	1
1003354	TwoHandWeapon	火焰飞龙团中型旗帜	Medium Wyvernflames Banner Pike	Wyvern_Flag_II	23	1
1003355	TwoHandWeapon	火焰骑士团中型旗帜	Medium Flame Knights Banner Pike	dragonkiller_Flag_II	23	1
1003356	Quest	不起眼的告示	Simple Poster	Quest_Paper_Empty_I	65535	2
1003357	Quest	不起眼的告示	Simple Poster	Quest_Paper_Empty_II	65535	2
1003358	Quest	不起眼的告示	Simple Poster	Quest_Paper_EmptyIII	65535	2
1003359	Quest	不起眼的告示	Simple Poster	Quest_Paper_EmptyIV	65535	2
1003360	Recipe	炼金：白金	Alchemy Formula: Platinum	Recipe_Platinum	65535	2
1003361	Recipe	炼金：金块	Alchemy Formula: Gold Bar	Recipe_GoldBar	65535	2
1003362	Food	丰盛的烤蔬菜	Satisfying Grilled Vegetables	Grilled_Vegetables_Large	65535	2
1003363	Tool	公平与正义的天平	Scales of Fairness and Justice	Item_Scale	95	1
1003364	Food	大份的烤蔬菜	Filling Grilled Vegetables	Grilled_Vegetables_Medium	65535	2
1003365	Food	满满一份烤水果	Hearty Grilled Fruit	Grilled_Fruit_XLarge	65535	2
1003366	Food	丰盛的烤水果	Satisfying Grilled Fruit	Grilled_Fruit_Large	65535	2
1003367	Food	大份的烤水果	Filling Grilled Fruit	Grilled_Fruit_Medium	65535	2
1003368	Misc	满满一份烤海鲜	Hearty Grilled Seafood	Freshly_Grilled_Squid_XLarge	65535	2
1003369	Misc	丰盛的烤海鲜	Satisfying Grilled Seafood	Freshly_Grilled_Squid_Large	65535	2
1003370	Misc	大份的烤海鲜	Filling Grilled Seafood	Freshly_Grilled_Squid_Medium	65535	2
1003371	Food	满满一份烤鱼	Hearty Grilled Fish	Grilled_Fish_XLarge	65535	2
1003372	Food	丰盛的烤鱼	Satisfying Grilled Fish	Grilled_Fish_Large	65535	2
1003373	Food	大份的烤鱼	Filling Grilled Fish	Grilled_Fish_Medium	65535	2
1003374	Food	满满一份大烤鱼	Hearty Large Grilled Fish	Grilled_Big_Fish_XLarge	65535	2
1003375	Food	丰盛的大烤鱼	Satisfying Large Grilled Fish	Grilled_Big_Fish_Large	65535	2
1003376	Food	大份的大烤鱼	Filling Large Grilled Fish	Grilled_Big_Fish_Medium	65535	2
1003377	Food	满满一份蛋衣烤谷物	Hearty Battered Grains	Pan_fried_Grain_Pancake_XLarge	65535	2
1003378	Food	丰盛的蛋衣烤谷物	Satisfying Battered Grains	Pan_fried_Grain_Pancake_Large	65535	2
1003379	Food	大份的蛋衣烤谷物	Filling Battered Grains	Pan_fried_Grain_Pancake_Medium	65535	2
1003380	Food	满满一份烤肉串	Hearty Meat Skewers	Meat_Sanjeok_XLarge	65535	2
1003381	Food	丰盛的烤肉串	Satisfying Meat Skewers	Meat_Sanjeok_Large	65535	2
1003382	Food	大份的烤肉串	Filling Meat Skewers	Meat_Sanjeok_Medium	65535	2
1003383	Food	满满一份炖肉	Hearty Braised Meat	Braised_Meat_XLarge	65535	2
1003384	Food	丰盛的炖肉	Satisfying Braised Meat	Braised_Meat_Large	65535	2
1003385	Food	大份的炖肉	Filling Braised Meat	Braised_Meat_Medium	65535	2
1003386	Food	满满一份蛋衣烤肉	Hearty Battered Meat	Pan_fried_Meat_Pancake_XLarge	65535	2
1003387	Food	丰盛的蛋衣烤肉	Satisfying Battered Meat	Pan_fried_Meat_Pancake_Large	65535	2
1003388	Food	大份的蛋衣烤肉	Filling Battered Meat	Pan_fried_Meat_Pancake_Medium	65535	2
1003389	Food	满满一份糖渍水果	Hearty Pickled Fruit	Pan_fried_Fruit_Pancake_XLarge	65535	2
1003390	Food	丰盛的糖渍水果	Satisfying Pickled Fruit	Pan_fried_Fruit_Pancake_Large	65535	2
1003391	Food	大份的糖渍水果	Filling Pickled Fruit	Pan_fried_Fruit_Pancake_Medium	65535	2
1003392	Food	满满一份蛋衣烤蔬菜	Hearty Battered Vegetables	Pan_fried_Vegetable_Pancake_XLarge	65535	2
1003393	Food	丰盛的蛋衣烤蔬菜	Satisfying Battered Vegetables	Pan_fried_Vegetable_Pancake_Large	65535	2
1003394	Food	大份的蛋衣烤蔬菜	Filling Battered Vegetables	Pan_fried_Vegetable_Pancake_Medium	65535	2
1003395	Food	满满一份腌蔬菜	Hearty Pickled Vegetables	Braised_Vegetable_XLarge	65535	2
1003396	Food	丰盛的腌蔬菜	Satisfying Pickled Vegetables	Braised_Vegetable_Large	65535	2
1003397	Food	大份的腌蔬菜	Filling Pickled Vegetables	Braised_Vegetable_Medium	65535	2
1003398	Food	满满一份盐烤鸟肉	Hearty Salt-Roasted Bird Meat	Roast_Chicken_XLarge	65535	2
1003399	Food	丰盛的盐烤鸟肉	Satisfying Salt-Roasted Bird Meat	Roast_Chicken_Large	65535	2
1003400	Food	大份的盐烤鸟肉	Filling Salt-Roasted Bird Meat	Roast_Chicken_Medium	65535	2
1003401	Food	满满一份清汤菜肴	Hearty Clear Soup	Meat_Porridge_XLarge	65535	2
1003402	Food	丰盛的清汤菜肴	Satisfying Clear Soup	Meat_Porridge_Large	65535	2
1003403	Food	大份的清汤菜肴	Filling Clear Soup	Meat_Porridge_Medium	65535	2
1003404	Food	满满一份蔬菜粥	Hearty Vegetable Porridge	Vegetable_Porridge_XLarge	65535	2
1003405	Food	丰盛的蔬菜粥	Satisfying Vegetable Porridge	Vegetable_Porridge_Large	65535	2
1003406	Food	大份的蔬菜粥	Filling Vegetable Porridge	Vegetable_Porridge_Medium	65535	2
1003407	Food	满满一份颗粒果肉饮料	Hearty Fruit Punch	Fruit_Porridge_XLarge	65535	2
1003408	Food	丰盛的颗粒果肉饮料	Satisfying Fruit Punch	Fruit_Porridge_Large	65535	2
1003409	Food	大份的颗粒果肉饮料	Filling Fruit Punch	Fruit_Porridge_Medium	65535	2
1003410	Food	满满一份蔬菜糕	Hearty Vegetable Rice Cake	Pan_fried_Vegetable_Fruit_Pancake_XLarge	65535	2
1003411	Food	丰盛的蔬菜糕	Satisfying Vegetable Rice Cake	Pan_fried_Vegetable_Fruit_Pancake_Large	65535	2
1003412	Food	大份的蔬菜糕	Filling Vegetable Rice Cake	Pan_fried_Vegetable_Fruit_Pancake_Medium	65535	2
1003413	Food	满满一份黏糕	Hearty Chewy Rice Cakes	Pan_fried_Fruit_Grain_Pancake_XLarge	65535	2
1003414	Food	丰盛的黏糕	Satisfying Chewy Rice Cakes	Pan_fried_Fruit_Grain_Pancake_Large	65535	2
1003415	Food	大份的黏糕	Filling Chewy Rice Cakes	Pan_fried_Fruit_Grain_Pancake_Medium	65535	2
1003416	Food	满满一份谷物卷	Hearty Harvest Roll	Vegetable_Fruit_Porridge_XLarge	65535	2
1003417	Food	丰盛的谷物卷	Satisfying Harvest Roll	Vegetable_Fruit_Porridge_Large	65535	2
1003418	Food	大份的谷物卷	Filling Harvest Roll	Vegetable_Fruit_Porridge_Medium	65535	2
1003419	Food	满满一份调味炒肉	Hearty Pan-Fried Marinated Meat	Meat_Fruit_Porridge_XLarge	65535	2
1003420	Food	丰盛的调味炒肉	Satisfying Pan-Fried Marinated Meat	Meat_Fruit_Porridge_Large	65535	2
1003421	Food	大份的调味炒肉	Filling Pan-Fried Marinated Meat	Meat_Fruit_Porridge_Medium	65535	2
1003422	Food	满满一份烤鱼串	Hearty Fish Skewers	Fish_Sanjeok_XLarge	65535	2
1003423	Food	丰盛的烤鱼串	Satisfying Fish Skewers	Fish_Sanjeok_Large	65535	2
1003424	Food	大份的烤鱼串	Filling Fish Skewers	Fish_Sanjeok_Medium	65535	2
1003425	Food	满满一份炖鱼	Hearty Braised Fish	Braised_Fish_XLarge	65535	2
1003426	Food	丰盛的炖鱼	Satisfying Braised Fish	Braised_Fish_Large	65535	2
1003427	Food	大份的炖鱼	Filling Braised Fish	Braised_Fish_Medium	65535	2
1003428	Food	满满一份调味炖肉	Hearty Marinated Meat	Pan_fried_Meat_Fruit_Pancake_XLarge	65535	2
1003429	Food	丰盛的调味炖肉	Satisfying Marinated Meat	Pan_fried_Meat_Fruit_Pancake_Large	65535	2
1003430	Food	大份的调味炖肉	Filling Marinated Meat	Pan_fried_Meat_Fruit_Pancake_Medium	65535	2
1003431	Food	满满一份蛋衣烤鱼	Hearty Battered Fish	Pan_fried_Fish_Pancake_XLarge	65535	2
1003432	Food	丰盛的蛋衣烤鱼	Satisfying Battered Fish	Pan_fried_Fish_Pancake_Large	65535	2
1003433	Food	大份的蛋衣烤鱼	Filling Battered Fish	Pan_fried_Fish_Pancake_Medium	65535	2
1003434	Food	满满一份烤鱼肉	Hearty Grilled Meat and Fish	Grilled_Meat_Fish_XLarge	65535	2
1003435	Food	丰盛的烤鱼肉	Satisfying Grilled Meat and Fish	Grilled_Meat_Fish_Large	65535	2
1003436	Food	大份的烤鱼肉	Filling Grilled Meat and Fish	Grilled_Meat_Fish_Medium	65535	2
1003437	Misc	满满一份五彩炒蔬菜	Hearty Pan-Fried Vegetables	Japchae_XLarge	65535	2
1003438	Misc	丰盛的五彩炒蔬菜	Satisfying Pan-Fried Vegetables	Japchae_Large	65535	2
1003439	Misc	大份的五彩炒蔬菜	Filling Pan-Fried Vegetables	Japchae_Medium	65535	2
1003440	Food	满满一份炖鱼肉	Hearty Braised Meat and Fish	Braised_Meat_Fish_XLarge	65535	2
1003441	Food	丰盛的炖鱼肉	Satisfying Braised Meat and Fish	Braised_Meat_Fish_Large	65535	2
1003442	Food	大份的炖鱼肉	Filling Braised Meat and Fish	Braised_Meat_Fish_Medium	65535	2
1003443	Food	满满一份蛋衣烤海鲜	Hearty Battered Seafood	Pan_fried_Fish_Vegetable_Pancake_XLarge	65535	2
1003444	Food	丰盛的蛋衣烤海鲜	Satisfying Battered Seafood	Pan_fried_Fish_Vegetable_Pancake_Large	65535	2
1003445	Food	大份的蛋衣烤海鲜	Filling Battered Seafood	Pan_fried_Fish_Vegetable_Pancake_Medium	65535	2
1003446	Food	满满一份蛋衣烤鱼肉	Hearty Battered Meat and Fish	Pan_fried_Meat_Fish_Pancake_XLarge	65535	2
1003447	Food	丰盛的蛋衣烤鱼肉	Satisfying Battered Meat and Fish	Pan_fried_Meat_Fish_Pancake_Large	65535	2
1003448	Food	大份的蛋衣烤鱼肉	Filling Battered Meat and Fish	Pan_fried_Meat_Fish_Pancake_Medium	65535	2
1003449	Food	满满一份鱼肉烤串	Hearty Meat and Fish Skewers	Meat_Fish_Sanjeok_XLarge	65535	2
1003450	Food	丰盛的鱼肉烤串	Satisfying Meat and Fish Skewers	Meat_Fish_Sanjeok_Large	65535	2
1003451	Food	大份的鱼肉烤串	Filling Meat and Fish Skewers	Meat_Fish_Sanjeok_Medium	65535	2
1003452	Food	满满一份谷物汤料理	Hearty Grain Soup	Pan_fried_Vegetable_Grain_Pancake_XLarge	65535	2
1003453	Food	丰盛的谷物汤料理	Satisfying Grain Soup	Pan_fried_Vegetable_Grain_Pancake_Large	65535	2
1003454	Food	大份的谷物汤料理	Filling Grain Soup	Pan_fried_Vegetable_Grain_Pancake_Medium	65535	2
1003455	Food	满满一份鸡蛋羹	Hearty Steamed Eggs	Pan_fried_Meat_Vegetable_Pancake_XLarge	65535	2
1003456	Food	丰盛的鸡蛋羹	Satisfying Steamed Eggs	Pan_fried_Meat_Vegetable_Pancake_Large	65535	2
1003457	Food	大份的鸡蛋羹	Filling Steamed Eggs	Pan_fried_Meat_Vegetable_Pancake_Medium	65535	2
1003458	Food	满满一份肉汤料理	Hearty Meat Soup	Pan_fried_Meat_Grain_Pancake_XLarge	65535	2
1003459	Food	丰盛的肉汤料理	Satisfying Meat Soup	Pan_fried_Meat_Grain_Pancake_Large	65535	2
1003460	Food	大份的肉汤料理	Filling Meat Soup	Pan_fried_Meat_Grain_Pancake_Medium	65535	2
1003461	Food	满满一份红烧排骨	Hearty Braised Ribs	Braised_Meat_Vegetable_XLarge	65535	2
1003462	Food	丰盛的红烧排骨	Satisfying Braised Ribs	Braised_Meat_Vegetable_Large	65535	2
1003463	Food	大份的红烧排骨	Filling Braised Ribs	Braised_Meat_Vegetable_Medium	65535	2
1003464	Food	满满一份鱼肉粥	Hearty Fish Porridge	Fish_Porridge_XLarge	65535	2
1003465	Food	丰盛的鱼肉粥	Satisfying Fish Porridge	Fish_Porridge_Large	65535	2
1003466	Food	大份的鱼肉粥	Filling Fish Porridge	Fish_Porridge_Medium	65535	2
1003467	Food	满满一份蔬菜肉粥	Hearty Meat and Vegetable Porridge	Meat_Vegetable_Porridge_XLarge	65535	2
1003468	Food	丰盛的蔬菜肉粥	Satisfying Meat and Vegetable Porridge	Meat_Vegetable_Porridge_Large	65535	2
1003469	Food	大份的蔬菜肉粥	Filling Meat and Vegetable Porridge	Meat_Vegetable_Porridge_Medium	65535	2
1003470	Food	满满一份鱼肉谷物粥	Hearty Meat and Fish Porridge	Meat_Fish_Porridge_XLarge	65535	2
1003471	Food	丰盛的鱼肉谷物粥	Satisfying Meat and Fish Porridge	Meat_Fish_Porridge_Large	65535	2
1003472	Food	大份的鱼肉谷物粥	Filling Meat and Fish Porridge	Meat_Fish_Porridge_Medium	65535	2
1003473	Food	满满一份鱼块汤料理	Hearty Fishball Soup	Pan_fried_Fish_Grain_Pancake_XLarge	65535	2
1003474	Food	丰盛的鱼块汤料理	Satisfying Fishball Soup	Pan_fried_Fish_Grain_Pancake_Large	65535	2
1003475	Food	大份的鱼块汤料理	Filling Fishball Soup	Pan_fried_Fish_Grain_Pancake_Medium	65535	2
1003476	Food	满满一份海鲜汤料理	Hearty Seafood Soup	Seafood_Soup_XLarge	65535	2
1003477	Food	丰盛的海鲜汤料理	Satisfying Seafood Soup	Seafood_Soup_Large	65535	2
1003478	Food	大份的海鲜汤料理	Filling Seafood Soup	Seafood_Soup_Medium	65535	2
1003479	Food	满满一份蔬菜海鲜粥	Hearty Vegetable and Seafood Porridge	Fish_Vegetable_Porridge_XLarge	65535	2
1003480	Food	丰盛的蔬菜海鲜粥	Satisfying Vegetable and Seafood Porridge	Fish_Vegetable_Porridge_Large	65535	2
1003481	Food	大份的蔬菜海鲜粥	Filling Vegetable and Seafood Porridge	Fish_Vegetable_Porridge_Medium	65535	2
1003482	Food	满满一份长角汤料理	Hearty Longhorn Soup	DeerAntler_Soup_XLarge	65535	2
1003483	Food	丰盛的长角汤料理	Satisfying Longhorn Soup	DeerAntler_Soup_Large	65535	2
1003484	Food	大份的长角汤料理	Filling Longhorn Soup	DeerAntler_Soup_Medium	65535	2
1003485	Misc	满满一份调味炒打糕	Hearty Pan-Fried Rice Cakes	Gungjung_Tteokbokki_XLarge	65535	2
1003486	Misc	丰盛的调味炒打糕	Satisfying Pan-Fried Rice Cakes	Gungjung_Tteokbokki_Large	65535	2
1003487	Misc	大份的调味炒打糕	Filling Pan-Fried Rice Cakes	Gungjung_Tteokbokki_Medium	65535	2
1003488	Misc	满满一份打糕烤肉	Hearty Grilled Meat Patties	Tteokgalbi_XLarge	65535	2
1003489	Misc	丰盛的打糕烤肉	Satisfying Grilled Meat Patties	Tteokgalbi_Large	65535	2
1003490	Misc	大份的打糕烤肉	Filling Grilled Meat Patties	Tteokgalbi_Medium	65535	2
1003491	Misc	满满一份五彩谷物拌饭	Hearty Mixed Harvest Bowl	Jeonju_Bibimbap_XLarge	65535	2
1003492	Misc	丰盛的五彩谷物拌饭	Satisfying Mixed Harvest Bowl	Jeonju_Bibimbap_Large	65535	2
1003493	Misc	大份的五彩谷物拌饭	Filling Mixed Harvest Bowl	Jeonju_Bibimbap_Medium	65535	2
1003494	Food	满满一份炖蔬菜鱼	Hearty Braised Fish and Vegetables	Braised_Fish_Vegetable_XLarge	65535	2
1003495	Food	丰盛的炖蔬菜鱼	Satisfying Braised Fish and Vegetables	Braised_Fish_Vegetable_Large	65535	2
1003496	Food	大份的炖蔬菜鱼	Filling Braised Fish and Vegetables	Braised_Fish_Vegetable_Medium	65535	2
1003497	Food	满满一份调味炒鱼	Hearty Pan-Fried Marinated Fish	Fish_Bulgogi_XLarge	65535	2
1003498	Food	丰盛的调味炒鱼	Satisfying Pan-Fried Marinated Fish	Fish_Bulgogi_Large	65535	2
1003499	Food	大份的调味炒鱼	Filling Pan-Fried Marinated Fish	Fish_Bulgogi_Medium	65535	2
1003500	Food	满满一份什锦炖鱼	Hearty Assorted Braised Fish	Full_Course_of_Braised_Fish_XLarge	65535	2
1003501	Food	丰盛的什锦炖鱼	Satisfying Assorted Braised Fish	Full_Course_of_Braised_Fish_Large	65535	2
1003502	Food	大份的什锦炖鱼	Filling Assorted Braised Fish	Full_Course_of_Braised_Fish_Medium	65535	2
1003503	Misc	满满一份蛋衣谷物卷	Hearty Battered Harvest Roll	Kimbap_XLarge	65535	2
1003504	Misc	丰盛的蛋衣谷物卷	Satisfying Battered Harvest Roll	Kimbap_Large	65535	2
1003505	Misc	大份的蛋衣谷物卷	Filling Battered Harvest Roll	Kimbap_Medium	65535	2
1003506	Food	满满一份厚切烤肉	Hearty Grilled Meat Steak	Meat_Fish_Grain_Sanjeok_XLarge	65535	2
1003507	Food	丰盛的厚切烤肉	Satisfying Grilled Meat Steak	Meat_Fish_Grain_Sanjeok_Large	65535	2
1003508	Food	大份的厚切烤肉	Filling Grilled Meat Steak	Meat_Fish_Grain_Sanjeok_Medium	65535	2
1003509	Misc	满满一份什锦厚切烤串	Hearty Mixed Skewers	Nureumjeok_XLarge	65535	2
1003510	Misc	丰盛的什锦厚切烤串	Satisfying Mixed Skewers	Nureumjeok_Large	65535	2
1003511	Misc	大份的什锦厚切烤串	Filling Mixed Skewers	Nureumjeok_Medium	65535	2
1003512	Food	满满一份什锦鱼肉烤串	Hearty Assorted Meat and Fish Skewers	Meat_Fish_Fruit_Sanjeok_XLarge	65535	2
1003513	Food	丰盛的什锦鱼肉烤串	Satisfying Assorted Meat and Fish Skewers	Meat_Fish_Fruit_Sanjeok_Large	65535	2
1003514	Food	大份的什锦鱼肉烤串	Filling Assorted Meat and Fish Skewers	Meat_Fish_Fruit_Sanjeok_Medium	65535	2
1003515	Food	满满一份浓郁肉汤料理	Hearty Meat Stew	Beef_Bone_Soup_XLarge	65535	2
1003516	Food	丰盛的浓郁肉汤料理	Satisfying Meat Stew	Beef_Bone_Soup_Large	65535	2
1003517	Food	大份的浓郁肉汤料理	Filling Meat Stew	Beef_Bone_Soup_Medium	65535	2
1003518	Misc	满满一份红烧肉	Hearty Boiled Meat	BoiledPork_XLarge	65535	2
1003519	Misc	丰盛的红烧肉	Satisfying Boiled Meat	BoiledPork_Large	65535	2
1003520	Misc	大份的红烧肉	Filling Boiled Meat	BoiledPork_Medium	65535	2
1003521	Food	满满一份红烧鱼	Hearty Steamed Fish	Fish_Fruit_Porridge_XLarge	65535	2
1003522	Food	丰盛的红烧鱼	Satisfying Steamed Fish	Fish_Fruit_Porridge_Large	65535	2
1003523	Food	大份的红烧鱼	Filling Steamed Fish	Fish_Fruit_Porridge_Medium	65535	2
1003524	Food	满满一份海鲜汤料理	Hearty Seafood Stew	Pan_fried_Fish_Fruit_Pancake_XLarge	65535	2
1003525	Food	丰盛的海鲜汤料理	Satisfying Seafood Stew	Pan_fried_Fish_Fruit_Pancake_Large	65535	2
1003526	Food	大份的海鲜汤料理	Filling Seafood Stew	Pan_fried_Fish_Fruit_Pancake_Medium	65535	2
1003527	Misc	满满一份炖海鲜	Hearty Steamed Seafood	Haemuljjim_XLarge	65535	2
1003528	Misc	丰盛的炖海鲜	Satisfying Steamed Seafood	Haemuljjim_Large	65535	2
1003529	Misc	大份的炖海鲜	Filling Steamed Seafood	Haemuljjim_Medium	65535	2
1003530	Food	满满一份肉块汤料理	Hearty Meatball Soup	Meat_Fish_Vegetable_Egg_XLarge	65535	2
1003531	Food	丰盛的肉块汤料理	Satisfying Meatball Soup	Meat_Fish_Vegetable_Egg_Large	65535	2
1003532	Food	大份的肉块汤料理	Filling Meatball Soup	Meat_Fish_Vegetable_Egg_Medium	65535	2
1003533	Misc	满满一份五彩什锦汤料理	Hearty Harvest Soup	Sinseollo_XLarge	65535	2
1003534	Misc	丰盛的五彩什锦汤料理	Satisfying Harvest Soup	Sinseollo_Large	65535	2
1003535	Misc	大份的五彩什锦汤料理	Filling Harvest Soup	Sinseollo_Medium	65535	2
1003536	Food	满满一份浓郁鱼汤料理	Hearty Fish Stew	Fish_Stew_XLarge	65535	2
1003537	Food	丰盛的浓郁鱼汤料理	Satisfying Fish Stew	Fish_Stew_Large	65535	2
1003538	Food	大份的浓郁鱼汤料理	Filling Fish Stew	Fish_Stew_Medium	65535	2
1003539	Food	满满一份浓郁什锦汤料理	Hearty Mixed Stew	Fish_Soup_XLarge	65535	2
1003540	Food	丰盛的浓郁什锦汤料理	Satisfying Mixed Stew	Fish_Soup_Large	65535	2
1003541	Food	大份的浓郁什锦汤料理	Filling Mixed Stew	Fish_Soup_Medium	65535	2
1003542	Misc	满满一份鸟肉汤料理	Hearty Bird Soup	SamGyeTang_XLarge	65535	2
1003543	Misc	丰盛的鸟肉汤料理	Satisfying Bird Soup	SamGyeTang_Large	65535	2
1003544	Misc	大份的鸟肉汤料理	Filling Bird Soup	SamGyeTang_Medium	65535	2
1003545	Misc	提水瓶的女子	Woman Holding a Water Bottle	Collection_Prop_Statue_0001	65535	2
1003546	Misc	戴面具的祭司	Priest in a Mask	Collection_Prop_Statue_0003	65535	2
1003547	Misc	禁欲核心	Core of Temperance	Item_gimmick_puzzle_antumbra_tokamak_03_parts22	65535	2
1003548	Misc	忏悔核心	Core of Atonement	Item_gimmick_puzzle_antumbra_tokamak_05_parts20	65535	2
1003549	Misc	救赎核心	Core of Deliverance	Item_gimmick_puzzle_antumbra_tokamak_05_parts21	65535	2
1003550	Misc	赞歌核心	Core of Exaltation	Item_gimmick_puzzle_antumbra_tokamak_05_parts22	65535	2
1003551	Misc	崇敬核心	Core of Veneration	Item_gimmick_puzzle_antumbra_tokamak_05_parts23	65535	2
1003552	Misc	奉献核心	Core of Devotion	Item_gimmick_puzzle_antumbra_tokamak_05_parts24	65535	2
1003553	Misc	卡隆索遗迹的柱子：1号	Kharonso Ruins Pillar: No. 1	Item_puzzle_troll_lake_pillar_01_part_01	65535	2
1003554	Misc	卡隆索遗迹的柱子：2号	Kharonso Ruins Pillar: No. 2	Item_puzzle_troll_lake_pillar_02_part_01	65535	2
1003555	Misc	卡隆索遗迹的柱子：3号	Kharonso Ruins Pillar: No. 3	Item_puzzle_troll_lake_pillar_03_part_01	65535	2
1003556	Misc	卡隆索遗迹的柱子：4号	Kharonso Ruins Pillar: No. 4	Item_puzzle_troll_lake_pillar_04_part_01	65535	2
1003557	Misc	融合炉动力核心：1号	Fusion Reactor Core: I	Item_gimmick_puzzle_antumbra_tokamak_parts01	65535	2
1003558	Misc	融合炉动力核心：2号	Fusion Reactor Core: II	Item_gimmick_puzzle_antumbra_tokamak_parts02	65535	2
1003559	Misc	融合炉动力核心：3号	Fusion Reactor Core: III	Item_gimmick_puzzle_antumbra_tokamak_parts03	65535	2
1003560	Misc	融合炉动力核心：4号	Fusion Reactor Core: IV	Item_gimmick_puzzle_antumbra_tokamak_parts04	65535	2
1003561	Misc	融合炉动力核心：5号	Fusion Reactor Core: V	Item_gimmick_puzzle_antumbra_tokamak_parts05	65535	2
1003562	Misc	融合炉动力核心：6号	Fusion Reactor Core: VI	Item_gimmick_puzzle_antumbra_tokamak_parts06	65535	2
1003563	Misc	融合炉动力核心：7号	Fusion Reactor Core: VII	Item_gimmick_puzzle_antumbra_tokamak_parts07	65535	2
1003564	Misc	融合炉动力核心：8号	Fusion Reactor Core: VIII	Item_gimmick_puzzle_antumbra_tokamak_parts08	65535	2
1003565	Misc	融合炉动力核心：9号	Fusion Reactor Core: IX	Item_gimmick_puzzle_antumbra_tokamak_parts09	65535	2
1003566	Misc	融合炉动力核心：10号	Fusion Reactor Core: X	Item_gimmick_puzzle_antumbra_tokamak_parts10	65535	2
1003567	Misc	融合炉动力核心：11号	Fusion Reactor Core: XI	Item_gimmick_puzzle_antumbra_tokamak_parts11	65535	2
1003568	Misc	融合炉动力核心：12号	Fusion Reactor Core: XII	Item_gimmick_puzzle_antumbra_tokamak_parts12	65535	2
1003569	Misc	融合炉动力核心：13号	Fusion Reactor Core: XIII	Item_gimmick_puzzle_antumbra_tokamak_parts13	65535	2
1003570	Misc	融合炉动力核心：14号	Fusion Reactor Core: XIV	Item_gimmick_puzzle_antumbra_tokamak_parts14	65535	2
1003571	Misc	融合炉动力核心：15号	Fusion Reactor Core: XV	Item_gimmick_puzzle_antumbra_tokamak_parts15	65535	2
1003572	Misc	融合炉动力核心：16号	Fusion Reactor Core: XVI	Item_gimmick_puzzle_antumbra_tokamak_parts16	65535	2
1003573	Misc	融合炉动力核心：1-1号	Fusion Reactor Core: I-I	Item_gimmick_puzzle_antumbra_tokamak_01_parts01	65535	2
1003574	Misc	融合炉动力核心：1-2号	Fusion Reactor Core: I-II	Item_gimmick_puzzle_antumbra_tokamak_01_parts02	65535	2
1003575	Misc	融合炉动力核心：1-3号	Fusion Reactor Core: I-III	Item_gimmick_puzzle_antumbra_tokamak_01_parts03	65535	2
1003576	Misc	融合炉动力核心：1-4号	Fusion Reactor Core: I-IV	Item_gimmick_puzzle_antumbra_tokamak_01_parts04	65535	2
1003577	Misc	融合炉动力核心：11-1号	Fusion Reactor Core: XI-I	Item_gimmick_puzzle_antumbra_tokamak_01_parts01_index01	65535	2
1003578	Misc	融合炉动力核心：12-1号	Fusion Reactor Core: XII-I	Item_gimmick_puzzle_antumbra_tokamak_01_parts02_index01	65535	2
1003579	Misc	融合炉动力核心：13-1号	Fusion Reactor Core: XIII-I	Item_gimmick_puzzle_antumbra_tokamak_01_parts03_index01	65535	2
1003580	Misc	融合炉动力核心：14-1号	Fusion Reactor Core: XIV-I	Item_gimmick_puzzle_antumbra_tokamak_01_parts04_index01	65535	2
1003581	Misc	融合炉动力核心：11-3号	Fusion Reactor Core: XI-III	Item_gimmick_puzzle_antumbra_tokamak_01_parts01_index03	65535	2
1003582	Misc	融合炉动力核心：12-3号	Fusion Reactor Core: XII-III	Item_gimmick_puzzle_antumbra_tokamak_01_parts02_index03	65535	2
1003583	Misc	融合炉动力核心：13-3号	Fusion Reactor Core: XIII-III	Item_gimmick_puzzle_antumbra_tokamak_01_parts03_index03	65535	2
1003584	Misc	融合炉动力核心：14-3号	Fusion Reactor Core: XIV-III	Item_gimmick_puzzle_antumbra_tokamak_01_parts04_index03	65535	2
1003585	Misc	融合炉动力核心：11-4号	Fusion Reactor Core: XI-IV	Item_gimmick_puzzle_antumbra_tokamak_01_parts01_index04	65535	2
1003586	Misc	融合炉动力核心：12-4号	Fusion Reactor Core: XII-IV	Item_gimmick_puzzle_antumbra_tokamak_01_parts02_index04	65535	2
1003587	Misc	融合炉动力核心：13-4号	Fusion Reactor Core: XIII-IV	Item_gimmick_puzzle_antumbra_tokamak_01_parts03_index04	65535	2
1003588	Misc	融合炉动力核心：14-4号	Fusion Reactor Core: XIV-IV	Item_gimmick_puzzle_antumbra_tokamak_01_parts04_index04	65535	2
1003589	Misc	融合炉动力核心：21-1号	Fusion Reactor Core: XXI-I	Item_gimmick_puzzle_antumbra_tokamak_02_parts01_index01	65535	2
1003590	Misc	融合炉动力核心：22-1号	Fusion Reactor Core: XXII-I	Item_gimmick_puzzle_antumbra_tokamak_02_parts02_index01	65535	2
1003591	Misc	融合炉动力核心：23-1号	Fusion Reactor Core: XXIII-I	Item_gimmick_puzzle_antumbra_tokamak_02_parts03_index01	65535	2
1003592	Misc	融合炉动力核心：24-1号	Fusion Reactor Core: XXIV-I	Item_gimmick_puzzle_antumbra_tokamak_02_parts04_index01	65535	2
1003593	Misc	融合炉动力核心：21-3号	Fusion Reactor Core: XXI-III	Item_gimmick_puzzle_antumbra_tokamak_02_parts01_index03	65535	2
1003594	Misc	融合炉动力核心：22-3号	Fusion Reactor Core: XXII-III	Item_gimmick_puzzle_antumbra_tokamak_02_parts02_index03	65535	2
1003595	Misc	融合炉动力核心：23-3号	Fusion Reactor Core: XXIII-III	Item_gimmick_puzzle_antumbra_tokamak_02_parts03_index03	65535	2
1003596	Misc	融合炉动力核心：24-3号	Fusion Reactor Core: XXIV-III	Item_gimmick_puzzle_antumbra_tokamak_02_parts04_index03	65535	2
1003597	Misc	融合炉动力核心：21-4号	Fusion Reactor Core: XXI-IV	Item_gimmick_puzzle_antumbra_tokamak_02_parts01_index04	65535	2
1003598	Misc	融合炉动力核心：22-4号	Fusion Reactor Core: XXII-IV	Item_gimmick_puzzle_antumbra_tokamak_02_parts02_index04	65535	2
1003599	Misc	融合炉动力核心：23-4号	Fusion Reactor Core: XXIII-IV	Item_gimmick_puzzle_antumbra_tokamak_02_parts03_index04	65535	2
1003600	Misc	融合炉动力核心：24-4号	Fusion Reactor Core: XXIV-IV	Item_gimmick_puzzle_antumbra_tokamak_02_parts04_index04	65535	2
1003601	Misc	融合炉动力核心：3-1号	Fusion Reactor Core: III-I	Item_gimmick_puzzle_antumbra_tokamak_03_parts01	65535	2
1003602	Misc	融合炉动力核心：3-2号	Fusion Reactor Core: III-II	Item_gimmick_puzzle_antumbra_tokamak_03_parts02	65535	2
1003603	Misc	融合炉动力核心：3-3号	Fusion Reactor Core: III-III	Item_gimmick_puzzle_antumbra_tokamak_03_parts03	65535	2
1003604	Misc	融合炉动力核心：3-4号	Fusion Reactor Core: III-IV	Item_gimmick_puzzle_antumbra_tokamak_03_parts04	65535	2
1003605	Misc	融合炉动力核心：31-2号	Fusion Reactor Core: XXXI-II	Item_gimmick_puzzle_antumbra_tokamak_03_parts01_index02	65535	2
1003606	Misc	融合炉动力核心：32-2号	Fusion Reactor Core: XXXII-II	Item_gimmick_puzzle_antumbra_tokamak_03_parts02_index02	65535	2
1003607	Misc	融合炉动力核心：33-2号	Fusion Reactor Core: XXXIII-II	Item_gimmick_puzzle_antumbra_tokamak_03_parts03_index02	65535	2
1003608	Misc	融合炉动力核心：34-2号	Fusion Reactor Core: XXXIV-II	Item_gimmick_puzzle_antumbra_tokamak_03_parts04_index02	65535	2
1003609	Misc	融合炉动力核心：31-4号	Fusion Reactor Core: XXXI-IV	Item_gimmick_puzzle_antumbra_tokamak_03_parts01_index04	65535	2
1003610	Misc	融合炉动力核心：32-4号	Fusion Reactor Core: XXXII-IV	Item_gimmick_puzzle_antumbra_tokamak_03_parts02_index04	65535	2
1003611	Misc	融合炉动力核心：33-4号	Fusion Reactor Core: XXXIII-IV	Item_gimmick_puzzle_antumbra_tokamak_03_parts03_index04	65535	2
1003612	Misc	融合炉动力核心：34-4号	Fusion Reactor Core: XXXIV-IV	Item_gimmick_puzzle_antumbra_tokamak_03_parts04_index04	65535	2
1003613	Misc	融合炉动力核心：31-6号	Fusion Reactor Core: XXXI-VI	Item_gimmick_puzzle_antumbra_tokamak_03_parts01_index06	65535	2
1003614	Misc	融合炉动力核心：32-6号	Fusion Reactor Core: XXXII-VI	Item_gimmick_puzzle_antumbra_tokamak_03_parts02_index06	65535	2
1003615	Misc	融合炉动力核心：33-6号	Fusion Reactor Core: XXXIII-VI	Item_gimmick_puzzle_antumbra_tokamak_03_parts03_index06	65535	2
1003616	Misc	融合炉动力核心：34-6号	Fusion Reactor Core: XXXIV-VI	Item_gimmick_puzzle_antumbra_tokamak_03_parts04_index06	65535	2
1003617	Misc	融合炉动力核心：51-1号	Fusion Reactor Core: LI-I	Item_gimmick_puzzle_antumbra_tokamak_05_parts01_index01	65535	2
1003618	Misc	融合炉动力核心：52-1号	Fusion Reactor Core: LII-I	Item_gimmick_puzzle_antumbra_tokamak_05_parts02_index01	65535	2
1003619	Misc	融合炉动力核心：53-1号	Fusion Reactor Core: LIII-I	Item_gimmick_puzzle_antumbra_tokamak_05_parts03_index01	65535	2
1003620	Misc	融合炉动力核心：54-1号	Fusion Reactor Core: LIV-I	Item_gimmick_puzzle_antumbra_tokamak_05_parts04_index01	65535	2
1003621	Misc	融合炉动力核心：51-2号	Fusion Reactor Core: LI-II	Item_gimmick_puzzle_antumbra_tokamak_05_parts01_index02	65535	2
1003622	Misc	融合炉动力核心：52-2号	Fusion Reactor Core: LII-II	Item_gimmick_puzzle_antumbra_tokamak_05_parts02_index02	65535	2
1003623	Misc	融合炉动力核心：53-2号	Fusion Reactor Core: LIII-II	Item_gimmick_puzzle_antumbra_tokamak_05_parts03_index02	65535	2
1003624	Misc	融合炉动力核心：54-2号	Fusion Reactor Core: LIV-II	Item_gimmick_puzzle_antumbra_tokamak_05_parts04_index02	65535	2
1003625	Misc	融合炉动力核心：51-4号	Fusion Reactor Core: LI-IV	Item_gimmick_puzzle_antumbra_tokamak_05_parts01_index04	65535	2
1003626	Misc	融合炉动力核心：52-4号	Fusion Reactor Core: LII-IV	Item_gimmick_puzzle_antumbra_tokamak_05_parts02_index04	65535	2
1003627	Misc	融合炉动力核心：53-4号	Fusion Reactor Core: LIII-IV	Item_gimmick_puzzle_antumbra_tokamak_05_parts03_index04	65535	2
1003628	Misc	融合炉动力核心：54-4号	Fusion Reactor Core: LIV-IV	Item_gimmick_puzzle_antumbra_tokamak_05_parts04_index04	65535	2
1003629	Misc	融合炉动力核心：51-5号	Fusion Reactor Core: LI-VI	Item_gimmick_puzzle_antumbra_tokamak_05_parts01_index05	65535	2
1003630	Misc	融合炉动力核心：52-5号	Fusion Reactor Core: LII-VI	Item_gimmick_puzzle_antumbra_tokamak_05_parts02_index05	65535	2
1003631	Misc	融合炉动力核心：53-5号	Fusion Reactor Core: LIII-VI	Item_gimmick_puzzle_antumbra_tokamak_05_parts03_index05	65535	2
1003632	Misc	融合炉动力核心：54-5号	Fusion Reactor Core: LIV-VI	Item_gimmick_puzzle_antumbra_tokamak_05_parts04_index05	65535	2
1003633	Misc	电力驱动装置	Electrical Component	Item_gimmick_attach_mechanical_powerplant_0001	65535	2
1003634	Misc	埃塞里温钢铁鳞片	Aeserion's Scale	Item_gimmick_snake_boss_scales_01	65535	2
1003635	Backpack	马罗尼机械战车跳跃背囊	Marni's Mecha Leap Pack	Item_gimmick_attach_marni_machinetank_backpack_01	65535	2
1003636	Backpack	马罗尼机械战车激光背囊	Marni's Mecha Laser Pack	Item_gimmick_attach_marni_machinetank_backpack_02	65535	2
1003637	Backpack	马罗尼机械战车锯齿背囊	Marni's Mecha Blade Pack	Item_gimmick_attach_marni_machinetank_backpack_03	65535	2
1003638	Backpack	马罗尼机械战车火箭背囊	Marni's Mecha Rocket Pack	Item_gimmick_attach_marni_machinetank_backpack_04	65535	2
1003639	Backpack	马罗尼机械战车推进器背囊	Marni's Mecha Booster Pack	Item_gimmick_attach_marni_machinetank_backpack_05	65535	2
1003640	Backpack	无畏舰助推器背囊	Dreadnought Booster Pack	Item_gimmick_attach_marni_machinetank_backpack_06	65535	2
1003641	Backpack	无畏舰导弹背囊	Dreadnought Missile Pack	Item_gimmick_attach_marni_machinetank_backpack_07	65535	2
1003642	Quest	磁性动力核心	Magnetic Power Core	Item_gimmick_abyss_quest_kuku_seal_01	65535	2
1003643	Misc	[QA] 侧写报告 (德梅尼斯-巴尔尼亚 2.5)	[QA] Profiling (Demeniss-Varnia 2.5)	Dev_QA_demtovar_walk	65535	2
1003644	Quest	连接奉献与成果的智慧	Wisdom between Donation and Fruition	Quest_Paper_Propagation	65535	2
1003645	Document	武器学者的纸条	Arms Scholar's Note	Paper_Forex_I	65535	2
1003646	Quest	某人的书信	Lost Letter	Quest_Paper_Stamina	65535	2
1003647	Quest	某人的书信	Lost Letter	Quest_Paper_Nature	65535	2
1003648	Quest	艾罗斯汀的信	Alustin's Letter	Quest_Paper_Progression	65535	2
1003649	Misc	[QA] 侧写报告 (德梅尼斯-巴尔尼亚 20)	[QA] Profiling (Demeniss-Varnia 20)	Dev_QA_demtovar_run	65535	2
1003650	Misc	阿比斯传送装置	Abyss Transporter	Item_gimmick_abyssruins_useartifact_01_attach_part	65535	2
1003651	Misc	特内布鲁姆磁性核心	Tenebrum Magnetic Core	Item_gimmick_attach_nuclear_fusion_core_01	65535	2
1003652	Recipe	嘟嘟鸟武具特化制作配方	Kuku Gear Special Blueprint	CraftingRecipe_Kuku_Pot_Arms_Book	65535	2
1003653	Misc	子弹束	Bundle of Bullets	MultiBullet_Package_Small	65535	2
1003654	Ammo	炮弹束	Bundle of Cannonballs	MultiCannonBall_Package_Small	65535	2
1003655	HorseGear	钢铁马蹄铁	Steel Horseshoes	HorseShoe_HorseArmor_Steel_Horseshoe_II	64	1
1003656	HorseGear	银月马蹄铁	Silvermoon Horseshoes	HorseShoe_HorseArmor_Silvermoon_Horseshoe_II	64	1
1003657	Quest	嘟嘟鸟小型A.T.A.G.设计图	Small Kuku A.T.A.G. Design	Quest_Paper_KuKuATAG	65535	2
1003658	Misc	阿泽里安的下落	Azerian's Whereabouts	Visione_Chip_Mansion_Marseille_Memory_I	65535	2
1003659	Misc	巴斯提尔的同盟者	Bastier's Co-conspirators	Visione_Chip_Mansion_Marseille_Memory_II	65535	2
1003660	Misc	拜伦大宅的记忆	Memory of Byron Manor	Visione_Chip_Mansion_Byron_Memory	65535	2
1003661	Misc	贪婪之印 - 盐路贸易所	Seal of Greed - Saltroad Trading Post	Boss_Reward_MerchantKing_SaltroadTradePost	65535	2
1003662	Recipe	高级镐制作方法	Fine Pickaxe Blueprint	Recipe_Book_Equip_Pickaxe_I	65535	2
1003663	Recipe	奥尔巴德伐木斧制作方法	Olvald's Logging Axe Blueprint	Recipe_Book_Equip_Felling_Axe_II	65535	2
1003664	Recipe	贝勒诺尔镐制作方法	Bernor's Pickaxe Blueprint	Recipe_Book_Equip_Pickaxe_II	65535	2
1003665	Document	在清风玫瑰农场获得的纸条	Windrose Farm Note	Paper_Forex_II	65535	2
1003666	Quest	刻着图案的石头	Engraved Stone	Quest_EastTower_Maze_II	65535	2
1003667	Quest	刻着图案的石头	Engraved Stone	Quest_EastTower_Maze_III	65535	2
1003668	AbyssGear	解放的巨人之力	Colossal Might	Item_Skill_AbyssGear_Ogre	65535	2
1003669	Document	商人的纸条	Merchant's Note	Paper_FriendNews	65535	2
1003670	Document	在黄昏路营地获得的纸条	Duskway Camp Note	Paper_FriendNews_I	65535	2
1003671	Document	黑市摊贩留下的纸条	Note Found at the Fence	Paper_FriendNews_II	65535	2
1003672	Ring	德梅尼斯大教堂十字戒指	Demeniss Cathedral Ring	Demeniss_Cross_Ring	10	1
1003673	Necklace	德梅尼斯大教堂十字项链	Demeniss Cathedral Necklace	Demeniss_Cross_Necklace	9	1
1003674	Cloak	审判者的板金披风	Condemner's Plate Cloak	Kurinan_PlateArmor_Cloak_I	69	1
1003675	Cloak	盗贼布制披风	Bandit Cloth Cloak	Laviren_Fabric_Cloak_I	69	1
1003676	Document	菲奥娜的纸条	Fiona's Note	Paper_Fiona	65535	2
1003677	Document	首席驯兽师的日志	Chief Trainer's Journal	Paper_Fiona_I	65535	2
1003678	Misc	动态艺术骑士	Kinetic Knight	gimmick_tool_kinetic_barbell_0002	65535	2
1003679	Misc	大号谷物碗	Large Grain Bowl	Collection_Prop_Bowl_0007	65535	2
1003680	Document	发掘地管理员的纸条	Excavation Site Manager's Note	Paper_FieldVoice	65535	2
1003681	Document	工头的纸条	Foreman's Note	Paper_FieldVoice_I	65535	2
1003682	Document	埃尔德雷德的纸条	Eldred's Note	Paper_Aldred	65535	2
1003683	Document	农夫的纸条	Farmer's Note	Paper_Aldred_I	65535	2
1003684	Document	在杂货店获得的纸条	Provisioner's Shop Note	Paper_Aldred_II	65535	2
1003685	AbyssGear	天空审判	Order from Above	Item_Skill_AbyssGear_Merrick	65535	2
1003686	AbyssGear	暗影半月	Dark Crescent	Item_Skill_AbyssGear_Antumbra_TwoHandRod	65535	2
1003687	OneHandWeapon	普通的手套	Ordinary Gloves	Item_Fist_Damian	29	1
1003688	OneHandWeapon	普通的手套	Ordinary Gloves	Item_Fist_Oongka	29	1
1003689	Document	冤屈男子的纸条	Wronged Man's Note	Paper_BoundbyLies	65535	2
1003690	Document	男子家中留下的纸条	Note at a Man's House	Paper_BoundbyLies_I	65535	2
1003691	AbyssGear	女王毒牙	Queen's Fangs	Item_Skill_AbyssGear_QueenSpider	65535	2
1003692	AbyssGear	腐败犬牙	Putrid Touch	Item_Skill_AbyssGear_Skevald	65535	2
1003693	ChestArmor	斯派肯布制盔甲	Spiken Cloth Armor	Spiken_Fabric_Armor	5	1
1003694	Document	雷纳德的纸条	Leonard's Note	Paper_Lenard	65535	2
1003695	Document	助手递来的纸条	Assistant's Note	Paper_Lenard_I	65535	2
1003696	Recipe	齿轮制作方法：审判之火	Gear Blueprint: Flames of Judgment	Recipe_Item_Skill_AbyssGear_Bastier	65535	2
1003697	Quest	猎人留下的信	A Hunter's Letter	Quest_Hunter_Letter	65535	2
1003698	Earring	德梅尼斯忠诚耳环	Demeniss Earring	Demeniss_Earring	8	1
1003699	AbyssGear	暗影利爪	Shadow Claw	Item_Skill_AbyssGear_Leebur	65535	2
1003700	AbyssGear	狡诈之礼	Parting Gift	Item_Skill_AbyssGear_LanFord	65535	2
1003701	Quest	白鸦的书信	White Crow's Letter	Quest_Paper_AbyssTeleport	65535	2
1003702	AbyssGear	太古审判	Ancient Retribution	Item_Skill_AbyssGear_Priscus	65535	2
1003703	Document	阿德丽娜的纸条	Adrina's Note	Paper_Adelina	65535	2
1003704	Document	木匠的纸条	Carpenter's Note	Paper_Adelina_I	65535	2
1003705	Document	在训练场获得的纸条	Training Field Note	Paper_Adelina_II	65535	2
1003706	Document	迈登的纸条	Maidon's Note	Paper_Maiden	65535	2
1003707	Document	港口管理员的纸条	Harbor Manager's Note	Paper_Maiden_I	65535	2
1003708	Document	银行获得的纸条	Note from the Bank	Paper_Maiden_II	65535	2
1003709	Document	哈维斯顿的纸条	Haverson's Note	Paper_Harveston	65535	2
1003710	Document	面包师的纸条	Baker's Note	Paper_Harveston_I	65535	2
1003711	Document	在教堂获得的纸条	Church Note	Paper_Harveston_II	65535	2
1003712	Document	弗林特的纸条	Flint's Note	Paper_Flint	65535	2
1003713	Document	陶匠的日志	Potter's Journal	Paper_Flint_I	65535	2
1003714	AbyssGear	混乱咆哮	Howling of Chaos	Item_Skill_AbyssGear_ImpBoss	65535	2
1003715	AbyssGear	灵魂审判	Judgment of the Soul	Item_Skill_AbyssGear_Forgotten_General	65535	2
1003716	Document	卡斯提埃尔的纸条	Castiel's Note	Paper_Castiel	65535	2
1003717	Document	沾有污渍的工作日志	Stained Work Log	Paper_Castiel_I	65535	2
1003718	AbyssGear	太古之怒	Ancient Wrath	Item_Skill_AbyssGear_Praevus	65535	2
1003719	Recipe	齿轮制作方法：漆黑残影	Gear Blueprint: Greysoul Howling	Recipe_Item_Skill_AbyssGear_DarkChase_LV1	65535	2
1003720	Recipe	齿轮制作方法：暗影利爪	Gear Blueprint: Shadow Claw	Recipe_Item_Skill_AbyssGear_Leebur	65535	2
1003721	Recipe	齿轮制作方法：女王毒牙	Gear Blueprint: Queen's Fangs	Recipe_Item_Skill_AbyssGear_QueenSpider	65535	2
1003722	Recipe	齿轮制作方法：太古之怒	Gear Blueprint: Ancient Wrath	Recipe_Item_Skill_AbyssGear_Praevus	65535	2
1003723	Recipe	齿轮制作方法：太古审判	Gear Blueprint: Ancient Retribution	Recipe_Item_Skill_AbyssGear_Priscus	65535	2
1003724	Recipe	齿轮制作方法：腐败犬牙	Gear Blueprint: Putrid Touch	Recipe_Item_Skill_AbyssGear_Skevald	65535	2
1003725	Recipe	齿轮制作方法：狡诈之礼	Gear Blueprint: Parting Gift	Recipe_Item_Skill_AbyssGear_LanFord	65535	2
1003726	Recipe	齿轮制作方法：混乱咆哮	Gear Blueprint: Howling of Chaos	Recipe_Item_Skill_AbyssGear_ImpBoss	65535	2
1003727	Recipe	齿轮制作方法：裁决天雷	Gear Blueprint: Lightning God's Affliction	Recipe_Item_Skill_AbyssGear_Titan	65535	2
1003728	Recipe	齿轮制作方法：野兽审判	Gear Blueprint: Beastbane	Recipe_Item_Skill_AbyssGear_CommonAnimal_AdditionalDamage_LV1	65535	2
1003729	Recipe	齿轮制作方法：未知审判	Gear Blueprint: Abyssbane	Recipe_Item_Skill_AbyssGear_Creature_AdditionalDamage_LV1	65535	2
1003730	Recipe	齿轮制作方法：气力吸收	Gear Blueprint: Energy Drain	Recipe_Item_Skill_AbyssGear_AddKillSkillLevel_LV1	65535	2
1003731	Recipe	齿轮制作方法：生命循环	Gear Blueprint: Life Transference	Recipe_Item_Skill_AbyssGear_Attack_HPRecover_LV1	65535	2
1003732	Recipe	齿轮制作方法：勇气循环	Gear Blueprint: Spirit Transference	Recipe_Item_Skill_AbyssGear_Attack_MPRecover_LV1	65535	2
1003733	Recipe	齿轮制作方法：耐力循环	Gear Blueprint: Stamina Transference	Recipe_Item_Skill_AbyssGear_Attack_SPRecover_LV1	65535	2
1003734	Recipe	齿轮制作方法：连击	Gear Blueprint: Relentless	Recipe_Item_Skill_AbyssGear_Combo_LV1	65535	2
1003735	Misc	小型电池	Small Battery	Small_Mechanical_Powerplant_Pack	65535	2
1003736	Recipe	齿轮制作方法：暗影之手	Gear Blueprint: Ledgermain	Recipe_Item_Skill_AbyssGear_AdditionalThief_LV1	65535	2
1003737	Recipe	齿轮制作方法：大地祝福	Gear Blueprint: Blessing of the Earth	Recipe_Item_Skill_AbyssGear_CollectDrop_Ore_LV1	65535	2
1003738	Recipe	齿轮制作方法：自然祝福	Gear Blueprint: Blessing of Nature	Recipe_Item_Skill_AbyssGear_CollectDrop_Plant_LV1	65535	2
1003739	Recipe	齿轮制作方法：野兽祝福	Gear Blueprint: Blessing of the Beast	Recipe_Item_Skill_AbyssGear_CollectDrop_Animal_LV1	65535	2
1003740	Recipe	齿轮制作方法：奉献	Gear Blueprint: Service	Recipe_Item_Skill_AbyssGear_ContributionExp_LV1	65535	2
1003741	Recipe	齿轮制作方法：训练	Gear Blueprint: Aptitude	Recipe_Item_Skill_AbyssGear_SkillPointExp_LV1	65535	2
1003742	Recipe	齿轮制作方法：交感	Gear Blueprint: Equestrian	Recipe_Item_Skill_AbyssGear_Equip_AddHorseExp_LV1	65535	2
1003743	Recipe	齿轮制作方法：挚友	Gear Blueprint: Companionship	Recipe_Item_Skill_AbyssGear_Equip_AddPetFriendly_LV1	65535	2
1003744	Misc	荒芜真相的回忆	Memories of the Disconnected Truth	Visione_Chip_Abyss_Platform_01	65535	2
1003745	Misc	苍穹碎片中的残影	Shadows Within the Ether Fragment	Visione_Chip_Abyss_Platform_02	65535	2
1003746	Misc	生命之环遗留的记忆	Memories of the Loop of Life	Visione_Chip_Abyss_Platform_03	65535	2
1003747	ChestArmor		Demian Skirt Fabric Armor	Demian_Skirt_Fabric_Armor	5	1
1003748	Quest	哈尔丁的秘密地点	Haldin's Hideout	Quest_Haldin_Stolen_Map	65535	2
1003749	Misc	塔舒卡尔普贡献度	Tashkalp Contribution	Contribution_Tashkalpan	65535	2
1003750	Backpack	肥料喷雾器	Fertilizer Sprayer	Fertilizer_Sprayer_BackPack	13	1
1003751	Backpack	润滑油喷雾器	Lubricant Sprayer	Oil_Sprayer_BackPack	13	1
1003752	Ammo	持续补给炮弹	Replenishing Cannonballs	Continuous_Supply_CannonBall	65535	2
1003753	Misc	持续补给子弹	Replenishing Bullets	Continuous_Supply_Bullet	65535	2
1003754	Ring	塔舒卡尔普印章	Tashkalp Signet	Tashkalpan_Nobility_Degree_I	10	1
1003755	Misc	克里夫回春外形变更券	Kliff Youthful Appearance Change Coupon	CharacterCustomize_Kliff_Deaging	65535	2
1003756	Misc	润滑油	Lubricant	Specialty_Oil_Pack	65535	2
1003757	Quest	移动型巧克力工坊研究日志	Mobile Chocolate Workshop Research Journal	Quest_Paper_Chocolate_Factory_BackPack	65535	2
1003758	Recipe	齿轮制作方法：穿透	Gear Blueprint: Shred	Recipe_Item_Skill_AbyssGear_AddCriticalRateByMaterialKey_FabricArmor_LV1	65535	2
1003759	AbyssGear	破裂I	Shatter I	Item_Skill_AbyssGear_AddCriticalRateByMaterialKey_PlateArmor_LV1	65535	2
1003760	AbyssGear	破裂II	Shatter II	Item_Skill_AbyssGear_AddCriticalRateByMaterialKey_PlateArmor_LV2	65535	2
1003761	AbyssGear	破裂III	Shatter III	Item_Skill_AbyssGear_AddCriticalRateByMaterialKey_PlateArmor_LV3	65535	2
1003762	AbyssGear	切割I	Rend I	Item_Skill_AbyssGear_AddCriticalRateByMaterialKey_LeatherArmor_LV1	65535	2
1003763	AbyssGear	切割II	Rend II	Item_Skill_AbyssGear_AddCriticalRateByMaterialKey_LeatherArmor_LV2	65535	2
1003764	AbyssGear	切割III	Rend III	Item_Skill_AbyssGear_AddCriticalRateByMaterialKey_LeatherArmor_LV3	65535	2
1003765	AbyssGear	穿透I	Shred I	Item_Skill_AbyssGear_AddCriticalRateByMaterialKey_FabricArmor_LV1	65535	2
1003766	AbyssGear	穿透II	Shred II	Item_Skill_AbyssGear_AddCriticalRateByMaterialKey_FabricArmor_LV2	65535	2
1003767	AbyssGear	穿透III	Shred III	Item_Skill_AbyssGear_AddCriticalRateByMaterialKey_FabricArmor_LV3	65535	2
1003768	Recipe	烹饪：巧克力	Recipe: Chocolate	Recipe_Chocolate	65535	2
1003769	Helmet	拉布拉克布制头盔	Labrak Cloth Cap	Lavrak_Fabric_Helm	4	1
1003770	Helmet	里贝隆布制头盔	Rivellon Cloth Cap	Rivelorn_Fabric_Helm	4	1
1003771	Helmet	波伦皮革头盔	Boren Leather Helm	Vorren_Leather_Helm	4	1
1003772	Misc	娜里玛的号角	Narima's Horn	Item_ETC_CooltimeReduce_DragonII	65535	2
1003773	Misc	A.T.A.G.动力模块	A.T.A.G. Power Module	Item_ETC_CooltimeReduce_ATAGII	65535	2
1003774	Misc		Enhanced Kuku Cooler	Item_gimmick_foodstorage_0002	65535	2
1003775	Misc	灰鬃的信物	Greymane's Token	Graymane_Token	65535	2
1003776	OneHandWeapon		Sword of Starlight	Star_OneHandRapier	65535	2
1003777	Document		Hernand Constabulary Warning Notice No. 66	NoticePaper_Skill_LungeCombination	65535	2
1003778	Document		Hernand Anonymous Jottings No. 27	NoticePaper_Skill_TurnBash_II	65535	2
1003779	Document		Hernand Anonymous Jottings No. 32	NoticePaper_Skill_MoveCutting_II	65535	2
1003780	Document		Hernand Constabulary Warning Notice No. 84	NoticePaper_Skill_RotationBash_II	65535	2
1003781	Document		Kailok's Request	NoticePaper_Skill_SwordRush	65535	2
1003782	Document		Hernand Anonymous Jottings No. 34	NoticePaper_Skill_Charge_Shot	65535	2
1003783	Document		Random Note No. 1	NoticePaper_Skill_MultiShot	65535	2
1003784	Document		Pailune Warning Notice No. 66	NoticePaper_Skill_EvadeShot	65535	2
1003785	Document		Hernand Constabulary Warning Notice No. 77	NoticePaper_Skill_EvadeExplosionShot	65535	2
1003786	Document		Request from the Communal Training Grounds	NoticePaper_Skill_UnArmedCombination	65535	2
1003787	Document		Anonymous Note No. 1	NoticePaper_Skill_SkyKick	65535	2
1003788	Document		Hernand Anonymous Jottings No. 42	NoticePaper_Skill_DoubleKick_I	65535	2
1003789	Document		Hernand Anonymous Jottings No. 45	NoticePaper_Skill_DropKick	65535	2
1003790	Document		Request from the Merchant Guild	NoticePaper_Skill_JumpStep	65535	2
1003791	Document		Call for Challengers: Black Bear	NoticePaper_Skill_Wrestle_Lariat	65535	2
1003792	Document		Hernand Constabulary Warning Notice No. 103	NoticePaper_Skill_Wrestle_AirBodySlam	65535	2
1003793	Document		An old man's request	NoticePaper_Skill_ShieldJustGuard_Attack	65535	2
1003794	Document		Random Note No. 2	NoticePaper_Skill_DoubleJump	65535	2
1003795	Document		Hernand Anonymous Jottings No. 48	NoticePaper_Skill_RollCancel	65535	2
1003796	Document		Anonymous Note No. 2	NoticePaper_Skill_Greywolf_Detect	65535	2
1003797	Document		Hernand Anonymous Jottings No. 52	NoticePaper_Skill_Lift	65535	2
1003798	Document		Hernand Anonymous Jottings No. 57	NoticePaper_Skill_Mabongpa	65535	2
1003799	Document		Anonymous Note No. 3	NoticePaper_Skill_JiJeongTa_I	65535	2
1003800	Document		Anonymous Note No. 4	NoticePaper_Skill_JiJeongTa_Deep	65535	2
1003801	Document		Anonymous Note No. 5	NoticePaper_Skill_Tathagata_mini	65535	2
1003802	Document		Random Note No. 3	NoticePaper_Skill_Greywolf_Detect_Unleash	65535	2
1003803	Document		Hernand Anonymous Jottings No. 61	NoticePaper_Skill_CrowWing_Dash	65535	2
1003804	Document		Tribunal Warning Notice No. 52367	NoticePaper_Skill_CloneAttack	65535	2
1003805	Document		White Crow's Letter	NoticePaper_Skill_MpFire	65535	2
1003806	Document		White Crow's Letter	NoticePaper_Skill_MpIce	65535	2
1003807	Document		White Crow's Letter	NoticePaper_Skill_MpLightning	65535	2
1003808	Document		White Crow's Letter	NoticePaper_Skill_MpWind	65535	2
1003809	Document		Hernand Anonymous Jottings No. 23	NoticePaper_Skill_Oongka_Dash	65535	2
1003810	Document		A man's plea	NoticePaper_Skill_Oongka_RotationBash_II	65535	2
1003811	Document		Random Note No. 4	NoticePaper_Skill_Oongka_GroundSmash_II	65535	2
1003812	Document		Troll Wrestling Invitation	NoticePaper_Skill_Oongka_Wrestle_Combo	65535	2
1003813	Document		Anonymous Note No. 6	NoticePaper_Skill_Oongka_AimExplosionShot	65535	2
1003814	Document		Hernand Anonymous Jottings No. 63	NoticePaper_Skill_Damian_LungeCatch	65535	2
1003815	Document		Circus Invitation	NoticePaper_Skill_Damian_TurnBash_II	65535	2
1003816	Document		Hernand Anonymous Jottings No. 72	NoticePaper_Skill_Damian_QuickReload	65535	2
1003817	Document		Call for Challengers: Master of Kicks	NoticePaper_Skill_Damian_SpinningKick	65535	2
1003818	Document		Pailune Anonymous Jottings No. 77	NoticePaper_Skill_Wrestle_GrabSpinThrow	65535	2
1003819	Misc		Blue Gilded Handle Ceramic	Collection_Prop_Ceramic_0057	65535	2
1003820	Misc		Blue Ceramic Container	Collection_Prop_Ceramic_0058	65535	2
1003821	Misc		The Blue Mirage	Collection_Prop_Ceramic_0059	65535	2
1003822	Misc		Flower Bird Glass Pottery	Collection_Prop_Ceramic_0056	65535	2
1003823	Misc		Sturdy Gatherables Chest	Item_gimmick_resourcestorage_0001	65535	2
1003824	Misc		Collectibles Chest	Item_gimmick_collectionstorage_0001	65535	2
1003825	Misc		Kuku Cooler	Item_gimmick_foodstorage_0001	65535	2
1003826	Document	白鸦的书信	White Crow's Letter	AbyssGear_Epistle	65535	2
1003827	Material	阿比斯动力核心：0号	Abyss Cell: No. 0	Item_gimmick_nature_rock_dissolve_stone_core_01	65535	2
1003828	Currency	埃尔南德淬火货币	Hernand Refinement Token	Item_Her_Enchant_Coin	65535	2
1003829	Quest	投资建议书	Investment Offer	Quest_Paper_HowToMakeFundAccount	65535	2
1003830	Currency	德梅尼斯淬火货币	Demeniss Refinement Token	Item_Dem_Enchant_Coin	65535	2
1003831	Currency	德雷西亚淬火货币	Delesyia Refinement Token	Item_Del_Enchant_Coin	65535	2
1003832	Currency	佩伦淬火货币	Pailune Refinement Token	Item_Pailoon_Enchant_Coin	65535	2
1003833	Currency	贝根淬火货币	Beighen Refinement Token	Item_Beighen_Enchant_Coin	65535	2
1003834	Currency	托马索淬火货币	Tommaso Refinement Token	Item_Tomaso_Enchant_Coin	65535	2
1003835	Misc	小型背包	Small Bag	Inventory_Expansion_Sellable_1	65535	2
1003836	Quest		Kuku Cooler Blueprint	Quest_Paper_Foodstorage	65535	2
1003837	Quest		Enhanced Kuku Cooler Blueprint	Quest_Paper_HeavyFoodstorage	65535	2
1003838	Misc	寒霜白熊利爪	White Bear Claws	Riding_Bear_Claw	65535	2
1003839	Misc	银牙利齿	Fang of Silver Fang	Riding_Wolf_Tooth	65535	2
1003840	Misc	白鹿角	Snowwhite Deer Antlers	Riding_Deer_Horn	65535	2
1003841	Misc	寒霜北山羊角	Icicle Edge Alpine Ibex Horn	Riding_AlpineIbex_Horn	65535	2
1003842	Misc	石牙疣猪獠牙	Rock Tusk Warthog Molar	Riding_Warthog_Tooth	65535	2
1003843	Misc	寒霜白熊随行符咒	Sigil of Solidarity (White Bear)	Riding_Bear_Amulet	65535	2
1003844	Misc	银牙随行符咒	Sigil of Solidarity (Silver Fang)	Riding_Wolf_Amulet	65535	2
1003845	Misc	白鹿随行符咒	Sigil of Solidarity (Snowwhite Deer)	Riding_Deer_Amulet	65535	2
1003846	Misc	寒霜北山羊随行符咒	Sigil of Solidarity (Icicle Edge Alpine Ibex)	Riding_AlpineIbex_Amulet	65535	2
1003847	Misc	石牙疣猪獠牙随行符咒	Sigil of Solidarity (Rock Tusk Warthog)	Riding_Warthog_Amulet	65535	2
1003848	Misc		Sturdy Broom	Equip_Sturdy_Broom	65535	2
1003849	Misc		Tree Branch	Wood_Branch_01	65535	2
1003850	Misc		Sturdy Tree Branch	Wood_Branch_02	65535	2
1003851	Currency	巴尔尼亚淬火货币	Varnia Refinement Token	Item_Varnia_Enchant_Coin	65535	2
1003852	Misc	中型背包	Medium Bag	Inventory_Expansion_Sellable_2	65535	2
1003853	Misc	大型背包	Large Bag	Inventory_Expansion_Sellable_3	65535	2
1003854	Misc	特大型背包	Extra Large Bag	Inventory_Expansion_Sellable_4	65535	2
1003855	Document		Bruna's Note	Paper_Bruna_1	65535	2
1003856	Document		Saddler's Note	Paper_Bruna_I_1	65535	2
1003857	Document		Royal Trading Post Note	Paper_Bruna_II_1	65535	2
1003858	Document		Forrex's Note	Paper_Forex_1	65535	2
1003859	Document		Arms Scholar's Note	Paper_Forex_I_1	65535	2
1003860	Document		Windrose Farm Note	Paper_Forex_II_1	65535	2
1003861	Document		Merchant's Note	Paper_FriendNews_1	65535	2
1003862	Document		Duskway Camp Note	Paper_FriendNews_I_1	65535	2
1003863	Document		Note Found at the Fence	Paper_FriendNews_II_1	65535	2
1003864	Document		Fiona's Note	Paper_Fiona_1	65535	2
1003865	Document		Chief Trainer's Journal	Paper_Fiona_I_1	65535	2
1003866	Document		Excavation Site Manager's Note	Paper_FieldVoice_1	65535	2
1003867	Document		Foreman's Note	Paper_FieldVoice_I_1	65535	2
1003868	Document		Eldred's Note	Paper_Aldred_1	65535	2
1003869	Document		Farmer's Note	Paper_Aldred_I_1	65535	2
1003870	Document		Provisioner's Shop Note	Paper_Aldred_II_1	65535	2
1003871	Document		Wronged Man's Note	Paper_BoundbyLies_1	65535	2
1003872	Document		Note at a Man's House	Paper_BoundbyLies_I_1	65535	2
1003873	Document		Leonard's Note	Paper_Lenard_1	65535	2
1003874	Document		Assistant's Note	Paper_Lenard_I_1	65535	2
1003875	Document		Adrina's Note	Paper_Adelina_1	65535	2
1003876	Document		Carpenter's Note	Paper_Adelina_I_1	65535	2
1003877	Document		Training Field Note	Paper_Adelina_II_1	65535	2
1003878	Document		Maidon's Note	Paper_Maiden_1	65535	2
1003879	Document		Harbor Manager's Note	Paper_Maiden_I_1	65535	2
1003880	Document		Note from the Bank	Paper_Maiden_II_1	65535	2
1003881	Document		Haverson's Note	Paper_Harveston_1	65535	2
1003882	Document		Baker's Note	Paper_Harveston_I_1	65535	2
1003883	Document		Church Note	Paper_Harveston_II_1	65535	2
1003884	Document		Flint's Note	Paper_Flint_1	65535	2
1003885	Document		Potter's Journal	Paper_Flint_I_1	65535	2
1003886	Document		Castiel's Note	Paper_Castiel_1	65535	2
1003887	Document		Stained Work Log	Paper_Castiel_I_1	65535	2
1003888	Document		Produce Order Form	Paper_VegetableBox_1	65535	2
1003889	Document		Bea's Note	Paper_Beatrice_1	65535	2
1003890	Document		Elise's Note	Paper_Eliza_1	65535	2
1003891	Document		Note from the Shopping Street	Paper_Eliza_I_1	65535	2
1003892	Document		Omar's Note	Paper_Omar_1	65535	2
1003893	Document		Varnia Entrance Note	Paper_Omar_I_1	65535	2
1003894	Document		A Man's Note	Paper_BraveToLove_1	65535	2
1003895	Document		Ugmon's Note	Paper_Ugmum_1	65535	2
1003896	Document		Driana's Note	Paper_Drianna_1	65535	2
1003897	Document		Watchtower Note	Paper_Drianna_I_1	65535	2
1003898	Document		Randelle's Note	Paper_Randel_1	65535	2
1003899	Document		Engineer's Research Log	Paper_Randel_I_1	65535	2
1003900	Document		Donny's Note	Paper_Doni_1	65535	2
1003901	Document		Flower Shop Customer's Note	Paper_Doni_I_1	65535	2
1003902	Document		Trainee's Note	Paper_SecretSip_1	65535	2
1003903	Document		Note from Point of Contact	Paper_SecretSip_I_1	65535	2
1003904	Document		Researcher's Note	Paper_RacingStage_1	65535	2
1003905	Document		Racecourse Owner's Note	Paper_RacingStage_I_1	65535	2
1003906	Document		Nix's Note	Paper_Sniks_1	65535	2
1003907	Document		Note from the Freesword Barracks	Paper_Sniks_I_1	65535	2
1003908	Misc		Bamboo Stalk	Bamboo_Branch_01	65535	2
1003909	Document	大书库的记录 1章	Archive Record: Ch. 1	Alustin_Journal_Book_I	65535	2
1003910	Document	大书库的记录 2章	Archive Record: Ch. 2	Alustin_Journal_Book_II	65535	2
1003911	Document	大书库的记录 3章	Archive Record: Ch. 3	Alustin_Journal_Book_III	65535	2
1003912	Document	大书库的记录 4章	Archive Record: Ch. 4	Alustin_Journal_Book_IV	65535	2
1003913	Document	大书库的记录 5章	Archive Record: Ch. 5	Alustin_Journal_Book_V	65535	2
1003914	Document	大书库的记录 最终章	Archive Record: Final Chapter	Alustin_Journal_Book_VI	65535	2
1003915	Consumable		Sotdae of Bond	Item_gimmick_birdfeeder_0001	65535	2
1003916	Material		Greymane Cloth Armor	Greyfur_Fabric_Armor_CI	65535	2
1003918	Misc		Sage's Eye	Boss_Reward_QuickLearner_Charm	65535	2
1003919	Misc		Golden Beer	Boss_Reward_Efficiency_Charm	65535	2
1003920	Misc		Phoenix Feather	Pet_Phoenix_Feather	65535	2
1003921	Misc		Sigil of Solidarity (Phoenix)	Pet_Phoenix_Amulet	65535	2
1003924	PetGear		Visionette	PetArmor_Marni_Helm	65535	2
1003925	PetGear		Visionette Neckerchief	PetArmor_Marni_Armor	65535	2
1003927	Misc		Pailunese Chalice of Oaths	Pail_Cup_Oath	65535	2
1003928	Cloak		Greymane Cloth Cloak	Demian_Greyfur_Fabric_Cloak_I	65535	2
1003929	Misc		Sigil of Bonding	Pet_Bond_Amulet	65535	2
1003930	Misc		Ocher Jar	Item_gimmick_collection_prop_Ceramic_0021	65535	2
1003931	Misc		Milky White Jar	Item_gimmick_collection_prop_Ceramic_0023	65535	2
1003932	Misc		Patterned Long-Necked Jar	Item_gimmick_collection_prop_Ceramic_0033	65535	2
1003933	Misc		Dark Earthen Jar	Item_gimmick_collection_prop_Ceramic_0034	65535	2
1003934	Misc		Patterned Jar	Item_gimmick_collection_prop_Ceramic_0036	65535	2
1003935	Misc		String-Wrapped Jar	Item_gimmick_collection_prop_Ceramic_0040	65535	2
1003936	Misc		Bright Flat Jar	Item_gimmick_collection_prop_Ceramic_0042	65535	2
1003937	Misc		Dark Flat Jar	Item_gimmick_collection_prop_Ceramic_0043	65535	2
1003938	Misc		Round-Handled Jar	Item_gimmick_collection_prop_Ceramic_0044	65535	2
1003939	Misc		Reddish-Brown Jar	Item_gimmick_collection_prop_Ceramic_0048	65535	2
1003940	Misc		Earth-Colored Jar	Item_gimmick_collection_prop_Ceramic_0049	65535	2
1003941	Misc		Book	Item_gimmick_item_tool_book_0001	65535	2
1003942	Misc		Intricate Floral Vine Cabinet	Item_gimmick_dff_luxuryfurniture_cabinet_01	65535	2
1003943	Misc		Brave Warrior's Storage	Item_gimmick_dff_luxuryfurniture_cabinet_02	65535	2
1003944	Misc		Whitesand Storage	Item_gimmick_dff_luxuryfurniture_cabinet_0001	65535	2
1003945	Misc		Dark Crest Triangular Cabinet	Item_cabinet_02	65535	2
1003946	Misc		Bright Crest Triangular Cabinet	Item_cabinet_02_index01	65535	2
1003947	Misc		Dark Crest Display Cabinet	Item_cabinet_03	65535	2
1003948	Misc		Bright Crest Display Cabinet	Item_cabinet_03_index01	65535	2
1003949	Misc		Whitesand Display Cabinet	Item_cabinet_0003	65535	2
1003950	Misc		Small Dark Timberton Cabinet	Item_cabinet_05	65535	2
1003951	Misc		Small Bright Timberton Cabinet	Item_cabinet_05_index01	65535	2
1003952	Misc		Small Dark Crest Cabinet	Item_cabinet_11	65535	2
1003953	Misc		Small Bright Crest Cabinet	Item_cabinet_11_index01	65535	2
1003954	Misc		Small Whitesand Cabinet	Item_cabinet_0002	65535	2
1003955	Misc		Full Bloom Cabinet	Item_cabinet_12	65535	2
1003956	Misc		Delesyian Metal Lock Cabinet	Item_cabinet_15	65535	2
1003957	Misc		Royal Gold Display Cabinet	Item_cabinet_19	65535	2
1003958	Misc		Sacred Gold Display Cabinet	Item_cabinet_19_index01	65535	2
1003959	Misc		Whitesand Gold Display Cabinet	Item_cabinet_0001	65535	2
1003960	Misc		Small Crest Drawer	Item_cabinet_23	65535	2
1003961	Misc		Crest Drawer	Item_dresser_01	65535	2
1003962	Misc		Timberton Drawer	Item_dresser_01_index01	65535	2
1003963	Misc		Whitesand Drawer	Item_dresser_0001	65535	2
1003964	Misc		Dark Timberton Cabinet	Item_dresser_03	65535	2
1003965	Misc		Bright Timberton Cabinet	Item_dresser_03_index01	65535	2
1003966	Misc		Timberham Drawer	Item_dresser_04	65535	2
1003967	Misc		Dark Timberton Bookshelf	Item_bookcase_02	65535	2
1003968	Misc		Bright Timberton Bookshelf	Item_bookcase_02_index01	65535	2
1003969	Misc		Whitesand Bookshelf	Item_bookcase_0001	65535	2
1003970	Misc		Crimson Bed	Item_dff_luxuryfurniture_bed_02	65535	2
1003971	Misc		White Bed	Item_dff_luxuryfurniture_bed_03	65535	2
1003972	Misc		Lord's Bed	Item_dff_luxuryfurniture_bed_04	65535	2
1003973	Misc		Dark Timberham Bed	Item_in_dff_bed_06	65535	2
1003974	Misc		Bright Timberham Bed	Item_in_dff_bed_06_dem	65535	2
1003975	Misc		Cozy Bed	Item_dff_luxuryfurniture_bed_01	65535	2
1003976	Misc		Large Dark Timberton Wardrobe	Item_closet_01	65535	2
1003977	Misc		Large Bright Timberton Wardrobe	Item_closet_01_index01	65535	2
1003978	Misc		Large Timberton Wardrobe	Item_cabinet_14	65535	2
1003979	Misc		Timberham Wardrobe	Item_closet_02	65535	2
1003980	Misc		Icy White Lampshade	Item_gimmick_hanger_top_lamp_0001	65535	2
1003981	Misc		Twilight Lampshade	Item_gimmick_hanger_top_lamp_0001_index01	65535	2
1003982	Misc		Lilac Lampshade	Item_gimmick_hanger_top_lamp_0001_index02	65535	2
1003983	Misc		Icy White Drop Light	Item_gimmick_hanger_top_lamp_0003	65535	2
1003984	Misc		Twilight Drop Light	Item_gimmick_hanger_top_lamp_0003_index01	65535	2
1003985	Misc		Lilac Drop Light	Item_gimmick_hanger_top_lamp_0003_index02	65535	2
1003986	Misc		Icy White Wall Lantern	Item_gimmick_hanger_side_lamp_0001	65535	2
1003987	Misc		Twilight Wall Lantern	Item_gimmick_hanger_side_lamp_0001_index01	65535	2
1003988	Misc		Lilac Wall Lantern	Item_gimmick_hanger_side_lamp_0001_index02	65535	2
1003989	Misc		Icy White Chandelier	Item_gimmick_gemstone_hanger_top_chandelier_0103	65535	2
1003990	Misc		Twilight Chandelier	Item_gimmick_gemstone_hanger_top_chandelier_0103_index01	65535	2
1003991	Misc		Lilac Chandelier	Item_gimmick_gemstone_hanger_top_chandelier_0103_index02	65535	2
1003992	Misc		Twisted Nightmare Lamp	Item_cd_lamp_hanger_legendanimal_0002	65535	2
1003993	Misc		Mechanical Clockwork Chair	Item_Background_Breakable_Wood_280	65535	2
1003994	Misc		Luxury Gilded Sofa	Item_gimmick_dff_luxuryfurniture_sofa_02	65535	2
1003995	Misc		Luxurious Gilded Side Chair	Item_gimmick_dff_luxuryfurniture_stool_01	65535	2
1003996	Misc		Lion-Crested Chair	Item_gimmick_dff_luxuryfurniture_chair_02	65535	2
1003997	Misc		Large Arched Chair	Item_gimmick_dff_luxuryfurniture_chair_troll_03	65535	2
1003998	Misc		Antler Chair	Item_Background_Breakable_Wood_281	65535	2
1003999	Misc		Palm Tree Pot	Item_cd_ex_dpf_flowerpot_16_housing	65535	2
1004000	Misc		Large Alocasia Pot	Item_cd_ex_dpf_flowerpot_24_housing	65535	2
1004001	Misc		Apple Tree Pot	Item_cd_ex_dpf_flowerpot_61_housing	65535	2
1004002	Misc		Small Wooden Flower Pot	Item_cd_ex_dpf_flowerpot_21_housing	65535	2
1004003	Misc		Desert Cactus Pot	Item_cd_ex_dpf_flowerpot_37_housing	65535	2
1004004	Misc		Laurel Pot	Item_cd_ex_dpf_flowerpot_23_housing	65535	2
1004005	Misc		Luxurious Red Leather Sofa	Item_gimmick_dff_luxuryfurniture_sofa_01	65535	2
1004006	Misc		Gilded Red Fabric Chair	Item_gimmick_dff_luxuryfurniture_chair_04	65535	2
1004007	Misc		Arched Chair	Item_gimmick_dff_luxuryfurniture_chair_03	65535	2
1004008	Misc		Decorative Spire Chair	Item_gimmick_dff_luxuryfurniture_chair_01	65535	2
1004009	Misc		Double-Patterned Chair	Item_Background_Breakable_Wood_285	65535	2
1004010	Misc		Double-Patterned Whitesand Chair	Item_gimmick_in_dff_chair_0002	65535	2
1004011	Misc		Crown-Adorned Chair	Item_Background_Breakable_Wood_294	65535	2
1004012	Misc		Blue Fabric Chair	Item_Background_Breakable_Wood_290	65535	2
1004013	Misc		Round-Legged Chair	Item_Background_Breakable_Wood_293	65535	2
1004014	Misc		Red Fabric Chair	Item_Background_Breakable_Wood_295	65535	2
1004015	Misc		Medium Rotating Globe	Item_gimmick_alchemy_globe_0001	65535	2
1004016	Misc		Large Rotating Globe	Item_gimmick_alchemy_globe_0002	65535	2
1004017	Misc		Small Timberton Table	Item_Background_Breakable_Wood_323	65535	2
1004018	Misc		Small Bright Timberton Table	Item_Background_Breakable_Wood_323_index01	65535	2
1004019	Misc		Book Stand	Item_gimmick_item_tool_bookstand_0001	65535	2
1004020	Misc		Whitesand Fabric Chair	Item_gimmick_in_dff_set_chair_0001	65535	2
1004021	Misc		Whitesand Fabric Chair	Item_gimmick_in_dff_chair_0003	65535	2
1004022	Misc		Small Whitesand Table	Item_gimmick_in_dff_stand_0001	65535	2
1004023	Misc		Adorned Storage Chest	Item_Background_Breakable_Wood_297	65535	2
1004024	Misc		Arched Corridor Table	Item_gimmick_dff_luxuryfurniture_table_01	65535	2
1004025	Misc		Whitesand Arched Corridor Decorative Table	Item_gimmick_dff_luxuryfurniture_table_0001	65535	2
1004026	Misc		Dark Lion Head Table	Item_gimmick_dff_luxuryfurniture_table_02	65535	2
1004027	Misc		Mirrored Wooden Dresser	Item_Background_Breakable_Wood_302	65535	2
1004028	Misc		Mirrored Whitesand Dresser	Item_gimmick_in_dff_dressingtable_0001	65535	2
1004029	Misc		Luxurious Gilded Table	Item_Background_Breakable_Wood_303	65535	2
1004030	Misc		Round Red Fabric Table	Item_Background_Breakable_Wood_310	65535	2
1004031	Misc		Large Round Red Fabric Table	Item_Background_Breakable_Wood_311	65535	2
1004032	Misc		Side Table	Item_Background_Breakable_Wood_313	65535	2
1004033	Misc		Whitesand Side Table	Item_gimmick_in_dff_desk_0001	65535	2
1004034	Misc		Dark Pillared Side Table	Item_Background_Breakable_Wood_257	65535	2
1004035	Misc		Timber Nightstand	Item_Background_Breakable_Wood_320	65535	2
1004036	Misc		Large Whitesand Fabric Table	Item_gimmick_in_dff_table_0002	65535	2
1004037	Misc		Arched Whitesand Table	Item_gimmick_in_dpf_stool_0001	65535	2
1004038	Misc		Large Bright Table	Item_Background_Breakable_Wood_230	65535	2
1004039	Misc		Luxurious Whitesand Table	Item_Background_Breakable_Wood_308	65535	2
1004040	Misc		Bright Pillared Side Table	Item_Background_Breakable_Wood_304	65535	2
1004041	Misc		Bright Lion Head Table	Item_Background_Breakable_Wood_309	65535	2
1004042	Misc		Round Table	Item_Background_Breakable_Wood_363	65535	2
1004043	Misc		Cooking Pot	Item_gimmick_craft_cook_oven_03_housing	65535	2
1004044	Misc		Cooking Griddle	Item_gimmick_craft_cook_oven_04_housing	65535	2
1004045	Misc		Cauldron	Item_craft_medicine_01_housing	65535	2
1004046	Misc		Warthog Beldrak Armor	Beldrak_WarthogArmor_Armor	65535	2
1004047	ChestArmor		Baltheon Plate Armor	Valteon_PlateArmor_Armor	65535	2
1004048	Gloves		Baltheon Plate Gloves	Valteon_PlateArmor_Gloves	65535	2
1004049	Misc		The Sitting Lion	Item_Collection_Prop_Statue_0002	65535	2
1004050	Misc		Whitesand Bed	Item_dff_luxuryfurniture_bed_0001	65535	2
1004051	Quest		Soldier Recruitment Post	Quest_Paper_Military_Notice	65535	2
1004052	Quest		Fort Askelund Written Judgment	Quest_Paper_Askelund_Judgment	65535	2
1004053	Quest		Missing Child Poster	Quest_Paper_Child_Notice	65535	2
1004054	Quest		Beighen Poster	Quest_Paper_Beighen_Notice	65535	2
1004055	Quest		Bounty Notice - The Masked Liberator	Quest_WantedPaper_Arsonist_TheFaceless	65535	2
1004056	Document		Octavius's Research Log	Book_Octabus_Research_Diary	65535	2
1004057	Document		Azerian's Journal	Book_Azerian_Diary	65535	2
1004058	Document		Goyen's Journal	Book_Old_Kliff_Diary	65535	2
1004059	Document		Tax Collection Ledger	Book_Tax_Collection_Ledger	65535	2
1004060	Document		Urdavah Book	Book_Urdavah_Research_Book	65535	2
1004061	Document		Dusty Journal	Book_Dusty_Diary	65535	2
1004062	Document		Bordis's Research Log	Book_Vordis_Research_Diary	65535	2
1004063	Document		A book of Marni's skills passed down from Marshell.	Book_Marni_Tech_Book	65535	2
1004064	Document		Traitor Hit List	Book_Traitor_Hit_List	65535	2
1004066	Misc		Crow Eyepatch	Crowman_Eyepatch	65535	2
1004067	Misc		Doll or Toy made by Hexe Marie	Hexe_Marie_Boy_Toy	65535	2
1004068	Misc		Hexe Marie's Ring	Hexe_Ring	65535	2
1004069	Misc		The Mask of Liberation	TheFaceless_Mask	65535	2
1004070	Misc		A Surcoat Embroidered with a Family Crest	Family_Crest_Surcoat	65535	2
1004071	Misc		Wildlife Park Ticket	Zoo_Entry_Ticket	65535	2
1004072	Quest		Adoption Form	Quest_Paper_Crowman_Adoptation	65535	2
1004073	Quest		Bastier's Secret Letter	Quest_Paper_Bastion_Secret	65535	2
1004074	Quest		Jian's Letter	Quest_Paper_Letter	65535	2
1004075	Quest		Pact of Antumbra	Quest_Paper_Antumbra_Contract	65535	2
1004076	Quest		Tributes to Gregor	Quest_Paper_Gregor_Letter	65535	2
1004077	Quest		Demeniss Tribunal	Quest_Paper_DemenissPolice	65535	2
1004078	Quest		Bastier Journal	Quest_Paper_Bastier_Journal	65535	2
1004079	Quest		Test Subject Log	Quest_Paper_Biological_Journal	65535	2
1004080	Quest		Master Doo's Beliefs	Quest_Paper_MasterDoo_Ideology	65535	2
1004081	Quest		Storm Crusher Blueprint	Quest_Paper_MineFortress_Blueprint	65535	2
1004082	Quest		Thunder Crusher Blueprint	Quest_Paper_LaserTank_Blueprint	65535	2
1004083	Quest		Biopod Blueprint found at Marni Mansion	Quest_Paper_Marnihouse_Blueprint	65535	2
1004084	Quest		Biopod Blueprint found at Marni Laboratorium	Quest_Paper_BioExperiment_Blueprint	65535	2
1004085	Quest		Marni's Invention Journal	Quest_Paper_Marni_CtrafingJournal	65535	2
1004086	Quest		Research Log on Living Subjects	Quest_Paper_BiologicalResearch_Journal	65535	2
1004087	Quest		Tristan's Journal	Quest_Paper_Tristan_Journal	65535	2
1004088	Quest		Fort Askelund Slave's Journal	Quest_Paper_Askelund_SlaveJournal	65535	2
1004089	Quest		List of Bankruptcy	Quest_Paper_Bankruptcy_Document	65535	2
1004090	Quest		Discharge Order	Quest_Paper_Dismissal_Document	65535	2
1004091	Quest		Duel Journal	Quest_Paper_Sparring_Journal	65535	2
1004092	Quest		Tracker's Torn Journal	Quest_Paper_Chaser_Journal	65535	2
1004093	Quest		Treason Verdict	Quest_Paper_Verdict_Treason	65535	2
1004094	Quest		Torn Subjugation Order	Quest_Paper_Torn_Order	65535	2
1004095	Quest		Wildlife Park Flyer	Quest_Paper_Zoo_Flyer	65535	2
1004096	Quest		Balthazar's Note	Quest_Paper_Balthazar_Memo	65535	2
1004097	Quest		Wyvern Traits	Quest_Paper_Wyvern_Species_Memo	65535	2
1004098	Quest		Warning from the Merchant Guild	Quest_Paper_Merchant_Warning	65535	2
1004099	Quest		Dead Hunter's Journal	Quest_Paper_DeadHunter_Journal	65535	2
1004100	Quest		Kidnapped Engineer's Journal	Quest_Paper_Technician_Journal	65535	2
1004101	Quest		Marni Airship Journal	Quest_Paper_MarniAirship_Journal	65535	2
1004102	Quest		Sky Galleon Vargon Journal	Quest_Paper_Airship_Journal	65535	2
1004103	Quest		Longleaf Forest Patrol Report	Quest_Paper_LongleafForest_PatrolRecord	65535	2
1004104	Quest		Walter's Research Journal	Quest_Paper_Walter_Document	65535	2
1004105	Quest		Order Directive	Quest_Paper_Cult_Order	65535	2
1004106	Quest		Tarivian Fairytale	Quest_Paper_Tariv_Storybook	65535	2
1004108	Misc		Sturdy Bamboo Stalk	Bamboo_Branch_02	65535	2
1004109	Misc		Private Storage	Item_gimmick_basecamp_warehouse_box_0002	65535	2
1004110	Recipe		Pumpkin Head Crafting Manual	Recipe_Book_Pumpkin_Helm	65535	2
1004112	Misc		Tumbleweed	Item_gimmick_tumbleweed_0001	65535	2
1004114	Misc		Acclaimed - Stefan Lanford	Collection_Prop_Picture_0070	65535	2
1004115	Misc		Icy White Octagonal Lantern	Itemgimmick_lamp_side_candle_0003	65535	2
1004116	Misc		Twilight Octagonal Lantern	Itemgimmick_lamp_side_candle_0003_index01	65535	2
1004117	Misc		Lilac Octagonal Lantern	Itemgimmick_lamp_side_candle_0003_index02	65535	2
1004118	Misc		Icy White Twin Wall Lamp	Itemgimmick_lamp_side_candle_0001	65535	2
1004119	Misc		Twilight Twin Wall Lamp	Itemgimmick_lamp_side_candle_0001_index01	65535	2
1004120	Misc		Lilac Twin Wall Lamp	Itemgimmick_lamp_side_candle_0001_index02	65535	2
1004121	Misc		Icy White Twin Octagonal Lanterns	Itemgimmick_lamp_side_candle_0002	65535	2
1004122	Misc		Twilight Twin Octagonal Lantern	Itemgimmick_lamp_side_candle_0002_index01	65535	2
1004123	Misc		Lilac Twin Octagonal Lanterns	Itemgimmick_lamp_side_candle_0002_index02	65535	2
1004124	Misc		Icy White Candlestick Lamp	Itemgimmick_lamp_stand_candlestick_0001	65535	2
1004125	Misc		Twilight Candlestick Lamp	Itemgimmick_lamp_stand_candlestick_0001_index01	65535	2
1004126	Misc		Lilac Candlestick Lamp	Itemgimmick_lamp_stand_candlestick_0001_index02	65535	2
1004203	AbyssGear		Sanguine Transference	Item_Skill_AbyssGear_Attack_HPRecover_LV2	65535	2
1004204	AbyssGear		Verdant Transference	Item_Skill_AbyssGear_Attack_MPRecover_LV2	65535	2
1004205	AbyssGear		Celestial Transference	Item_Skill_AbyssGear_Attack_SPRecover_LV2	65535	2
1163002	ChestArmor	埃尔南德宴会服	Hernandian Attire	Optionary_Hernand_Party_Cloth	5	1
1163042	OneHandWeapon	野狼的单手剑	Sword of the Wolf	Wolf_OneHandSword	0	1
1163043	Shield	拜克盾牌	Bekker Shield	Old_Wood_OneHandShield	1	1
1163044	ChestArmor	伊尼提姆皮制盔甲	Ynitium Leather Armor	Inytium_Leather_Armor	5	1
1163045	Gloves	伊尼提姆皮制手套	Ynitium Leather Gloves	Inytium_Leather_Gloves	6	1
1163046	Boots	伊尼提姆皮制鞋子	Ynitium Leather Boots	Inytium_Leather_Boots	7	1
1163051	ChestArmor	银色狼皮制盔甲	Silverwolf Leather Armor	Yann_Basic_Leather_Armor	5	1
1163251	ChestArmor	灰烬狼皮制盔甲	Ashen Wolf's Leather Armor	Oongka_Basic_Leather_Armor	5	1
1163355	Helmet	贵族帽子	Noble's Hat	Noble_Leather_Helm	4	1
1163503	Boots	鲁温板金鞋子	Luon Plate Boots	Luon_Plate_Boots	7	1
1163551	ChestArmor	坚毅守护皮制盔甲	Ironwilled Guardian's Leather Armor	Paulus_Basic_Leather_Armor	5	1
1163701	ChestArmor	伊莱_默认服装	Eli's Attire	Elai_Leather_Armor	5	1
1163781	ChestArmor	奈拉默认服装	Naira's Basic Attire	Nairah_Basic_Leather_Armor	5	1
1163784	Gloves	奈拉手套	Naira's Gloves	Nairah_Leather_Gloves	6	1
1163785	Boots	奈拉的鞋	Naira's Boots	Nairah_Leather_Boots	7	1
1163804	ChestArmor	德梅尼斯礼仪用板金盔甲	Demeniss Ceremonial Plate Armor	Optionary_Demeniss_Soldier_Armor	5	1
1163809	ChestArmor	伪装服装	Camouflage Outfit	Optionary_Demeniss_Spy_Cloth	5	1
1164002	ChestArmor	养蜂服	Beekeeping Suit	Optionary_Beekeeping_Cloth	5	1
1164512	ChestArmor	北方战士的锁链盔甲	Northern Fighter's Chain Mail	Lyfellen_ChainMail_Armor	5	1
1165010	ChestArmor	斯科拉斯敦学者长袍	Scholastone Uniform	Optionary_Scholar_Stone_Cloth	5	1
1165011	ChestArmor	福罗林布制衣服	Pororin Cloth Attire	Optionary_Florin_Cloth	5	1
1511001	HorseGear	海伯利安马甲	Hyperion Barding	Troopers_HorseArmor_Armor	60	1
1511006	HorseGear	萨哈莱姆马甲	Sahareum Barding	Desert_HorseArmor_Armor	60	1
1511007	HorseGear	贝尔凯马甲	Berkei Barding	Berkei_HorseArmor_Armor	60	1
1511008	HorseGear	德雷西亚马甲	Delesyian Barding	Delesian_HorseArmor_Armor	60	1
1511009	HorseGear	卡尔佩德马甲	Calphadean Barding	Kritha_HorseArmor_Armor	60	1
1511010	HorseGear	埃尔南德马甲	Hernandian Barding	Hernand_HorseArmor_Armor	60	1
1511011	HorseGear	巴尔尼亚马甲	Varnian Barding	Orjekel_HorseArmor_Armor	60	1
1511012	HorseGear	德梅尼斯马甲	Demenissian Barding	Demeniss_HorseArmor_Armor	60	1
1511013	HorseGear	德梅尼斯士兵的布制马甲	Demenissian Soldier's Cloth Barding	Demeniss_Soldier_HorseArmor_Armor	60	1
1511014	HorseGear	埃尔南德士兵布马甲	Hernandian Soldier's Cloth Barding	Hernand_Soldier_HorseArmor_Armor	60	1
1511015	HorseGear	连接马车的马甲	Wagon Barding	Wagon_HorseArmor_Armor	60	1
1512001	HorseGear	海伯利安马面	Hyperion Champron	Troopers_HorseArmor_Helm	61	1
1512006	HorseGear	萨哈莱姆马面	Sahareum Champron	Desert_HorseArmor_Helm	61	1
1512007	HorseGear	贝尔凯马面	Berkei Champron	Berkei_HorseArmor_Helm	61	1
1512008	HorseGear	德雷西亚马面	Delesyian Champron	Delesian_HorseArmor_Helm	61	1
1512009	HorseGear	迪克拉尔马面	Exclaire Champron	Kritha_HorseArmor_Helm	61	1
1512010	HorseGear	埃尔南德马面	Hernandian Champron	Hernand_HorseArmor_Helm	61	1
1512011	HorseGear	巴尔尼亚马面	Varnian Champron	Orjekel_HorseArmor_Helm	61	1
1512012	HorseGear	德梅尼斯马面	Demenissian Champron	Demeniss_HorseArmor_Helm	61	1
1513000	HorseGear	破旧的马鞍	Shabby Horse Saddle	Old_HorseArmor_Saddle	62	1
1513001	HorseGear	海伯利安马鞍	Hyperion Saddle	Troopers_HorseArmor_Saddle	62	1
1513006	HorseGear	萨哈莱姆马鞍	Sahareum Saddle	Desert_HorseArmor_Saddle	62	1
1513007	HorseGear	贝尔凯马鞍	Berkei Saddle	Berkei_HorseArmor_Saddle	62	1
1513008	HorseGear	德雷西亚马鞍	Delesyian Saddle	Delesian_HorseArmor_Saddle	62	1
1513009	HorseGear	迪克拉尔马鞍	Exclaire Saddle	Kritha_HorseArmor_Saddle	62	1
1513010	HorseGear	埃尔南德马鞍	Hernandian Saddle	Hernand_HorseArmor_Saddle	62	1
1513011	HorseGear	巴尔尼亚马鞍	Varnian Saddle	Orjekel_HorseArmor_Saddle	62	1
1513012	HorseGear	德梅尼斯马鞍	Demenissian Saddle	Demeniss_HorseArmor_Saddle	62	1
1514001	HorseGear	海伯利安马镫	Hyperion Stirrups	Troopers_HorseArmor_Stirrup	63	1
1514006	HorseGear	萨哈莱姆马镫	Sahareum Stirrups	Desert_HorseArmor_Stirrup	63	1
1514007	HorseGear	贝尔凯马镫	Berkei Stirrups	Berkei_HorseArmor_Stirrup	63	1
1514008	HorseGear	德雷西亚马镫	Delesyian Stirrups	Delesian_HorseArmor_Stirrup	63	1
1514009	HorseGear	卡尔佩德马镫	Calphadean Stirrups	Kritha_HorseArmor_Stirrup	63	1
1514010	HorseGear	埃尔南德马镫	Hernandian Stirrups	Hernand_HorseArmor_Stirrup	63	1
1514011	HorseGear	巴尔尼亚马镫	Varnian Stirrups	Orjekel_HorseArmor_Stirrup	63	1
1514012	HorseGear	德梅尼斯马镫	Demenissian Stirrups	Demeniss_HorseArmor_Stirrup	63	1
1515001	HorseGear	银铁马蹄铁	Silver Iron Horseshoes	HorseShoe_HorseArmor_Shoe	64	1
2101003	Helmet	瑟林板金头盔	Sorin Plate Helm	Serrin_PlateArmor_Helm	4	1
2101004	Helmet	马塔里温板金头盔	Matarion Plate Helm	Matarion_PlateArmor_Helm	4	1
2101005	Helmet	拉克西斯板金头盔	Langris Plate Helm	Larksis_PlateArmor_Helm	4	1
2101010	Helmet	鲁温板金头盔	Luon Plate Helm	Luon_PlateArmor_Helm	4	1
2101011	Helmet	维特斯板金头盔	Witters Plate Helm	Witters_PlateArmor_Helm	4	1
2101012	Helmet	迪克里安板金头盔	Digren Plate Helm	Dicrian_PlateArmor_Helm	4	1
2101013	Helmet	因塔克塔板金头盔	Intaka Plate Helm	Intacuttar_PlateArmor_Helm	4	1
2101014	Helmet	审判官板金头盔	Inquisitor's Plate Helm	SilverArmor_PlateArmor_Helm	4	1
2101015	Helmet	半月死神板金头盔	Half Moon Reaper Plate Helm	Moonhead_PlateArmor_Helm	4	1
2101016	Helmet	莫尔汀板金头盔	Mortain Plate Helm	Mortain_PlateArmor_Helm	4	1
2101019	Helmet	卢克兰板金头盔	Laccarsa Plate Helm	Lukran_PlateArmor_Helm	4	1
2101020	Helmet	梅多克斯板金头盔	Maydocs Plate Helm	Maydocs_PlateArmor_Helm	4	1
2101021	Helmet	德梅尼斯士兵板金头盔	Demenissian Soldier Plate Helm	Duemeniss_PlateArmor_Helm	4	1
2101022	Helmet	拉克西娅板金头盔	Renkshaw Plate Helm	Larksia_PlateArmor_Helm	4	1
2101023	Helmet	利库亚板金头盔	Longia Plate Helm	Likua_PlateArmor_Helm	4	1
2101025	Helmet	德梅尼斯警卫队板金头盔	Demenissian Guard's Plate Helm	Kayson_PlateArmor_Helm	4	1
2101026	Helmet	犀牛板金头盔	Rhinoceros Plate Helm	Matiras_PlateArmor_Helm	4	1
2101027	Helmet	毛提板金头盔	Mottie Plate Helm	Mautey_PlateArmor_Helm	4	1
2101028	Helmet	恩拉特板金头盔	Enratte Plate Helm	Enratte_PlateArmor_Helm	4	1
2101030	Helmet	阿斯汀板金头盔	Austin Plate Helm	Astin_PlateArmor_Helm	4	1
2101031	Helmet	劳提娅板金头盔	Lautia Plate Helm	Lautia_PlateArmor_Helm	4	1
2101032	Helmet	马图拉板金头盔	Matarra Plate Helm	Maturah_PlateArmor_Helm	4	1
2101033	Helmet	劳库斯板金头盔	Lauques Plate Helm	Lauqus_PlateArmor_Helm	4	1
2101034	Helmet	拉斯提板金头盔	Larstrom Plate Helm	Larstti_PlateArmor_Helm	4	1
2101035	Helmet	德梅尼斯礼仪用板金头盔	Demeniss Ceremonial Plate Helm	Maint_PlateArmor_Helm	4	1
2101036	Helmet	安特板金头盔	Awrain Plate Helm	Aant_PlateArmor_Helm	4	1
2101037	Helmet	萨哈扎德板金头盔	Sahazhad Plate Helm	Lacsha_PlateArmor_Helm	4	1
2101038	Helmet	德比尼温板金头盔	Devins Plate Helm	Devinion_PlateArmor_Helm	4	1
2101039	Helmet	卡代特板金头盔	Cadet Plate Helm	Kahdet_PlateArmor_Helm	4	1
2101040	Helmet	贝鲁伊板金头盔	Belui Plate Helm	Belui_PlateArmor_Helm	4	1
2101041	Helmet	德里娅板金头盔	Drea Plate Helm	Dria_PlateArmor_Helm	4	1
2104023	Helmet	拉斯安布制发带	Larsan Cloth Headband	Larsahn_Fabric_Helm	4	1
2104024	Helmet	里克西布制头盔	Ricksley Cloth Cap	Leeksi_Fabric_Helm	4	1
2104027	Helmet	迪克安布制发带	Deccain Cloth Headband	Dikkahn_Fabric_Helm	4	1
2104029	Helmet	斯基安布制头盔	Skian Cloth Cap	Skian_Fabric_Helm	4	1
2104030	Helmet	拉弗利安布制头盔	Laplian Cloth Cap	Laplian_Fabric_Helm	4	1
2104031	Helmet	迪卡利布制发带	Dicari Laurel Headband	Dicari_Fabric_Helm	4	1
2104032	Helmet	斯提恩布制发带	Stian Cloth Headband	Stian_Fabric_Helm	4	1
2104033	Helmet	阿提利布制头盔	Artiree Cloth Cap	Artiree_Fabric_Helm	4	1
2104034	Helmet	萨里斯提布制发带	Saristi Cloth Headband	Saristi_Fabric_Helm	4	1
2104035	Helmet	提克利布制发带	Tegri Cloth Headband	Tikkree_Fabric_Helm	4	1
2104038	Helmet	凯纳布布制发带	Kennav Cloth Headband	Kenav_Fabric_Helm	4	1
2104039	Helmet	拉迪斯布制头盔	Raditz Cloth Cap	Ladis_Fabric_Helm	4	1
2104040	Helmet	里文布制头盔	Riven Cloth Cap	Ribben_Fabric_Helm	4	1
2104041	Helmet	德里纳布制头盔	Drina Cloth Cap	Dreenah_Fabric_Helm	4	1
2104042	Helmet	埃琳布制头盔	Eryn Cloth Cap	Erin_Fabric_Helm	4	1
2111015	ChestArmor	巴拉坦锁链盔甲	Baratan Chain Mail	Baratan_ChainMail_Armor	5	1
2111019	ChestArmor	坎塔娜板金盔甲	Kantana Plate Armor	Kantana_PlateArmor_Armor	5	1
2111020	ChestArmor	凯特兰锁链盔甲	Ketlan Chain Mail	Ketlan_ChainMail_Armor	5	1
2111021	ChestArmor	安图卡锁链盔甲	Antuka Chain Mail	Antuka_ChainMail_Armor	5	1
2111022	ChestArmor	阿曼提亚锁链盔甲	Amantia Chain Mail	Amantia_ChainMail_Armor	5	1
2111023	ChestArmor	阿马纳斯锁链盔甲	Amanas Chain Mail	Amanas_ChainMail_Armor	5	1
2111024	ChestArmor	阿曼塔板金盔甲	Amanta Plate Armor	Amanta_PlateArmor_Armor	5	1
2111025	ChestArmor	卡库塔板金盔甲	Kakuta Plate Armor	Kakuta_PlateArmor_Armor	5	1
2111026	ChestArmor	阿卡鲁板金盔甲	Arcalu Plate Armor	Arcalu_PlateArmor_Armor	5	1
2111053	ChestArmor	鲁温板金盔甲	Luon Plate Armor	Luon_PlateArmor_Armor	5	1
2111055	ChestArmor	卢卡茨板金盔甲	Lukatz Plate Armor	Lukatz_PlateArmor_Armor	5	1
2111056	ChestArmor	卢卡板金盔甲	Luca Plate Armor	Luka_PlateArmor_Armor	5	1
2111057	ChestArmor	卡顿板金盔甲	Garten Plate Armor	Carton_PlateArmor_Armor	5	1
2111058	ChestArmor	半月死神板金头盔	Half Moon Reaper Plate Armor	Moonhead_PlateArmor_Armor	5	1
2111059	ChestArmor	斯托尔板金盔甲	Strell Plate Armor	Stole_PlateArmor_Armor	5	1
2111060	ChestArmor	利伯丁锁链盔甲	Riverdine Chain Mail	Riverdine_ChainMail_Armor	5	1
2111061	ChestArmor	特里亚利板金盔甲	Triali Plate Armor	Triali_PlateArmor_Armor	5	1
2111062	ChestArmor	普林基佩斯板金盔甲	Princeps Plate Armor	Prinkeypes_PlateArmor_Armor	5	1
2111063	ChestArmor	朱登布制盔甲	Juden Cloth Armor	Juden_Fabric_Armor	5	1
2111064	ChestArmor	阿尔佩因布制盔甲	Alphen Cloth Armor	Alpein_Fabric_Armor	5	1
2111066	ChestArmor	巴尔德林布制盔甲	Baldrin Cloth Armor	Balderinne_Fabric_Armor	5	1
2111085	ChestArmor	布莱迪锁链盔甲	Blandry Chain Mail	Blady_ChainMail_Armor	5	1
2111086	ChestArmor	奥尔特曼锁链盔甲	Oltmann Chain Mail	Oltmann_ChainMail_Armor	5	1
2111087	ChestArmor	塔尔曼锁链盔甲	Tarman Chain Mail	Tarman_ChainMail_Armor	5	1
2111089	ChestArmor	阿克拉斯布制盔甲	Acklass Cloth Armor	Aklas_Fabric_Armor	5	1
2111092	ChestArmor	里克拉板金盔甲	Ricla Plate Armor	Lickla_PlateArmor_Armor	5	1
2111093	ChestArmor	库坎板金盔甲	Coogan Plate Armor	Kukan_PlateArmor_Armor	5	1
2111094	ChestArmor	库南板金盔甲	Kunan Plate Armor	Kunan_PlateArmor_Armor	5	1
2111095	ChestArmor	库里南板金盔甲	Gurrinan Plate Armor	Kurinan_PlateArmor_Armor	5	1
2111096	ChestArmor	吉尔林板金盔甲	Guilan Plate Armor	Girrin_PlateArmor_Armor	5	1
2111097	ChestArmor	奥顿布制盔甲	Orton Cloth Armor	Orton_Fabric_Armor	5	1
2111098	ChestArmor	奥特布制盔甲	Ort Cloth Armor	Ort_Fabric_Armor	5	1
2111099	ChestArmor	法尔蒙板金盔甲	Ferman Plate Armor	Makan_PlateArmor_Armor	5	1
2111100	ChestArmor	马克思板金盔甲	Malacs Plate Armor	Marcs_PlateArmor_Armor	5	1
2111101	ChestArmor	曼特板金盔甲	Mant Plate Armor	Mant_PlateArmor_Armor	5	1
2111102	ChestArmor	拉克里板金盔甲	Larkri Plate Armor	Lacquer_PlateArmor_Armor	5	1
2111103	ChestArmor	坎塔板金盔甲	Canta Plate Armor	Canta_PlateArmor_Armor	5	1
2111104	ChestArmor	拉库山板金盔甲	Lacusane Plate Armor	Lacusane_PlateArmor_Armor	5	1
2111105	ChestArmor	拉克板金盔甲	Larc Plate Armor	Lark_PlateArmor_Armor	5	1
2111106	ChestArmor	马克塔布制盔甲	Magta Cloth Armor	Marctah_Fabric_Armor	5	1
2111113	ChestArmor	拉克利板金盔甲	Rakkli Plate Armor	Rakkli_PlateArmor_Armor	5	1
2111114	ChestArmor	马克板金盔甲	Marc Plate Armor	Mark_PlateArmor_Armor	5	1
2111115	ChestArmor	提康板金盔甲	Ticon Plate Armor	Ticon_PlateArmor_Armor	5	1
2111116	ChestArmor	塔坎板金盔甲	Takhan Plate Armor	Tachan_PlateArmor_Armor	5	1
2111117	ChestArmor	卡克锁链盔甲	Kark Chain Mail	Kark_ChainMail_Armor	5	1
2112018	ChestArmor	卢克萨锁链盔甲	Leuksah Chain Mail	Luksa_ChainMail_Armor	5	1
2112027	ChestArmor	阿斯兰锁链盔甲	Aslan Chain Mail	Aslan_ChainMail_Armor	5	1
2112028	ChestArmor	坎提娜锁链盔甲	Cantina Chain Mail	Cantina_ChainMail_Armor	5	1
2113098	ChestArmor	莉克莉娅皮制盔甲	Riclia Leather Armor	Riclia_Leather_Armor	5	1
2113099	ChestArmor	流浪佣兵皮制盔甲	Wandering Freesword's Leather Armor	Wandering_Mercenary_Leather_Armor	5	1
2113100	ChestArmor	虎皮皮制盔甲	Leopard Print Leather Armor	Leopard_Pattern_Leather_Armor	5	1
2113101	ChestArmor	霍里津皮制盔甲	Horizon Leather Armor	Horizon_Leather_Armor	5	1
2113102	ChestArmor	皮林皮制盔甲	Pirin Leather Armor	Pirin_Leather_Armor	5	1
2113108	ChestArmor	德罗比丁皮制盔甲	Dellovian Leather Armor	Derovidine_Leather_Armor	5	1
2113123	ChestArmor	巴里奥卡皮制盔甲	Baorica Leather Armor	Barioca_Leather_Armor	5	1
2113124	ChestArmor	巴里斯卡皮制盔甲	Variska Leather Armor	Variska_Leather_Armor	5	1
2113125	ChestArmor	巴里索卡皮制盔甲	Varsoka Leather Armor	Barisoka_Leather_Armor	5	1
2113144	ChestArmor	杜尔瑟斯皮制盔甲	Dursus Leather Armor	Dursus_Leather_Armor	5	1
2113145	ChestArmor	阿克托杜斯皮制盔甲	Acrodus Leather Armor	Arctotus_Leather_Armor	5	1
2113146	ChestArmor	博尔柯布制盔甲	Volkirk Cloth Armor	Volkirk_Fabric_Armor	5	1
2113155	ChestArmor	本杜尔斯皮制盔甲	Bendurs Leather Armor	Vendurs_Leather_Armor	5	1
2113156	ChestArmor	科本皮制盔甲	Kerburn Leather Armor	Kerburn_Leather_Armor	5	1
2113157	ChestArmor	伯诺尔德皮制盔甲	Bennault Leather Armor	Bernold_Leather_Armor	5	1
2113158	ChestArmor	盖勒贝皮制盔甲	Gallabay Leather Armor	Gallabay_Leather_Armor	5	1
2113159	ChestArmor	布罗默提皮制盔甲	Brometi Leather Armor	Bromarty_Leather_Armor	5	1
2113160	ChestArmor	伽卢斯汀皮制盔甲	Galustin Leather Armor	Galustin_Leather_Armor	5	1
2113161	ChestArmor	巴尔提默皮制盔甲	Baltimier Leather Armor	Baltimer_Leather_Armor	5	1
2113162	ChestArmor	赫拉德皮制盔甲	Hellad Leather Armor	Hellad_Leather_Armor	5	1
2113163	ChestArmor	艾什利爪皮制盔甲	Ashclaw Leather Armor	Tibbletanus_Leather_Armor	5	1
2113164	ChestArmor	阿提山皮制盔甲	Arteyan Leather Armor	Artisan_Leather_Armor	5	1
2113165	ChestArmor	达尔图斯皮制盔甲	Dartus Leather Armor	Dartus_Leather_Armor	5	1
2113166	ChestArmor	卡尔托皮制盔甲	Calto Leather Armor	Calto_Leather_Armor	5	1
2113167	ChestArmor	古尔瑟斯皮制盔甲	Gersens Leather Armor	Gursus_Leather_Armor	5	1
2113168	ChestArmor	阿克兰布制盔甲	Akran Cloth Armor	Archran_Fabric_Armor	5	1
2113169	ChestArmor	方提内皮制盔甲	Fontine Leather Armor	Fontine_Leather_Armor	5	1
2113170	ChestArmor	弗罗达努斯皮制盔甲	Flordanus Leather Armor	Flordanus_Leather_Armor	5	1
2113171	ChestArmor	布里泽尔皮制盔甲	Breitzle Leather Armor	Brizzle_Leather_Armor	5	1
2113172	ChestArmor	提拉努斯皮制盔甲	Tyrannus Leather Armor	Tyrannus_Leather_Armor	5	1
2113173	ChestArmor	福摩萨皮制盔甲	Formosa Leather Armor	Formosa_Leather_Armor	5	1
2113174	ChestArmor	格罗拉皮制盔甲	Grolla Leather Armor	Grolla_Leather_Armor	5	1
2113175	ChestArmor	格拉维尔皮制盔甲	Glaville Leather Armor	Glaville_Leather_Armor	5	1
2113176	ChestArmor	泰布罗克皮制盔甲	Teblecc Leather Armor	Tybloc_Leather_Armor	5	1
2113177	ChestArmor	戈尔杜尔皮制盔甲	Goldur Leather Armor	Goldur_Leather_Armor	5	1
2113178	ChestArmor	德伊莫尼肯皮制盔甲	Deimon Leather Armor	Daymonicon_Leather_Armor	5	1
2113179	ChestArmor	博尔泽斯皮制盔甲	Bolzers Leather Armor	Bolzers_Leather_Armor	5	1
2113180	ChestArmor	格罗纳德皮制盔甲	Gronerd Leather Armor	Gronerd_Leather_Armor	5	1
2113181	ChestArmor	德博罗斯皮制盔甲	Deboros Leather Armor	Deboros_Leather_Armor	5	1
2113182	ChestArmor	诺登比德皮制盔甲	Nordbeid Leather Armor	Northernbead_Leather_Armor	5	1
2113183	ChestArmor	克拉德班皮制盔甲	Cradbahn Leather Armor	Cradbahn_Leather_Armor	5	1
2113184	ChestArmor	达尔巴兰皮制盔甲	Darbaran Leather Armor	Darbaran_Leather_Armor	5	1
2113185	ChestArmor	贝伦泽德皮制盔甲	Berenzard Leather Armor	Berenzard_Leather_Armor	5	1
2113186	ChestArmor	克罗登皮制盔甲	Croden Leather Armor	Croden_Leather_Armor	5	1
2113187	ChestArmor	瓦尔克罗登皮制盔甲	Balgraun Leather Armor	Valcroden_Leather_Armor	5	1
2113188	ChestArmor	沃尔夫皮制盔甲	Rolfe Leather Armor	Volf_Leather_Armor	5	1
2113189	ChestArmor	杜克斯皮制盔甲	Dux Leather Armor	Dux_Leather_Armor	5	1
2113190	ChestArmor	卢伯费尔迪皮制盔甲	Roverfelt Leather Armor	Ruberfeldy_Leather_Armor	5	1
2113191	ChestArmor	塞尔德里板金盔甲	Seddry Plate Armor	Seodri_PlateArmor_Armor	5	1
2113192	ChestArmor	休伯斯皮制盔甲	Hubus Leather Armor	Hoobus_Leather_Armor	5	1
2113194	ChestArmor	德尔弗里德皮制盔甲	Delfreid Leather Armor	Delfrid_Leather_Armor	5	1
2113195	ChestArmor	卡尔帕伦皮制盔甲	Carphalen Leather Armor	Carphalen_Leather_Armor	5	1
2113196	ChestArmor	罗斯查尔皮制盔甲	Ruschar Leather Armor	Ruschar_Leather_Armor	5	1
2113197	ChestArmor	法尔茨皮制盔甲	Paltz Leather Armor	Paltz_Leather_Armor	5	1
2113198	ChestArmor	埃尔德皮制盔甲	Erday Leather Armor	Erday_Leather_Armor	5	1
2113199	ChestArmor	艾因茨皮制盔甲	Einz Leather Armor	Einz_Leather_Armor	5	1
2113200	ChestArmor	特利尔锁链盔甲	Trier Chain Mail	Trier_ChainMail_Armor	5	1
2113201	ChestArmor	吕岑皮制盔甲	Lutzen Leather Armor	Lutzen_Leather_Armor	5	1
2113202	ChestArmor	福梅伦皮制盔甲	Pomerin Leather Armor	Pormeranian_Leather_Armor	5	1
2113203	ChestArmor	德特尔林皮制盔甲	Deltin Leather Armor	Deltlin_Leather_Armor	5	1
2113204	ChestArmor	帕伦皮制盔甲	Palen Leather Armor	Palen_Leather_Armor	5	1
2113205	ChestArmor	维尔腾皮制盔甲	Buellen Leather Armor	Wurten_Leather_Armor	5	1
2113206	ChestArmor	暗巷统治者布制盔甲	Dark Ringleader's Cloth Armor	Tychaon_Fabric_Armor	5	1
2113207	ChestArmor	索德沃斯皮制盔甲	Solworth Leather Armor	Soldworth_Leather_Armor	5	1
2113208	ChestArmor	达乌桑普顿皮制盔甲	Dowsampton Leather Armor	Dowsampton_Leather_Armor	5	1
2113210	ChestArmor	多本特里皮制盔甲	Doventry Leather Armor	Doventry_Leather_Armor	5	1
2113218	ChestArmor	暮色犬牙皮制盔甲	Duskfang Leather Armor	Hemon_Vindel_Leather_Armor	5	1
2113231	ChestArmor	赫马尔帕亚皮制盔甲	Helpaia Leather Armor	Hermalfaya_Leather_Armor	5	1
2113233	ChestArmor	德巴伦布制盔甲	Dvalin Cloth Armor	Devarn_Fabric_Armor	5	1
2114004	ChestArmor	莱德希布制盔甲	Leddic Cloth Armor	Arkhan_Fabric_Armor	5	1
2114005	ChestArmor	拉卡兹布制盔甲	Lacas Cloth Armor	Larkarz_Fabric_Armor	5	1
2114006	ChestArmor	里卡兹布制盔甲	Rikkas Cloth Armor	Likarz_Fabric_Armor	5	1
2114007	ChestArmor	劳塔布制盔甲	Lauta Cloth Armor	Lautar_Fabric_Armor	5	1
2114008	ChestArmor	马丁杜布制盔甲	Marindo Cloth Armor	Martindue_Fabric_Armor	5	1
2114009	ChestArmor	卡妮塔布制盔甲	Killua Cloth Armor	Karnitta_Fabric_Armor	5	1
2114010	ChestArmor	劳卡提布制盔甲	Larcotti Cloth Armor	Laucatti_Fabric_Armor	5	1
2114011	ChestArmor	里奥尼娅布制盔甲	Liorna Cloth Armor	Liornia_Fabric_Armor	5	1
2114012	ChestArmor	毛里斯布制盔甲	Mauryth Cloth Armor	Mauryth_Fabric_Armor	5	1
2114034	ChestArmor	坦图里布制盔甲	Tanturi Cloth Armor	Tanturhee_Fabric_Armor	5	1
2114036	ChestArmor	万蒂布制盔甲	Bantree Cloth Armor	Vanti_Fabric_Armor	5	1
2114041	ChestArmor	乌西安布制盔甲	Ushreen Cloth Armor	Wusian_Fabric_Armor	5	1
2114042	ChestArmor	图提布制盔甲	Trilly Cloth Armor	Tuetti_Fabric_Armor	5	1
2114043	ChestArmor	图坦布制盔甲	Tutan Cloth Armor	Tutan_Fabric_Armor	5	1
2114044	ChestArmor	丘曼布制盔甲	Quandan Cloth Armor	Cueman_Fabric_Armor	5	1
2114045	ChestArmor	丘南塔布制盔甲	Qunanta Cloth Armor	Cuenantta_Fabric_Armor	5	1
2114046	ChestArmor	丘汀布制盔甲	Qutin Cloth Armor	Cuetain_Fabric_Armor	5	1
2114048	ChestArmor	卡乌里亚锁链盔甲	Kauria Chain Mail	Kauria_ChainMail_Armor	5	1
2114049	ChestArmor	贝瑟尼特布制盔甲	Besnet Cloth Armor	Bessenette_Fabric_Armor	5	1
2114057	ChestArmor	莫尔汀锁链盔甲	Mortain Chain Mail	Kintun_ChainMail_Armor	5	1
2114058	ChestArmor	休莱特布制盔甲	Hewlette Cloth Armor	Hewlette_Fabric_Armor	5	1
2114059	ChestArmor	皮奥尼亚布制盔甲	Pioneer Cloth Armor	Pioneer_Fabric_Armor	5	1
2114060	ChestArmor	塔尔本布制盔甲	Talbern Cloth Armor	Talbern_Fabric_Armor	5	1
2114061	ChestArmor	贝克斯布制盔甲	Vex Cloth Armor	Vex_Fabric_Armor	5	1
2114063	ChestArmor	路易斯布制盔甲	Louis Cloth Armor	Louis_Fabric_Armor	5	1
2114065	ChestArmor	沃布里克布制盔甲	Warblick Cloth Armor	Warblick_Fabric_Armor	5	1
2114066	ChestArmor	雷隆布制盔甲	Rellone Cloth Armor	Rellone_Fabric_Armor	5	1
2114068	ChestArmor	拉克亚布制盔甲	Rarkah Cloth Armor	Rarkah_Fabric_Armor	5	1
2114069	ChestArmor	里库坦布制盔甲	Rikkutan Cloth Armor	Rikkutan_Fabric_Armor	5	1
2114072	ChestArmor	杜提南锁链盔甲	Dutinan Chain Mail	Dutinaan_ChainMail_Armor	5	1
2114079	ChestArmor	拉克拉布制盔甲	Lokra Cloth Armor	Rarchrah_Fabric_Armor	5	1
2114080	ChestArmor	雷尔提安布制盔甲	Reltian Cloth Armor	Reltian_Fabric_Armor	5	1
2114081	ChestArmor	雷尔坦布制盔甲	Reltan Cloth Armor	Reltan_Fabric_Armor	5	1
2114082	ChestArmor	雷尔提南布制盔甲	Reltinan Cloth Armor	Reltinan_Fabric_Armor	5	1
2114083	ChestArmor	克提安布制盔甲	Ketian Cloth Armor	Ktian_Fabric_Armor	5	1
2114084	ChestArmor	克坦布制盔甲	Kithan Cloth Armor	Ktan_Fabric_Armor	5	1
2114085	ChestArmor	卡苏南布制盔甲	Kasunan Cloth Armor	Kahsunan_Fabric_Armor	5	1
2114086	ChestArmor	卡提南布制盔甲	Kattinan Cloth Armor	Kattinan_Fabric_Armor	5	1
2114087	ChestArmor	阿克莉娅布制盔甲	Acria Cloth Armor	Archria_Fabric_Armor	5	1
2114088	ChestArmor	卡博顿布制盔甲	Kabotun Cloth Armor	Kahbotune_Fabric_Armor	5	1
2114089	ChestArmor	卡博坎布制盔甲	Kavokin Cloth Armor	Kahbokahn_Fabric_Armor	5	1
2114090	ChestArmor	提克宁布制盔甲	Teknin Cloth Armor	Tiknean_Fabric_Armor	5	1
2114091	ChestArmor	马克南布制盔甲	Maknan Cloth Armor	Machnan_Fabric_Armor	5	1
2114092	ChestArmor	恩特里安布制盔甲	Attrean Cloth Armor	Entrian_Fabric_Armor	5	1
2114093	ChestArmor	马奇隆布制盔甲	Maquealon Cloth Armor	Marqueeluon_Fabric_Armor	5	1
2114094	ChestArmor	马克宁布制盔甲	Marknin Cloth Armor	Machnynn_Fabric_Armor	5	1
2114095	ChestArmor	劳库斯布制盔甲	Lauques Cloth Armor	Tartinan_Fabric_Armor	5	1
2114096	ChestArmor	阿特南布制盔甲	Atnan Cloth Armor	Artnan_Fabric_Armor	5	1
2114097	ChestArmor	迪兰卡布制盔甲	Dilanka Cloth Armor	Dylanka_Fabric_Armor	5	1
2114098	ChestArmor	帕提卡布制盔甲	Patika Cloth Armor	Patika_Fabric_Armor	5	1
2114099	ChestArmor	汀卡温布制盔甲	Tenkan Cloth Armor	Tinchaon_Fabric_Armor	5	1
2114100	ChestArmor	马特拉温布制盔甲	Metron Cloth Armor	Matraon_Fabric_Armor	5	1
2114101	ChestArmor	迪克南图布制盔甲	Decanteau Cloth Armor	Diknanteu_Fabric_Armor	5	1
2114102	ChestArmor	卡特拉娅布制盔甲	Kaetra Cloth Armor	Kahtrahah_Fabric_Armor	5	1
2114103	ChestArmor	马克拉安布制盔甲	Makran Cloth Armor	Machrahahn_Fabric_Armor	5	1
2114104	ChestArmor	坦图塔布制盔甲	Tantuta Cloth Armor	Tahntutta_Fabric_Armor	5	1
2114105	ChestArmor	安图坦布制盔甲	Antutan Cloth Armor	Ahntutan_Fabric_Armor	5	1
2114106	ChestArmor	安克里安布制盔甲	Ankrian Cloth Armor	Ankrian_Fabric_Armor	5	1
2114107	ChestArmor	西里翁布制盔甲	Sirion Cloth Armor	Sirion_Fabric_Armor	5	1
2114108	ChestArmor	西里提娜布制盔甲	Sirenta Cloth Armor	Syritina_Fabric_Armor	5	1
2114112	ChestArmor	迪兰布制盔甲	Dyran Cloth Armor	Dyran_Fabric_Armor	5	1
2114114	ChestArmor	迪拉尼娅布制盔甲	Direnya Cloth Armor	Dyrania_Fabric_Armor	5	1
2114115	ChestArmor	提图南布制盔甲	Tytuan Cloth Armor	Titunan_Fabric_Armor	5	1
2114116	ChestArmor	提卡特尔布制盔甲	Tegatel Cloth Armor	Tickatle_Fabric_Armor	5	1
2114117	ChestArmor	提卡坦布制盔甲	Tikatan Cloth Armor	Tykatan_Fabric_Armor	5	1
2114118	ChestArmor	卡图拉温布制盔甲	Qaturan Cloth Armor	Kahturaon_Fabric_Armor	5	1
2114119	ChestArmor	南图卡布制盔甲	Nantuka Cloth Armor	Nantukka_Fabric_Armor	5	1
2114120	ChestArmor	恩图卡布制盔甲	Entuka Cloth Armor	Entuka_Fabric_Armor	5	1
2131004	Boots	维特斯板金鞋子	Witters Plate Boots	Witters_Plate_Boots	7	1
2131005	Boots	马克里斯板金鞋子	Marcris Plate Boots	Markris_Plate_Boots	7	1
2131006	Boots	逐浪鞋子	Tidebreaker Boots	IncreaseSwimmingSpeed_Plate_Boots	7	1
2131007	Helmet	弗拉尼板金头盔	Prani Plate Helm	Prani_PlateArmor_Helm	4	1
2131008	Boots	北方战士的皮制鞋子	Northern Fighter's Leather Boots	Nickna_Leather_Boots	7	1
2131009	Boots	杜梅尼斯板金鞋子	Dumenis Plate Boots	Duemeniss_Plate_Boots	7	1
2133012	Boots	阿凯斯提皮制鞋子	Agstree Leather Boots	Akesti_Leather_Boots	7	1
2133013	Boots	迪德里皮制鞋子	Deidre Leather Boots	Deidre_Leather_Boots	7	1
2133015	Boots	戴内皮制鞋子	Daine Leather Boots	Daine_Leather_Boots	7	1
2133016	Boots	特里奇温皮制鞋子	Tression Leather Boots	Trizion_Leather_Boots	7	1
2133017	Boots	迪德皮制鞋子	Deint Leather Boots	Deet_Leather_Boots	7	1
2133018	Boots	马塔卡皮制鞋子	Matahka Leather Boots	Mataka_Leather_Boots	7	1
2133019	Boots	古特皮制鞋子	Goot Leather Boots	Gut_Leather_Boots	7	1
2133020	Boots	伽汀皮制鞋子	Gatin Leather Boots	Gatin_Leather_Boots	7	1
2133022	Boots	伊利诺恩皮制鞋子	Infreen Leather Boots	Illinoeon_Leather_Boots	7	1
2133023	Boots	法尔蒙皮制鞋子	Ferman Leather Boots	Diorness_Leather_Boots	7	1
2133024	Boots	拉提皮制鞋子	Ratti Leather Boots	Ratti_Leather_Boots	7	1
2133025	Boots	拉图尼皮制鞋子	Lutteri Leather Boots	Ratuni_Leather_Boots	7	1
2133027	Boots	半月死神板金鞋子	Half Moon Reaper Plate Boots	Moonhead_Plate_Boots	7	1
2133028	Boots	拉普提皮制鞋子	Lapprette Leather Boots	Laputi_Leather_Boots	7	1
2133029	Boots	马丁兹皮制鞋子	Matrinne Leather Boots	Martins_Leather_Boots	7	1
2133030	Boots	杜梅尼斯皮制鞋子	Dumas Leather Boots	Duemeniss_Leather_Boots	7	1
2133031	Boots	特利尔皮制鞋子	Trier Leather Boots	Trier_Leather_Boots	7	1
2133032	Boots	高霍尔皮制鞋子	Gohol Leather Boots	Gohol_Leather_Boots	7	1
2133033	Boots	马丁皮制鞋子	Martin's Leather Boots	Martin_Leather_Boots	7	1
2133034	Boots	普拉尼皮制鞋子	Purani Leather Boots	Purani_Leather_Boots	7	1
2133035	Boots	德尔菲皮制鞋子	Delphi Leather Boots	Delphi_Leather_Boots	7	1
2133036	Boots	贝梅尔皮制鞋子	Bethel Leather Boots	Bethel_Leather_Boots	7	1
2133037	Boots	切尔提皮制鞋子	Chanti Leather Boots	Chelti_Leather_Boots	7	1
2133040	Boots	拉提尔皮制鞋子	Latear Leather Boots	Latir_Leather_Boots	7	1
2133041	Boots	蒙特尔德皮制鞋子	Munndt Leather Boots	Munterd_Leather_Boots	7	1
2133042	Boots	马塔尔皮制鞋子	Matar Leather Boots	Matar_Leather_Boots	7	1
2133043	Boots	埃斯提尔皮制鞋子	Estelle Leather Boots	Estir_Leather_Boots	7	1
2133044	Boots	卡提安皮制鞋子	Katian Leather Boots	Katian_Leather_Boots	7	1
2133045	Boots	劳库斯皮制鞋子	Lauques Leather Boots	Atanti_Leather_Boots	7	1
2133046	Boots	鲁提娅皮制鞋子	Lutia Leather Boots	Lutia_Leather_Boots	7	1
2133048	Boots	里弗提皮制鞋子	Rafferty Leather Shoes	Reputy_Leather_Boots	7	1
2133050	Boots	拉弗里亚皮制鞋子	Raphelia Leather Boots	Rafflia_Leather_Boots	7	1
2133051	Boots	拉克西皮制鞋子	Lakshi Leather Shoes	Laksh_Leather_Boots	7	1
2133052	ChestArmor	马罗尼布制盔甲	Marni's Cloth Armor	Marni_Fabric_Armor	5	1
2133053	Gloves	马罗尼锁链手套	Marni's Chain Gloves	Marni_ChainMail_Gloves	6	1
2133054	Boots	马罗尼锁链鞋子	Marni's Chain Boots	Marni_ChainMail_Boots	7	1
2133055	ChestArmor	沙漠掠夺者板金盔甲	Desert Marauder's Plate Armor	Desert_Harrier_PlateArmor_Armor_I	5	1
2133056	ChestArmor	沙漠掠夺者板金盔甲	Desert Marauder's Plate Armor	Desert_Harrier_PlateArmor_Armor_II	5	1
2133057	ChestArmor	头盔族皮制盔甲	Helms Leather Armor	Desert_Harrier_Leather_Armor	5	1
2133058	Gloves	头盔族板金手套	Helms Plate Gloves	Desert_Harrier_PlateArmor_Gloves	6	1
2133059	Boots	头盔族皮制鞋子	Helms Leather Boots	Desert_Harrier_Leather_Boots_I	7	1
2133060	Boots	头盔族皮制鞋子	Helms Leather Boots	Desert_Harrier_Leather_Boots_II	7	1
2133062	Helmet	头盔族犀甲虫头盔	Helms Rhinoceros Beetle Helm	Desert_Harrier_PlateArmor_Helm_II	4	1
2133063	Helmet	头盔族锹形虫头盔	Helms Stag Beetle Helm	Desert_Harrier_PlateArmor_Helm_III	4	1
2133064	ChestArmor	杜提安锁链盔甲	Dutian Chain Mail	Dutian_ChainMail_Armor	5	1
2133065	ChestArmor	德伦布制盔甲	Darren Cloth Armor	Darren_Fabric_Armor	5	1
2133066	Gloves	奇利皮制手套	Cherlay Leather Gloves	Chile_Leather_Gloves	6	1
2133067	ChestArmor	加德贝德夫布制盔甲	Gardeiff Cloth Armor	Gardbedeff_Fabric_Armor	5	1
2133068	Boots	奇利皮制鞋子	Cherlay Leather Boots	Chile_Leather_Boots	7	1
2133069	ChestArmor	加夫布制盔甲	Gaph Cloth Armor	Garff_Fabric_Armor	5	1
2133070	Boots	伦达尔皮制鞋子	Wendahl Leather Shoes	Rendal_Leather_Boots	7	1
2133071	Gloves	伦达尔皮制手套	Wendahl Leather Gloves	Rendal_Leather_Gloves	6	1
2133073	ChestArmor	梅莉娜布制盔甲	Melina Cloth Armor	Melina_Fabric_Armor	5	1
2133074	ChestArmor	莫西安锁链盔甲	Moshane Chain Mail	Mocian_ChainMail_Armor	5	1
2133075	ChestArmor	克里埃拉布制盔甲	Kriella Cloth Armor	Kriella_Fabric_Armor	5	1
2133077	Gloves	克里埃拉布制手套	Kriella Cloth Gloves	Kriella_Fabric_Gloves	6	1
2133078	ChestArmor	丹达锁链盔甲	Danda Chain Mail	Danda_ChainMail_Armor	5	1
2133079	Helmet	丹达布制头盔	Danda Cloth Cap	Danda_Fabric_Helm	4	1
2133080	Gloves	丹达皮制手套	Danda Leather Gloves	Danda_Leather_Gloves	6	1
2133081	ChestArmor	拉皮德皮制盔甲	Rapid Leather Armor	Rapid_Leather_Armor	5	1
2133082	ChestArmor	奇利皮制盔甲	Cherlay Leather Armor	Chile_Leather_Armor	5	1
2133083	ChestArmor	德伦锁链盔甲	Darren Chain Mail	Darren_ChainMail_Armor	5	1
2133084	Boots	德欧尔皮制鞋子	Dwelle Leather Boots	Deole_Leather_Boots	7	1
2133085	Helmet	莱拉布制头盔	Leila Cloth Cap	Rayra_Fabric_Helm	4	1
2133086	Gloves	德欧尔皮制手套	Dwelle Leather Gloves	Deole_Leather_Gloves	6	1
2133087	Gloves	德伦皮制手套	Darren Leather Gloves	Darren_Leather_Gloves	6	1
2133088	Gloves	莱拉皮制手套	Leila Leather Gloves	Rayra_Leather_Gloves	6	1
2133089	Gloves	拉皮德皮制手套	Rapid Leather Gloves	Rapid_Leather_Gloves	6	1
2133090	Helmet	德欧尔布制头盔	Dwelle Cloth Cap	Deole_Fabric_Helm	4	1
2133091	Boots	卡曼提皮制鞋子	Camantti Leather Boots	Camantti_Leather_Boots	7	1
2133093	ChestArmor	闪耀箭头搜寻者布制盔甲	Blinding Arrows Scout's Cloth Armor	Light_Arrowhead_Fabric_Armor_I	5	1
2133094	ChestArmor	闪耀箭头皮制盔甲	Blinding Arrow's Leather Armor	Light_Arrowhead_Leather_Armor_I	5	1
2133095	ChestArmor	闪耀箭头搜寻者布制盔甲	Blinding Arrows Scout's Cloth Armor	Light_Arrowhead_Fabric_Armor_II	5	1
2133096	ChestArmor	闪耀箭头皮制盔甲	Blinding Arrow's Leather Armor	Light_Arrowhead_Leather_Armor_II	5	1
2133097	ChestArmor	闪耀箭头搜寻者布制盔甲	Blinding Arrows Scout's Cloth Armor	Light_Arrowhead_Fabric_Armor_III	5	1
2133098	ChestArmor	闪耀箭头骑士布制盔甲	Blinding Arrows Rider's Cloth Armor	Light_Arrowhead_Fabric_Armor_IV	5	1
2133099	ChestArmor	闪耀箭头皮制盔甲	Blinding Arrow's Leather Armor	Light_Arrowhead_Leather_Armor_III	5	1
2133100	ChestArmor	闪耀箭头皮制盔甲	Blinding Arrow's Leather Armor	Light_Arrowhead_Leather_Armor_IV	5	1
2133101	ChestArmor	闪耀箭头皮制盔甲	Blinding Arrow's Leather Armor	Light_Arrowhead_Leather_Armor_V	5	1
2133102	ChestArmor	闪耀箭头皮制盔甲	Blinding Arrow's Leather Armor	Light_Arrowhead_Leather_Armor_VI	5	1
2133103	ChestArmor	闪耀箭头搜查者皮制盔甲	Blinding Arrows Scout's Leather Armor	Light_Arrowhead_Leather_Armor_VII	5	1
2133104	ChestArmor	闪耀箭头搜寻者布制盔甲	Blinding Arrows Scout's Cloth Armor	Light_Arrowhead_Fabric_Armor_V	5	1
2133105	ChestArmor	闪耀箭头搜寻者布制盔甲	Blinding Arrows Scout's Cloth Armor	Light_Arrowhead_Fabric_Armor_VI	5	1
2133106	ChestArmor	闪耀箭头搜寻者布制盔甲	Blinding Arrows Scout's Cloth Armor	Light_Arrowhead_Fabric_Armor_VII	5	1
2133107	ChestArmor	闪耀箭头搜查者皮制盔甲	Blinding Arrows Scout's Leather Armor	Light_Arrowhead_Leather_Armor_VIII	5	1
2133108	ChestArmor	闪耀箭头皮制盔甲	Blinding Arrow's Leather Armor	Light_Arrowhead_Leather_Armor_IX	5	1
2133109	ChestArmor	闪耀箭头皮制盔甲	Blinding Arrow's Leather Armor	Light_Arrowhead_Leather_Armor_X	5	1
2133115	Helmet	闪耀箭头布制头盔	Blinding Arrows' Cloth Cap	Light_Arrowhead_Fabric_Helm_V	4	1
2133124	Boots	闪耀箭头皮制鞋子	Blinding Arrow's Leather Boots	Light_Arrowhead_Leather_Boots_I	7	1
2133125	Boots	闪耀箭头皮制鞋子	Blinding Arrow's Leather Boots	Light_Arrowhead_Leather_Boots_II	7	1
2133126	Gloves	闪耀箭头皮制手套	Blinding Arrow's Leather Gloves	Light_Arrowhead_Leather_Gloves	6	1
2133127	Gloves	佩特拉皮制手套	Petra Leather Gloves	Petra_Leather_Gloves	6	1
2133131	Gloves	盗贼团皮制手套	Bandit Leather Gloves	Bandit_Leather_Gloves_I	6	1
2133132	Helmet	帕拉斯提斯板金头盔	Parasis Plate Helm	Parastis_PlateArmor_Helm	4	1
2133133	Gloves	奇古拉特皮制手套	Ziggurat Leather Gloves	Ziggurat_Leather_Gloves_I	6	1
2133134	Boots	迪什雷特皮制鞋子	Deshret Leather Boots	Deshret_Leather_Boots	7	1
2133136	Helmet	药剂师面具皮制头盔	Chemists' Mask Leather Helm	Ziggurat_Leather_Helm_II	4	1
2133137	Helmet	齐格拉特布制头盔	Ziggurat Cloth Helm	Ziggurat_Fabric_Helm	4	1
2133138	Helmet	药剂师铁面具皮制头盔	Chemists' Iron Mask Leather Helm	Ziggurat_Leather_Helm_III	4	1
2133139	Gloves	奇古拉特皮制手套	Ziggurat Leather Gloves	Ziggurat_Leather_Gloves_II	6	1
2133140	Boots	卢科内克皮制鞋子	Rueconec Leather Boots	Luconek_Leather_Boots	7	1
2133141	ChestArmor	巴尔尼亚布制盔甲	Varnia Cloth Armor	Barnia_Fabric_Armor	5	1
2133142	Boots	巴尔尼亚锁链鞋子	Varnian Chain Boots	Barnia_ChainMail_Boots	7	1
2133143	Gloves	巴尔尼亚皮制手套	Varnian Leather Gloves	Barnia_Leather_Gloves	6	1
2133144	Helmet	巴尔尼亚布制头盔	Varnia Cloth Cap	Barnia_Fabric_Helm	4	1
2133145	Gloves	福尔塞尔布制手套	Porcell Cloth Gloves	Porcell_Fabric_Gloves_II	6	1
2133146	Boots	莱普拉皮制鞋子	Lepra Leather Boots	Lepra_Leather_Boots	7	1
2133148	Gloves	贝瑟尼特板金手套	Bessett Plate Gloves	Bessenette_PlateArmor_Gloves	6	1
2133149	Boots	贝瑟尼特皮制鞋子	Bessett Leather Boots	Bessenette_Leather_Boots	7	1
2133150	Gloves	北方战士的皮制手套	Northern Fighter's Leather Gloves	Lyfellen_Leather_Gloves	6	1
2133151	Helmet	闪耀箭头面具	Blinding Arrow's Mask	Natural_Enemy_Mask	4	1
2133153	Gloves	阿克莉娅皮制手套	Acria Leather Gloves	Arcria_Leather_Gloves	6	1
2133160	Gloves	野蛮族皮制手套	Barbarian Leather Gloves	Barbarian_Leather_Gloves_I	6	1
2133162	Boots	野蛮族皮制鞋子	Barbarian Leather Greaves	Barbarian_Leather_Boots_II	7	1
2133165	Gloves	半兽人盗贼皮制手套	Orc Bandit's Leather Gloves	Bandit_Leather_Gloves_II	6	1
2133166	Boots	盗贼皮制鞋子	Bandit's Leather Greaves	Bandit_Leather_Boots	7	1
2133172	ChestArmor	豺狗皮制盔甲	Jackals' Leather Armor	North_Mercenary_Leather_Armor_I	5	1
2133173	ChestArmor	豺狗皮制盔甲	Jackals' Leather Armor	North_Mercenary_Leather_Armor_II	5	1
2133174	ChestArmor	豺狗皮制盔甲	Jackals' Leather Armor	North_Mercenary_Leather_Armor_III	5	1
2133177	ChestArmor	豺狗皮制盔甲	Jackals' Leather Armor	North_Mercenary_Leather_Armor_IV	5	1
2133182	Helmet	鬣狗头盔	Hyena Helm	Hyena_Leather_Helm	4	1
2133190	Gloves	绝缘手套	Insulated Gloves	Protect_Electric_Leather_Gloves	6	1
2133193	Helmet	粗糙的恶魔面具	Crude Devil Mask	Crude_Devil_Mask	4	1
2133199	Helmet	金风商会私兵布制头盔	Goldleaf Soldier Cloth Headband	Goblin_Merchant_Fabric_Helm	4	1
2133200	Helmet	金风商会尖顶皮制头盔	Goldleaves' Cone Leather Helm	Goblin_Merchant_Soldier_Leather_Helm_I	4	1
2133201	Boots	金风商会短皮制鞋子	Goldleaves' Short Leather Boots	Goblin_Merchant_Soldier_Leather_Boots	7	1
2133202	Helmet	金风商会皮制头盔	Goldleaves' Leather Helm	Goblin_Merchant_Soldier_Leather_Helm_II	4	1
2133203	Boots	火焰骑士团皮制鞋子	Flame Knight's Leather Boots	Dragon_Slayer_Leather_Boots	7	1
2133205	ChestArmor	影叶服装	Shadowleaf Outfit	Optionary_Ent_Cloth	5	1
2133206	Helmet	影叶头盔	Shadowleaf Helm	Optionary_Ent_Helm	4	1
2133207	Gloves	影叶手套	Shadowleaf Gloves	Optionary_Ent_Gloves	6	1
2133208	Boots	影叶鞋子	Shadowleaf Boots	Optionary_Ent_Boots	7	1
2600012	ChestArmor	战场之光板金盔甲	Light of the Battlefield Plate Armor	Demian_PlateArmor_Armor_II	5	1
2600019	Helmet	白色腥风板金头盔	White Bloodwind Plate Helm	Demian_PlateArmor_Helm_I	4	1
2600030	Gloves	白色腥风板金手套	White Bloodwind Plate Gloves	Demian_PlateArmor_Gloves_III	6	1
2600031	Gloves	飘零的纯白板金手套	Fluttering Radiance Plate Gloves	Demian_PlateArmor_Gloves_I	6	1
2600032	Gloves	战场之光板金手套	Light of the Battlefield Plate Gloves	Demian_PlateArmor_Gloves_II	6	1
2600036	Boots	白色腥风皮制鞋子	White Bloodwind Leather Boots	DamianOnly_Leather_Boots_III	7	1
2600043	Gloves	黄金光辉板金手套	Goldlight Plate Gloves	Demian_PlateArmor_Gloves_IV	6	1
2600045	Helmet	黄金光辉板金头盔	Goldlight Plate Helm	Demian_PlateArmor_Helm_IV	4	1
2600046	Boots	黄金光辉板金鞋子	Goldlight Plate Boots	Demian_Plate_Boots_III	7	1
2600047	ChestArmor	疾风大作板金盔甲	Raging Tempest's Plate Armor	Raging_Tempests_Leader_PlateArmor_Armor	5	1
2600048	Helmet	疾风大作板金头盔	Raging Tempest's Plate Helm	Raging_Tempests_Leader_PlateArmor_Helm	4	1
2600049	Boots	疾风大作板金鞋子	Raging Tempest's Plate Boots	Raging_Tempests_Leader_Plate_Boots	7	1
2600050	Gloves	疾风大作皮制手套	Raging Tempest's Leather Gloves	Raging_Tempests_Leader_Leather_Gloves	6	1
10021700	TwoHandWeapon		Woldo	Moon_Blade_TwoHandSword	65535	2
10021720	Misc		Crude Gold Bar	GoldBar_Fake	65535	2
15724234	ChestArmor	杜罗尔板金盔甲	Dreer Plate Armor	Duroar_PlateArmor_Armor_I	65535	2
64382088	HorseGear	威尔斯军用马面	Wells Military Champron	Marni_HorseArmor_Helm	65535	2
72407918	Boots	沙漠克雷斯皮制鞋子	Desert Clays Leather Boots	Clays_Leather_Boots_I	65535	2
131106998	Gloves	北部佣兵团皮制手套	Northern Freesword's Leather Gloves	North_Mercenary_Leather_Gloves_III	65535	2
168348564	ChestArmor	基林板金盔甲	Killian Plate Armor	Killeen_PlateArmor_Armor_I	65535	2
207071708	Gloves	盗贼鳞片皮制手套	Bandit's Scale Leather Gloves	Bandit_Leather_Gloves_III	65535	2
241185986	ChestArmor	黑铁斯皮塔尔板金盔甲	Blacksteel Spiddle Plate Armor	Spital_PlateArmor_Armor_II	65535	2
254143257	Misc	德雷西亚小型旗帜	Small Delesyian Banner Pike	Delesyian_Flag	65535	2
307120826	Boots	红褐色雷吉斯皮制鞋子	Russet Rhegis Leather Boots	Tionis_Leather_Boots_I	65535	2
333963940	Helmet	红刃防毒面具	Scarlet Blades Gas Mask	Drug_Leather_Helm	65535	2
356742259	Helmet	福罗林花瓣帽	Pororin Petal Hat	Florin_Fabric_Helm	65535	2
358535569	ChestArmor	拉诺克板金盔甲	Lanauk Plate Armor	Lanok_PlateArmor_Armor_I	65535	2
364307754	Boots	黑铁杜梅尼斯板金鞋子	Blacksteel Dumenis Plate Boots	Duemeniss_Plate_Boots_I	65535	2
372030540	ChestArmor	克雷伊尔板金盔甲	Crail Plate Armor	Crail_PlateArmor_Armor_I	65535	2
391518521	Misc	白角耳环	White Horn's Earring	WhiteHorn_Earring	65535	2
391518523	Misc	雷电项链	Necklace of Lightning	Titan_Necklace	65535	2
391518535	Misc	黑暗誓约	Oath of Darkness	Antumbra_DarkDeacon_Earring	65535	2
391518536	Misc	黑暗印记	Mark of Darkness	Antumbra_DarkDeacon_Ring	65535	2
391518537	Misc	黑暗圣物	Relic of Darkness	Antumbra_DarkDeacon_Necklace	65535	2
391518539	Misc	卡岚达项链	Karanda's Necklace	Karanda_Necklace	65535	2
391518540	Misc	女巫的耳环	Witch's Earring	Hexe_Earring	65535	2
391518541	Misc	漆黑之印	Seal of Pitch-Black Darkness	Antumbra_King_Ring	65535	2
391518544	Misc	古代耳环	Ancient Earring	Ancient_People_Earring	65535	2
391518545	Misc	古代戒指	Ancient Ring	Ancient_People_Ring	65535	2
391518546	Misc	古代人项链	Ancient's Necklace	Ancient_People_Necklace	65535	2
396540194	Helmet	布利德毒品防毒面具	Bleed Bandits' Gas Mask	Drug_Leather_Helm_I	65535	2
421702358	Helmet	马因特板金头盔	Mentz Plate Helm	Maint_PlateArmor_Helm_I	65535	2
548500852	Boots	莱吉斯皮制鞋子	Rhegis Leather Boots	ReiGhis_Leather_Boots_II	65535	2
603025121	Boots	大型雷吉斯皮制鞋子	Large Rhegis Leather Boots	ReiGhis_Leather_Boots_III	65535	2
603466718	Helmet	黑铁拉克西娅板金头盔	Blacksteel Renkshaw Plate Helm	Larksia_PlateArmor_Helm_I	65535	2
607613578	Misc	沉重的桶	Heavy Bucket	BucketHeavy	65535	2
653811650	Boots	磨损的萨兰托斯皮制鞋子	Worn Sarantos Leather Boots	Sarantos_Leather_Boots_II	65535	2
663954313	Helmet	黑铁迪斯卡奥板金头盔	Blacksteel Descao Plate Helm	Discao_PlateArmor_Helm_II	65535	2
697368607	Boots	格罗特班特板金鞋子	Grotevant Plate Boots	WellsKnight_Plate_Boots	65535	2
717967359	ChestArmor	黑铁斯皮塔尔板金盔甲	Blacksteel Spiddle Plate Armor	Spital_PlateArmor_Armor_III	65535	2
725927704	ChestArmor	卡努斯蒂板金盔甲	Canusti Plate Armor	Canusti_PlateArmor_Armor_I	65535	2
757125333	Misc	拐杖	Crutch	Crutch	65535	2
778010658	ChestArmor	库南板金盔甲	Kunan Plate Armor	Kunan_PlateArmor_Armor_I	65535	2
817864642	Helmet	杜梅尼斯板金头盔	Dumenis Plate Helm	Duemeniss_PlateArmor_Helm_I	65535	2
826724264	Helmet	黑铁利库亚板金头盔	Blacksteel Longia Plate Helm	Likua_PlateArmor_Helm_I	65535	2
985752493	ChestArmor	瓦尔基德板金盔甲	Valkyder Plate Armor	Valkyder_PlateArmor_Armor_I	65535	2
991362150	ChestArmor	埃德塞尔板金盔甲	Edzel Plate Armor	Edzel_PlateArmor_Armor_I	65535	2
1081266995	Gloves	红褐色帕维斯皮制手套	Russet Pavis Leather Gloves	Tesslit_Leather_Gloves_II	65535	2
1098923719	Helmet	黑铁罗塔斯板金头盔	Blacksteel Lotas Plate Helm	Lotas_PlateArmor_Helm_I	65535	2
1133297555	Gloves	佩尔辛皮制手套	Persein Leather Gloves	Persein_Leather_Gloves_I	65535	2
1161943162	ChestArmor	肯摩尔板金盔甲	Kenmore Plate Armor	Kenmore_PlateArmor_Armor_I	65535	2
1171111484	Boots	盗贼皮制鞋子	Bandit's Leather Greaves	Bandit_Leather_Boots_II	65535	2
1180141522	Backpack	空背囊	Empty Pack	Empty_BackPack	65535	2
1223655963	Boots	帕维斯皮制鞋子	Pavis Leather Boots	Pavis_Leather_Boots_I	65535	2
1345841793	Misc	陶罐盖	Jar Lid	Pot_Head	65535	2
1375302422	Misc	大篮子	Wide Basket	FlatBasket	65535	2
1467029611	ChestArmor	邓弗林板金盔甲	Dunverline Plate Armor	Dunfermline_PlateArmor_Armor_I	65535	2
1471558076	Helmet	鸟嘴板金头盔	Beaked Plate Helm	Matiras_PlateArmor_Helm_I	65535	2
1473348912	ChestArmor	格罗特班特板金盔甲	Grotevant Plate Armor	WellsKnight_PlateArmor_Armor	65535	2
1483457479	Helmet	审判官板金头盔	Inquisitor's Plate Helm	Kayson_PlateArmor_Helm_I	65535	2
1504916963	Misc	索鲁曼大祭司权杖	Solumen Priest's Big Staff	PriestWand_Big	65535	2
1517182727	Gloves	卡拉科鲁姆皮制手套	Cacoreum Leather Gloves	Karacorum_Leather_Gloves_I	65535	2
1561082555	Gloves	大型帕维斯皮制手套	Large Pavis Leather Gloves	Tesslit_Leather_Gloves_III	65535	2
1562354751	HorseGear	迪克拉尔马甲	Exclaire Barding	Marni_HorseArmor_Armor	65535	2
1578535467	OneHandWeapon	金色火焰	Golden Fire	Legendary_GoldStar_OneHandCannon	65535	2
1605136458	ChestArmor	雷文板金盔甲	Levin Plate Armor	Raven_PlateArmor_Armor_I	65535	2
1606223798	Gloves	帕汀皮制手套	Patten's Leather Gloves	Patent_Leather_Gloves_I	65535	2
1608016770	ChestArmor	黑铁洛奇板金盔甲	Blacksteel Roshee Plate Armor	Rochi_PlateArmor_Armor_I	65535	2
1623232302	Gloves	卡利奥皮制手套	Calio's Leather Gloves	Calio_Leather_Gloves_I	65535	2
1624616903	ChestArmor	缪尔板金盔甲	Meyer Plate Armor	Mueo_PlateArmor_Armor_II	65535	2
1651409807	Gloves	黑铁拉提板金手套	Blacksteel Ratti Plate Gloves	Ratti_PlateArmor_Gloves_I	65535	2
1657061401	Helmet	审判官板金头盔	Inquisitor's Plate Helm	Raphtha_PlateArmor_Helm_III	65535	2
1675016612	OneHandWeapon	半兽人手持火炮	Orc Blaster	Orc_OneHandCannon	65535	2
1675016613	OneHandWeapon	钢铁手持火炮	Steel Blaster	Steel_OneHandCannon	65535	2
1675016614	OneHandWeapon	强化的钢铁手持火炮	Reinforced Steel Blaster	ReinforcedSteel_OneHandCannon	65535	2
1697671129	Helmet	大型恩拉特板金头盔	Large Enratte Plate Helm	Enratte_PlateArmor_Helm_I	65535	2
1706487241	ChestArmor	金洛克板金盔甲	Kinloch Plate Armor	Kinloch_PlateArmor_Armor_I	65535	2
1732262875	ChestArmor	雷文板金盔甲	Levin Plate Armor	Raven_PlateArmor_Armor_II	65535	2
1777388687	ChestArmor	罗克奥板金盔甲	Rhogo Plate Armor	Rocko_PlateArmor_Armor_I	65535	2
1783496750	ChestArmor	罗蒙德板金盔甲	Romund Plate Armor	Romaned_PlateArmor_Armor_I	65535	2
1797763897	ChestArmor	缪尔板金盔甲	Meyer Plate Armor	Mueo_PlateArmor_Armor_III	65535	2
1817529193	Boots	黑铁拉图亚板金鞋子	Blacksteel Lattua Plate Boots	Lattua_Plate_Boots_I	65535	2
1818402956	ChestArmor	邓迪板金盔甲	Dundree Plate Armor	Dendi_PlateArmor_Armor_I	65535	2
1830330393	Boots	大型克雷斯皮制鞋子	Large Clays Leather Boots	Clays_Leather_Boots_II	65535	2
1865534197	ChestArmor	金罗斯板金盔甲	Kinross Plate Armor	Kinross_PlateArmor_Armor_I	65535	2
1876071146	ChestArmor	黑铁库坎板金盔甲	Blacksteel Coogan Plate Armor	Kukan_PlateArmor_Armor_I	65535	2
1918672776	Helmet	德梅尼斯士兵团硫磺防毒面具	Demenissian Soldiers' Brimstone Gas Mask	Brimstone_Leather_Helm_I	65535	2
1933331018	Helmet	审判官板金头盔	Inquisitor's Plate Helm	Luconek_PlateArmor_Helm_II	65535	2
1955057078	Helmet	格罗特班特板金头盔	Grotevant Plate Helm	WellsKnight_PlateArmor_Helm	65535	2
2019832942	Gloves	戴路尼皮制手套	Delinell's Leather Gloves	Deernil_Leather_Gloves_I	65535	2
2048616564	Helmet	黑铁毛提板金头盔	Blacksteel Mottie Plate Helm	Mautey_PlateArmor_Helm_I	65535	2
2053286856	Helmet	布利德毒品简易防毒面具	Bleed Bandits' Makeshift Gas Mask	Drug_Leather_Helm_II	65535	2
2058140396	ChestArmor	本尼维斯板金盔甲	Vennebis Plate Armor	Vennebis_PlateArmor_Armor_I	65535	2
2062522806	ChestArmor	审判者的板金盔甲	Condemner's Plate Armor	Kurinan_PlateArmor_Armor_I	65535	2
2076353107	ChestArmor	卡图南锁链盔甲	Katunan Chain Mail	Katunan_ChainMail_Armor_I	65535	2
2093797664	ChestArmor	布雷金板金盔甲	Brejin Plate Armor	Brejin_PlateArmor_Armor_I	65535	2
2094675372	Gloves	格罗特班特板金手套	Grotevant Plate Gloves	WellsKnight_PlateArmor_Gloves	65535	2
2139742131	ChestArmor	达拉维奇板金盔甲	Dalbich Plate Armor	Dallabici_PlateArmor_Armor_I	65535	2
